,design,n,mpnn,plddt,ptm,pae,rmsd,seq
0,0,0,1.4985957029698778,0.7356771230697632,0.04870650917291641,4.56076292693615,2.2828586101531982,VVDTALRVP
1,0,1,1.282147432598083,0.7289295196533203,0.04903018847107887,4.526235520839691,1.6765471696853638,VVDDRLRVP
2,0,2,1.6526063397376978,0.7770620584487915,0.04566458985209465,5.8785979598760605,1.9768562316894531,VIRDEEIVP
3,0,3,1.6164188565731703,0.7876791954040527,0.0460636243224144,5.45169934630394,2.062044143676758,VVRDEEIVP
4,0,4,1.5216472926716667,0.7635838389396667,0.04588961601257324,5.381181120872498,1.9928977489471436,VVDDQERVP
5,0,5,1.5590991161825032,0.8059536218643188,0.04975646734237671,4.0598547756671906,2.4938554763793945,VVRDELIVP
6,0,6,1.2826086003569361,0.742872953414917,0.04848162457346916,4.97598472237587,2.5104660987854004,VVDDRERVP
7,0,7,1.4938776277791719,0.7604616284370422,0.045999348163604736,4.902805745601654,2.0446927547454834,VLDTREIVP
8,0,8,1.416594271940224,0.7871478796005249,0.04869704693555832,4.672225773334503,2.5029525756835938,VVDTRLRVP
9,0,9,1.3698350440805476,0.7313344478607178,0.047775980085134506,5.227755546569824,1.6900813579559326,VLDTRLRVP
10,0,10,1.4885415948117053,0.7774565815925598,0.048137981444597244,4.498699977993965,2.3947653770446777,VLDTAERVP
11,0,11,1.4996594935549554,0.729367733001709,0.04741840437054634,4.603288292884827,1.8601480722427368,LVDDAERVP
12,0,12,1.2789190198675326,0.742872953414917,0.04848162457346916,4.97598472237587,2.5104660987854004,VVDDRERVP
13,0,13,1.5603826690926235,0.7502799034118652,0.0439363531768322,5.648970037698746,2.241234540939331,VVDDEERVP
14,0,14,1.4921248174353638,0.7774565815925598,0.048137981444597244,4.498699977993965,2.3947653770446777,VLDTAERVP
15,0,15,1.4951860093351828,0.7774565815925598,0.048137981444597244,4.498699977993965,2.3947653770446777,VLDTAERVP
16,0,16,1.5114648126656365,0.7635838389396667,0.04588961601257324,5.381181120872498,1.9928977489471436,VVDDQERVP
17,0,17,1.5198682132363877,0.7356771230697632,0.04870650917291641,4.56076292693615,2.2828586101531982,VVDTALRVP
18,0,18,1.4077791125497146,0.7587495446205139,0.048641838133335114,4.732702895998955,2.034494638442993,VVDDAERVP
19,0,19,1.3747925776200034,0.7922766804695129,0.047031816095113754,4.991986647248268,1.7680052518844604,VLDTRERVP
20,0,20,1.3966454251983547,0.7167401313781738,0.04726099222898483,5.305584371089935,1.7392103672027588,VLDTRLRLP
21,0,21,1.2708246627568602,0.7289295196533203,0.04903018847107887,4.526235520839691,1.6765471696853638,VVDDRLRVP
22,0,22,1.5027178111863517,0.766658365726471,0.04477137327194214,5.552224472165108,2.303788661956787,VVDDQERIP
23,0,23,1.3818871959590764,0.7313344478607178,0.047775980085134506,5.227755546569824,1.6900813579559326,VLDTRLRVP
24,0,24,1.266639165000738,0.742872953414917,0.04848162457346916,4.97598472237587,2.5104660987854004,VVDDRERVP
25,0,25,1.3627682975356141,0.7922766804695129,0.047031816095113754,4.991986647248268,1.7680052518844604,VLDTRERVP
26,0,26,1.311542496283582,0.7247841358184814,0.04805264621973038,4.980477049946785,1.7768203020095825,VVDDRLRLP
27,0,27,1.3876053940402033,0.7313344478607178,0.047775980085134506,5.227755546569824,1.6900813579559326,VLDTRLRVP
28,0,28,1.338116889367509,0.7289295196533203,0.04903018847107887,4.526235520839691,1.6765471696853638,VVDDRLRVP
29,0,29,1.4081390318854217,0.748050332069397,0.0471484549343586,4.696679279208183,1.6936641931533813,VVDTRERVP
30,0,30,1.559261591821242,0.7901865243911743,0.045095477253198624,5.380989879369736,2.368208885192871,VVDDQEIVP
31,0,31,1.428505084649302,0.760017454624176,0.050456952303647995,3.8213163390755653,1.7317503690719604,VVDDRLLVP
32,0,32,1.4491097513627986,0.7514434456825256,0.04674898833036423,4.856264770030975,2.0625858306884766,VVDEAERVP
33,0,33,1.5958629166567233,0.7634260654449463,0.04795220121741295,4.66064365208149,1.95696222782135,VVDEALQVP
34,0,34,1.2435270136685554,0.7289295196533203,0.04903018847107887,4.526235520839691,1.6765471696853638,VVDDRLRVP
35,0,35,1.415176737722905,0.7587495446205139,0.048641838133335114,4.732702895998955,2.034494638442993,VVDDAERVP
36,0,36,1.5599833047275955,0.7901865243911743,0.045095477253198624,5.380989879369736,2.368208885192871,VVDDQEIVP
37,0,37,1.2819089676600783,0.742872953414917,0.04848162457346916,4.97598472237587,2.5104660987854004,VVDDRERVP
38,0,38,1.2590805079457583,0.7289295196533203,0.04903018847107887,4.526235520839691,1.6765471696853638,VVDDRLRVP
39,0,39,1.5609770333641866,0.7540920972824097,0.04653695970773697,4.931999176740646,1.8103145360946655,VVDAEERVP
40,0,40,1.4045410471780901,0.7871478796005249,0.04869704693555832,4.672225773334503,2.5029525756835938,VVDTRLRVP
41,0,41,1.4725297209484742,0.7774565815925598,0.048137981444597244,4.498699977993965,2.3947653770446777,VLDTAERVP
42,0,42,1.4305655443667764,0.7249410152435303,0.04858145862817764,4.34967203438282,2.3011839389801025,VVDDALRVP
43,0,43,1.4717904014923475,0.7249410152435303,0.04858145862817764,4.34967203438282,2.3011839389801025,VVDDALRVP
44,0,44,1.518089345728734,0.7683357000350952,0.04717206582427025,5.256368786096573,2.381197214126587,VVDDELRVP
45,0,45,1.7398286310043942,0.7584816217422485,0.04414179548621178,5.418551743030548,1.6326112747192383,KVIDEEKVP
46,0,46,1.4492946052342566,0.7648481726646423,0.04543939232826233,5.171543478965759,2.213062286376953,VVDEREIVP
47,0,47,1.4596368455563224,0.7076756954193115,0.047932032495737076,4.673719674348831,1.8502066135406494,VIDDALRVP
48,0,48,1.3960531007301882,0.7673508524894714,0.04724247008562088,5.044503226876259,2.315234422683716,VVDDREVVP
49,0,49,1.2939724311756255,0.742872953414917,0.04848162457346916,4.97598472237587,2.5104660987854004,VVDDRERVP
50,0,50,1.4872652209499033,0.7774565815925598,0.048137981444597244,4.498699977993965,2.3947653770446777,VLDTAERVP
51,0,51,1.4189136277433618,0.7313344478607178,0.047775980085134506,5.227755546569824,1.6900813579559326,VLDTRLRVP
52,0,52,1.3751886405499882,0.7922766804695129,0.047031816095113754,4.991986647248268,1.7680052518844604,VLDTRERVP
53,0,53,1.584379485807056,0.7590013146400452,0.04557617008686066,5.730683743953705,1.7397490739822388,VLDTEERVP
54,0,54,1.3681581667427296,0.7476497888565063,0.04838186129927635,5.3580755442380905,1.8073256015777588,VIDDRERVP
55,0,55,1.512535398180211,0.7556349039077759,0.0472586490213871,5.051445662975311,2.2510623931884766,VVDDELRLP
56,0,56,1.3159235899926864,0.694015622138977,0.04622342064976692,5.899138405919075,1.988032341003418,VVDDRERIP
57,0,57,1.4128514976167867,0.7587495446205139,0.048641838133335114,4.732702895998955,2.034494638442993,VVDDAERVP
58,0,58,1.441329782262014,0.7873040437698364,0.04619795083999634,5.087827280163765,2.364208459854126,VVDDREIVP
59,0,59,1.3873692338151273,0.7922766804695129,0.047031816095113754,4.991986647248268,1.7680052518844604,VLDTRERVP
60,0,60,1.446582246206229,0.7035377025604248,0.04839814454317093,4.348952800035477,2.164569854736328,VVDAAERVP
61,0,61,1.2820630721576047,0.7289295196533203,0.04903018847107887,4.526235520839691,1.6765471696853638,VVDDRLRVP
62,0,62,1.7221356743645242,0.8312253952026367,0.047368329018354416,3.940825879573822,2.1520819664001465,VVVEQEIVP
63,0,63,1.455664709248675,0.7871965765953064,0.04668755456805229,4.7445875853300095,2.3279776573181152,VLDTREVVP
