pep	len	model_A0201	MSi_A0201	prank.MSi_A0201	best.MSi	best.MSi_allele	assign.MSi_scores	assign.MSi_allele
GMLPAPPL	8	panpan	0.775237521529198	1.55730311460623	0.775237521529198	A0201	0.775237521529198	A0201
VRESPEVT	8	panpan	0.0081879214112026	32.0509641019282	0.0081879214112026	A0201	NA	unknown
PTMTPAPP	8	panpan	0.0107755958079603	29.2193584387169	0.0107755958079603	A0201	NA	unknown
PVSLPAPP	8	panpan	0.0531623858701399	15.6285312570625	0.0531623858701399	A0201	NA	unknown
SSLIVVPG	8	panpan	0.0582545208123823	14.98892997786	0.0582545208123823	A0201	NA	unknown
SSLIVVPG	8	panpan	0.0582545208123823	14.98892997786	0.0582545208123823	A0201	NA	unknown
MLTFPVSL	8	panpan	0.741499758015076	1.75860351720704	0.741499758015076	A0201	0.741499758015076	A0201
MVPEPIAS	8	panpan	0.236507729813456	6.78951357902716	0.236507729813456	A0201	0.236507729813456	A0201
MVPEPIAN	8	panpan	0.119861610854665	10.3841207682415	0.119861610854665	A0201	0.119861610854665	A0201
MVPEPVAS	8	panpan	0.214187610770265	7.28021456042912	0.214187610770265	A0201	0.214187610770265	A0201
GLPPSVAF	8	panpan	0.35324645737807	4.91790983581967	0.35324645737807	A0201	0.35324645737807	A0201
GLPPTVAF	8	panpan	0.424899282523741	4.10380820761641	0.424899282523741	A0201	0.424899282523741	A0201
GLPPSVTF	8	panpan	0.425414340135952	4.09710819421639	0.425414340135952	A0201	0.425414340135952	A0201
GLPPTVTF	8	panpan	0.516218658381452	3.2727065454131	0.516218658381452	A0201	0.516218658381452	A0201
GLPPAVAF	8	panpan	0.360292263608426	4.83190966381932	0.360292263608426	A0201	0.360292263608426	A0201
GLPPVVTF	8	panpan	0.64241004139185	2.37290474580949	0.64241004139185	A0201	0.64241004139185	A0201
GLPPSVSF	8	panpan	0.313276595358426	5.4729109458219	0.313276595358426	A0201	0.313276595358426	A0201
GLPPSVQF	8	panpan	0.49837200405697	3.4252068504137	0.49837200405697	A0201	0.49837200405697	A0201
PLEVPFAT	8	panpan	0.0294022140675224	20.0987401974804	0.0294022140675224	A0201	NA	unknown
SSLLVAPA	8	panpan	0.1567480986317	8.8985177970356	0.1567480986317	A0201	0.1567480986317	A0201
SSLLVTPA	8	panpan	0.176587521160642	8.26331652663306	0.176587521160642	A0201	0.176587521160642	A0201
SSLLVAPS	8	panpan	0.0441034481239816	16.9618339236678	0.0441034481239816	A0201	NA	unknown
SSLLVTPS	8	panpan	0.0730675180520241	13.4555269110538	0.0730675180520241	A0201	NA	unknown
PLPPSVTF	8	panpan	0.0846491705277003	12.50422500845	0.0846491705277003	A0201	NA	unknown
MLPPSVTF	8	panpan	0.616186356917024	2.53570507141014	0.616186356917024	A0201	0.616186356917024	A0201
PLPPPVTF	8	panpan	0.226272417527313	7.001114002228	0.226272417527313	A0201	0.226272417527313	A0201
PLPPDVTF	8	panpan	0.10149538628563	11.3765227530455	0.10149538628563	A0201	0.10149538628563	A0201
PLPPTVTF	8	panpan	0.114049429035125	10.6674213348427	0.114049429035125	A0201	0.114049429035125	A0201
PLPPPVAF	8	panpan	0.184194990899414	8.05141610283221	0.184194990899414	A0201	0.184194990899414	A0201
MLLDEKLT	8	panpan	0.374337462987751	4.66250932501865	0.374337462987751	A0201	0.374337462987751	A0201
AAMPPVVP	8	panpan	0.125911768898368	10.1077202154404	0.125911768898368	A0201	0.125911768898368	A0201
AHMPPVVA	8	panpan	0.238337493971145	6.751813503627	0.238337493971145	A0201	0.238337493971145	A0201
AAMPPVVA	8	panpan	0.504899616787831	3.36270672541346	0.504899616787831	A0201	0.504899616787831	A0201
AHMPPVVG	8	panpan	0.0616515712909556	14.6133292266585	0.0616515712909556	A0201	NA	unknown
SHMPPVVA	8	panpan	0.17644757203719	8.26691653383307	0.17644757203719	A0201	0.17644757203719	A0201
AAMPPVVG	8	panpan	0.155812941522648	8.93061786123572	0.155812941522648	A0201	0.155812941522648	A0201
AAAEVTAT	8	panpan	0.105282915615438	11.1444222888446	0.105282915615438	A0201	0.105282915615438	A0201
AAAEVTAA	8	panpan	0.476844434657445	3.62090724181449	0.476844434657445	A0201	0.476844434657445	A0201
PVLVTPPL	8	panpan	0.183890558717151	8.06011612023224	0.183890558717151	A0201	0.183890558717151	A0201
PVLVTPPF	8	panpan	0.00729250843481471	33.2977665955332	0.00729250843481471	A0201	NA	unknown
MTAPSTGP	8	panpan	0.0192913099614088	23.6895473790948	0.0192913099614088	A0201	NA	unknown
MTAPVTGP	8	panpan	0.0840349547797814	12.5485250970502	0.0840349547797814	A0201	NA	unknown
GMPLPVPP	8	panpan	0.133191754948348	9.80171960343921	0.133191754948348	A0201	0.133191754948348	A0201
AVTPMPPP	8	panpan	0.0955947280240556	11.7308234616469	0.0955947280240556	A0201	NA	unknown
SAPPIAPP	8	panpan	0.066453996556811	14.0889281778564	0.066453996556811	A0201	NA	unknown
SSLMVTPA	8	panpan	0.0942786825199922	11.8173236346473	0.0942786825199922	A0201	NA	unknown
EGLMVTPA	8	panpan	0.023491360732199	21.9633439266879	0.023491360732199	A0201	NA	unknown
SSIMVSPA	8	panpan	0.0895964656956494	12.1364242728485	0.0895964656956494	A0201	NA	unknown
SSLMVSPA	8	panpan	0.0494345813523978	16.1401322802646	0.0494345813523978	A0201	NA	unknown
TQQPAPML	8	panpan	0.642066505551338	2.37620475240951	0.642066505551338	A0201	0.642066505551338	A0201
AQQPAPML	8	panpan	0.780182812611262	1.52680305360611	0.780182812611262	A0201	0.780182812611262	A0201
AQEPAPML	8	panpan	0.719269771377246	1.88940377880755	0.719269771377246	A0201	0.719269771377246	A0201
AQTPAPML	8	panpan	0.842000128825506	1.18640237280474	0.842000128825506	A0201	0.842000128825506	A0201
AQTPAPML	8	panpan	0.842000128825506	1.18640237280474	0.842000128825506	A0201	0.842000128825506	A0201
MQQPSPML	8	panpan	0.780957436561584	1.52330304660609	0.780957436561584	A0201	0.780957436561584	A0201
TQEPAPML	8	panpan	0.609332030018171	2.58270516541033	0.609332030018171	A0201	0.609332030018171	A0201
RHMELPEV	8	panpan	0.802696550885836	1.40900281800563	0.802696550885836	A0201	0.802696550885836	A0201
RHMWLPEV	8	panpan	0.500078295667966	3.40750681501363	0.500078295667966	A0201	0.500078295667966	A0201
GVSPPEPV	8	panpan	0.544080952306588	3.04300608601217	0.544080952306588	A0201	0.544080952306588	A0201
GLQPPVPI	8	panpan	0.615925556917985	2.53610507221015	0.615925556917985	A0201	0.615925556917985	A0201
GLSPPEPI	8	panpan	0.68761673172315	2.08530417060834	0.68761673172315	A0201	0.68761673172315	A0201
PFDPVYAG	8	panpan	0.0158683816155341	25.4566509133018	0.0158683816155341	A0201	NA	unknown
PLPPVVPP	8	panpan	0.207060889340937	7.4514149028298	0.207060889340937	A0201	0.207060889340937	A0201
PLPPVVPA	8	panpan	0.574190982927879	2.82070564141128	0.574190982927879	A0201	0.574190982927879	A0201
MLVPVVPP	8	panpan	0.377951421340307	4.61970923941848	0.377951421340307	A0201	0.377951421340307	A0201
MLPPVVPA	8	panpan	0.973653320471446	0.377000754001511	0.973653320471446	A0201	0.973653320471446	A0201
PLTPVVPP	8	panpan	0.108486364609174	10.9608219216438	0.108486364609174	A0201	0.108486364609174	A0201
MLPPVVPP	8	panpan	0.591576582193375	2.7009054018108	0.591576582193375	A0201	0.591576582193375	A0201
MMPVVPAF	8	panpan	0.591916021704674	2.7000054000108	0.591916021704674	A0201	0.591916021704674	A0201
MMPVTPAF	8	panpan	0.322004243483146	5.34371068742138	0.322004243483146	A0201	0.322004243483146	A0201
MMPVVPPF	8	panpan	0.1974393464004	7.68511537023074	0.1974393464004	A0201	0.1974393464004	A0201
MMLVVPAF	8	panpan	0.552977717916171	2.97790595581191	0.552977717916171	A0201	0.552977717916171	A0201
MEVAPSFA	8	panpan	0.0374649549662233	18.1799363598727	0.0374649549662233	A0201	NA	unknown
MKVAPSHA	8	panpan	0.0385789587300678	17.9500359000718	0.0385789587300678	A0201	NA	unknown
PAMPPVVT	8	panpan	0.0214049314750203	22.7679455358911	0.0214049314750203	A0201	NA	unknown
PAMPPVVQ	8	panpan	0.0154071682288001	25.7304514609029	0.0154071682288001	A0201	NA	unknown
PMMPPVVT	8	panpan	0.0915122901448437	11.999323998648	0.0915122901448437	A0201	NA	unknown
AAMPPVVT	8	panpan	0.187224487448111	7.96261592523185	0.187224487448111	A0201	0.187224487448111	A0201
PGMPPVVT	8	panpan	0.011808832375876	28.3120566241132	0.011808832375876	A0201	NA	unknown
PAMPPTVT	8	panpan	0.0161618845580961	25.2827505655011	0.0161618845580961	A0201	NA	unknown
SSLPPPVQ	8	panpan	0.0533303490718633	15.6050312100624	0.0533303490718633	A0201	NA	unknown
SSLPPPVT	8	panpan	0.0864487945373791	12.3712247424495	0.0864487945373791	A0201	NA	unknown
SSLPPAVQ	8	panpan	0.0411434811535097	17.4739349478699	0.0411434811535097	A0201	NA	unknown
PMYVEAVT	8	panpan	0.0443046085924531	16.9267338534677	0.0443046085924531	A0201	NA	unknown
PVYVDPVT	8	panpan	0.0808961143406729	12.7860255720511	0.0808961143406729	A0201	NA	unknown
PVFVDPVN	8	panpan	0.0293185033423166	20.1260402520805	0.0293185033423166	A0201	NA	unknown
SSMPPNVQ	8	panpan	0.0198600178249762	23.4306468612937	0.0198600178249762	A0201	NA	unknown
SSMPPSVQ	8	panpan	0.0133809603632206	27.0739541479083	0.0133809603632206	A0201	NA	unknown
SSMPPDVQ	8	panpan	0.0130026896353835	27.3506547013094	0.0130026896353835	A0201	NA	unknown
SSMPPDVA	8	panpan	0.0588602487886722	14.9247298494597	0.0588602487886722	A0201	NA	unknown
SSVPPSVQ	8	panpan	0.016925391001799	24.8623497246994	0.016925391001799	A0201	NA	unknown
SSMPPTVQ	8	panpan	0.0233776642511354	22.003444006888	0.0233776642511354	A0201	NA	unknown
MHMPAFAL	8	panpan	0.392512165661901	4.45330890661781	0.392512165661901	A0201	0.392512165661901	A0201
MHPPAFAA	8	panpan	0.178520242764595	8.21101642203285	0.178520242764595	A0201	0.178520242764595	A0201
MSMPAFAL	8	panpan	0.631958237290382	2.43870487740976	0.631958237290382	A0201	0.631958237290382	A0201
SGPPVTPQ	8	panpan	0.0658740306273103	14.1476282952566	0.0658740306273103	A0201	NA	unknown
MPPVTSFA	8	panpan	0.0751491196919233	13.2687265374531	0.0751491196919233	A0201	NA	unknown
MPPVTSFA	8	panpan	0.0751491196919233	13.2687265374531	0.0751491196919233	A0201	NA	unknown
MPPVTSFA	8	panpan	0.0751491196919233	13.2687265374531	0.0751491196919233	A0201	NA	unknown
MVPPVIPA	8	panpan	0.909269642829895	0.80350160700321	0.909269642829895	A0201	0.909269642829895	A0201
MVPPVVPA	8	panpan	0.919605350494385	0.740301480602956	0.919605350494385	A0201	0.919605350494385	A0201
MVPPVLPA	8	panpan	0.85626558860143	1.10390220780442	0.85626558860143	A0201	0.85626558860143	A0201
MVPPVTPA	8	panpan	0.823490043481191	1.29330258660517	0.823490043481191	A0201	0.823490043481191	A0201
GAMPPSVQ	8	panpan	0.014664495241838	26.1949523899048	0.014664495241838	A0201	NA	unknown
GHMPPSVQ	8	panpan	0.0147211226361226	26.1603523207046	0.0147211226361226	A0201	NA	unknown
GAAPPSVQ	8	panpan	0.0299212173083409	19.9573399146798	0.0299212173083409	A0201	NA	unknown
AAAPPSVQ	8	panpan	0.0564459709023746	15.2105304210608	0.0564459709023746	A0201	NA	unknown
AAAPPAVQ	8	panpan	0.116422787384363	10.5482210964422	0.116422787384363	A0201	0.116422787384363	A0201
GAMPPAVQ	8	panpan	0.0270846616639271	20.7715415430831	0.0270846616639271	A0201	NA	unknown
GAAPPAVQ	8	panpan	0.0605418822107216	14.739029478059	0.0605418822107216	A0201	NA	unknown
GAMPPSVT	8	panpan	0.0245266383661753	21.6037432074864	0.0245266383661753	A0201	NA	unknown
MLPEVQTV	8	panpan	0.999765737851461	0.0115000230000439	0.999765737851461	A0201	0.999765737851461	A0201
MLPEHEFV	8	panpan	0.985499318440755	0.266200532401062	0.985499318440755	A0201	0.985499318440755	A0201
GGMPPTVP	8	panpan	0.0122150284511008	27.9791559583119	0.0122150284511008	A0201	NA	unknown
GSMPPVVP	8	panpan	0.0330980584549252	19.1379382758766	0.0330980584549252	A0201	NA	unknown
GGMPPVVP	8	panpan	0.0231738693449491	22.0812441624883	0.0231738693449491	A0201	NA	unknown
GSMPPTVP	8	panpan	0.0205633237139409	23.1303462606925	0.0205633237139409	A0201	NA	unknown
GGMPPTVA	8	panpan	0.048519654510892	16.2784325568651	0.048519654510892	A0201	NA	unknown
MSLPPDVT	8	panpan	0.0463857528161801	16.5998331996664	0.0463857528161801	A0201	NA	unknown
MALPPDVT	8	panpan	0.0568380195242147	15.1635303270607	0.0568380195242147	A0201	NA	unknown
ALPPAVPV	8	panpan	0.961657659212748	0.47670095340191	0.961657659212748	A0201	0.961657659212748	A0201
AVPPAVPT	8	panpan	0.375505011777083	4.6485092970186	0.375505011777083	A0201	0.375505011777083	A0201
SVPPAVPV	8	panpan	0.844473870595296	1.16900233800468	0.844473870595296	A0201	0.844473870595296	A0201
ALPPAVPT	8	panpan	0.569179202119509	2.85760571521143	0.569179202119509	A0201	0.569179202119509	A0201
GVPPSVPV	8	panpan	0.616864906251431	2.53190506381012	0.616864906251431	A0201	0.616864906251431	A0201
AVPPAVPV	8	panpan	0.900270263353984	0.854001708003416	0.900270263353984	A0201	0.900270263353984	A0201
SVPPAVPT	8	panpan	0.220428250730038	7.13481426962854	0.220428250730038	A0201	0.220428250730038	A0201
TQPPVLVS	8	panpan	0.177357211522758	8.23951647903296	0.177357211522758	A0201	0.177357211522758	A0201
MQPPVLIG	8	panpan	0.225996876507998	7.00631401262802	0.225996876507998	A0201	0.225996876507998	A0201
MQPPVLPG	8	panpan	0.173328424183031	8.35811671623343	0.173328424183031	A0201	0.173328424183031	A0201
MQAPVLVG	8	panpan	0.347995445877314	4.98790997581995	0.347995445877314	A0201	0.347995445877314	A0201
ALPPVVGF	8	panpan	0.77203001777331	1.57560315120631	0.77203001777331	A0201	0.77203001777331	A0201
PLPPVVGF	8	panpan	0.120149596221745	10.3703207406415	0.120149596221745	A0201	0.120149596221745	A0201
SLPPVVGF	8	panpan	0.682927625377973	2.11180422360845	0.682927625377973	A0201	0.682927625377973	A0201
PDAEAALL	8	panpan	0.0953261734296878	11.749623499247	0.0953261734296878	A0201	NA	unknown
PLPEAPPP	8	panpan	0.128352459954719	10.00062000124	0.128352459954719	A0201	0.128352459954719	A0201
ALPTAPPP	8	panpan	0.237095695811634	6.77761355522711	0.237095695811634	A0201	0.237095695811634	A0201
ALPTAPPP	8	panpan	0.237095695811634	6.77761355522711	0.237095695811634	A0201	0.237095695811634	A0201
PLPEAAPP	8	panpan	0.128741151513532	9.98561997123995	0.128741151513532	A0201	0.128741151513532	A0201
ALPTAPPT	8	panpan	0.263958948291838	6.25791251582504	0.263958948291838	A0201	0.263958948291838	A0201
SSLPVTPQ	8	panpan	0.0566731483127417	15.1828303656607	0.0566731483127417	A0201	NA	unknown
SSIPVSPQ	8	panpan	0.038657054702829	17.9350358700717	0.038657054702829	A0201	NA	unknown
SSLPVSPQ	8	panpan	0.0283818430827523	20.3886407772816	0.0283818430827523	A0201	NA	unknown
MSLPVSPQ	8	panpan	0.0289157019394528	20.241840483681	0.0289157019394528	A0201	NA	unknown
SSLMVSPQ	8	panpan	0.0156526110460012	25.5835511671023	0.0156526110460012	A0201	NA	unknown
PLPPPVTL	8	panpan	0.791717530290286	1.46190292380585	0.791717530290286	A0201	0.791717530290286	A0201
PLPPAVTL	8	panpan	0.575136694560448	2.81540563081126	0.575136694560448	A0201	0.575136694560448	A0201
MLPPAFTF	8	panpan	0.650054933627446	2.33210466420933	0.650054933627446	A0201	0.650054933627446	A0201
MLPPSFTF	8	panpan	0.687693546464046	2.08480416960833	0.687693546464046	A0201	0.687693546464046	A0201
MLPPAVTF	8	panpan	0.587362202629447	2.72900545801091	0.587362202629447	A0201	0.587362202629447	A0201
MLPPPFTF	8	panpan	0.88906821012497	0.916701833403666	0.88906821012497	A0201	0.88906821012497	A0201
MLPPPVTF	8	panpan	0.841831684112549	1.18710237420475	0.841831684112549	A0201	0.841831684112549	A0201
SLPPSFTF	8	panpan	0.631495038544138	2.44140488280976	0.631495038544138	A0201	0.631495038544138	A0201
GPLGPVEG	8	panpan	0.0203822180672432	23.2003464006928	0.0203822180672432	A0201	NA	unknown
PLMAALAI	8	panpan	0.190621891563448	7.87181574363148	0.190621891563448	A0201	0.190621891563448	A0201
PVAPFSAA	8	panpan	0.372186808039745	4.68800937601875	0.372186808039745	A0201	0.372186808039745	A0201
MMVTPPFA	8	panpan	0.525147717694441	3.19900639801279	0.525147717694441	A0201	0.525147717694441	A0201
MMVTPASA	8	panpan	0.333979401178658	5.17861035722071	0.333979401178658	A0201	0.333979401178658	A0201
MMVSPPFG	8	panpan	0.0852322047421088	12.4609249218498	0.0852322047421088	A0201	NA	unknown
MMVTPAFA	8	panpan	0.403552993386984	4.33420866841734	0.403552993386984	A0201	0.403552993386984	A0201
MSILVTPP	8	panpan	0.0597514534524331	14.8260296520593	0.0597514534524331	A0201	NA	unknown
SSLLVTPP	8	panpan	0.041907426751762	17.3411346822694	0.041907426751762	A0201	NA	unknown
METADVVA	8	panpan	0.0140163225184854	26.6264532529065	0.0140163225184854	A0201	NA	unknown
AQAEVTAA	8	panpan	0.736467158297698	1.78740357480714	0.736467158297698	A0201	0.736467158297698	A0201
TRQPIPGA	8	panpan	0.126397718388277	10.0864201728403	0.126397718388277	A0201	0.126397718388277	A0201
KTEAEIIM	8	panpan	0.193931757782896	7.78051556103112	0.193931757782896	A0201	0.193931757782896	A0201
MTVDVEFV	8	panpan	0.877272160847982	0.986201972403944	0.877272160847982	A0201	0.877272160847982	A0201
MEVPVEEV	8	panpan	0.813161790370941	1.35220270440541	0.813161790370941	A0201	0.813161790370941	A0201
MEVYVEEV	8	panpan	0.661930931856235	2.249904499809	0.661930931856235	A0201	0.661930931856235	A0201
MEIYVEEV	8	panpan	0.752757109204928	1.68780337560676	0.752757109204928	A0201	0.752757109204928	A0201
MVYVEETE	8	panpan	0.00528305991598851	36.8980737961476	0.00528305991598851	A0201	NA	unknown
MVYVLEVE	8	panpan	0.0494531125140687	16.1377322754646	0.0494531125140687	A0201	NA	unknown
MVFVLEVE	8	panpan	0.02479089506863	21.511043022086	0.02479089506863	A0201	NA	unknown
VRDAVIVQF	9	specific	0.0119120896395493	19.9070090607592	0.0119120896395493	A0201	NA	unknown
MRDAVIVTF	9	specific	0.0253315409318829	14.6927299829126	0.0253315409318829	A0201	NA	unknown
VRDSVIVQF	9	specific	0.0105983079797524	20.808136505205	0.0105983079797524	A0201	NA	unknown
GSLFVTPLP	9	specific	0.00493725110960541	27.4721168567285	0.00493725110960541	A0201	NA	unknown
GMLFVLPLP	9	specific	0.311064530511956	3.54028058864638	0.311064530511956	A0201	0.311064530511956	A0201
GSLFVLPLP	9	specific	0.0123276193278293	19.6587773832463	0.0123276193278293	A0201	NA	unknown
MLPADIDLS	9	specific	0.00568312447765628	26.1545095758046	0.00568312447765628	A0201	NA	unknown
SLDTAPPTI	9	specific	0.987687367863125	0.133507842828351	0.987687367863125	A0201	0.987687367863125	A0201
MESSLPPVP	9	specific	0.00132416435035069	41.8839956211043	0.00132416435035069	A0201	NA	unknown
GESSLPPVP	9	specific	0.00188240430402825	37.6557759815149	0.00188240430402825	A0201	NA	unknown
MSAFEPVHP	9	specific	0.000556361107895142	53.0144293499117	0.000556361107895142	A0201	NA	unknown
MSAFEPVHA	9	specific	0.00431844909620046	28.7561956930087	0.00431844909620046	A0201	NA	unknown
MTAFGPVHP	9	specific	0.00353119180469545	30.7616410355846	0.00353119180469545	A0201	NA	unknown
MTPFGPVHP	9	specific	0.00546555494143054	26.5276650064027	0.00546555494143054	A0201	NA	unknown
MSPFGPVHP	9	specific	0.00165221224419162	39.1694034764554	0.00165221224419162	A0201	NA	unknown
MSAFEPVHQ	9	specific	0.000811100186541634	48.0156614192631	0.000811100186541634	A0201	NA	unknown
TALPPAVTL	9	specific	0.340124502550397	3.2705381921301	0.340124502550397	A0201	0.340124502550397	A0201
TALPPPVTL	9	specific	0.667940440442827	1.40213531757093	0.667940440442827	A0201	0.667940440442827	A0201
SALPPAVTI	9	specific	0.333919591228995	3.32638527010596	0.333919591228995	A0201	0.333919591228995	A0201
SALPPPVTL	9	specific	0.733678381062216	1.15521650084225	0.733678381062216	A0201	0.733678381062216	A0201
SGLPPPVTL	9	specific	0.394287823846874	2.84900889109719	0.394287823846874	A0201	0.394287823846874	A0201
TALPPPVTI	9	specific	0.59507915261719	1.7035883514912	0.59507915261719	A0201	0.59507915261719	A0201
SALPPSVTL	9	specific	0.45429934354292	2.44676854466352	0.45429934354292	A0201	0.45429934354292	A0201
SALPPPVTI	9	specific	0.664846926927567	1.4141530432113	0.664846926927567	A0201	0.664846926927567	A0201
SALPPAVTL	9	specific	0.4167800645137	2.68692107888879	0.4167800645137	A0201	0.4167800645137	A0201
MALPPPVTL	9	specific	0.567270056116912	1.83457146204217	0.567270056116912	A0201	0.567270056116912	A0201
MTPPVLPTF	9	specific	0.12731353706137	6.61126394157163	0.12731353706137	A0201	0.12731353706137	A0201
ALYSAEELI	9	specific	0.78830484284295	0.942129096630595	0.78830484284295	A0201	0.78830484284295	A0201
SSLPPVVPA	9	specific	0.20534960846158	4.87919660999148	0.20534960846158	A0201	0.20534960846158	A0201
SGLPPVVPA	9	specific	0.0763638930354584	8.78253370012644	0.0763638930354584	A0201	NA	unknown
SSLPPVIPA	9	specific	0.241265974153874	4.34274149569179	0.241265974153874	A0201	0.241265974153874	A0201
SALPPVVPA	9	specific	0.286844780402235	3.79608646299147	0.286844780402235	A0201	0.286844780402235	A0201
SSLPPVIPA	9	specific	0.241265974153874	4.34274149569179	0.241265974153874	A0201	0.241265974153874	A0201
MGMPPSVAF	9	specific	0.00100350536849923	45.3170255826072	0.00100350536849923	A0201	NA	unknown
MGMPPAFSF	9	specific	0.000718187199079128	49.6278544623128	0.000718187199079128	A0201	NA	unknown
MDMPPSFGF	9	specific	0.00295233949775467	32.6392339356335	0.00295233949775467	A0201	NA	unknown
MDMPPSFSF	9	specific	0.0020827510500049	36.5115673134021	0.0020827510500049	A0201	NA	unknown
MGMPPSFAF	9	specific	0.000843780277157722	47.5059684671037	0.000843780277157722	A0201	NA	unknown
MDMPPSVSF	9	specific	0.00223351079707944	35.713650924456	0.00223351079707944	A0201	NA	unknown
MGMPPSFSF	9	specific	0.000567156321211984	52.7639759079947	0.000567156321211984	A0201	NA	unknown
MGMPPSVGF	9	specific	0.00120273407960359	43.070316823604	0.00120273407960359	A0201	NA	unknown
MGMPPSVGF	9	specific	0.00120273407960359	43.070316823604	0.00120273407960359	A0201	NA	unknown
SAPPSVSSA	9	specific	0.00190079153529091	37.5445867720187	0.00190079153529091	A0201	NA	unknown
PVTPITGPF	9	specific	0.000254360433425165	63.5130740736252	0.000254360433425165	A0201	NA	unknown
PLALEAAVL	9	specific	0.015359029171744	18.056582280015	0.015359029171744	A0201	NA	unknown
SSLPPAVSF	9	specific	0.00408538588225138	29.286995407007	0.00408538588225138	A0201	NA	unknown
SSLPPPVSF	9	specific	0.0132047693599803	19.1410052877993	0.0132047693599803	A0201	NA	unknown
SSLPPAVSF	9	specific	0.00408538588225138	29.286995407007	0.00408538588225138	A0201	NA	unknown
SALPPAVSF	9	specific	0.00596974672115635	25.6998557872923	0.00596974672115635	A0201	NA	unknown
SSLPPAVTF	9	specific	0.00886729969107402	22.2595545968306	0.00886729969107402	A0201	NA	unknown
SSLPPPVSF	9	specific	0.0132047693599803	19.1410052877993	0.0132047693599803	A0201	NA	unknown
SGLPPAVSF	9	specific	0.00147491681452317	40.5444736640127	0.00147491681452317	A0201	NA	unknown
GLIASVQVD	9	specific	0.00467443421870068	27.9933225880728	0.00467443421870068	A0201	NA	unknown
SGMPPVIPA	9	specific	0.064499525023267	9.57843030325064	0.064499525023267	A0201	NA	unknown
SGMPPVIPP	9	specific	0.0101386968074323	21.1551357094094	0.0101386968074323	A0201	NA	unknown
SGMPLVIPP	9	specific	0.0153542322700248	18.0588040444191	0.0153542322700248	A0201	NA	unknown
ALPPTVEFD	9	specific	0.0392146296619406	12.1375999289035	0.0392146296619406	A0201	NA	unknown
MLPPTVEFD	9	specific	0.0250556018098097	14.772410533587	0.0250556018098097	A0201	NA	unknown
MLPPTVEFE	9	specific	0.0988974696099225	7.6613505903834	0.0988974696099225	A0201	NA	unknown
GLPPTVEFD	9	specific	0.0244502745281706	14.9270251382543	0.0244502745281706	A0201	NA	unknown
MLPPVVEFD	9	specific	0.0809842238301725	8.52561694357931	0.0809842238301725	A0201	NA	unknown
MLPPTVQFD	9	specific	0.0154995067369252	17.9906362729296	0.0154995067369252	A0201	NA	unknown
ALPPVVEFD	9	specific	0.124219728688089	6.71094037188297	0.124219728688089	A0201	0.124219728688089	A0201
GSLFVEPAF	9	specific	0.00664463998901144	24.7238952781447	0.00664463998901144	A0201	NA	unknown
GGLYVEPAF	9	specific	0.00223416453159118	35.7089044277745	0.00223416453159118	A0201	NA	unknown
SSLFVEPAF	9	specific	0.00803657291296026	23.0889796445985	0.00803657291296026	A0201	NA	unknown
GPLYVEPAF	9	specific	0.00668697257521242	24.6711788681928	0.00668697257521242	A0201	NA	unknown
GGLFVEPAF	9	specific	0.00175341071037841	38.4694466998719	0.00175341071037841	A0201	NA	unknown
SSLFTEPAF	9	specific	0.00302976385458401	32.3570698563124	0.00302976385458401	A0201	NA	unknown
GPLYTEPAF	9	specific	0.00313351518594674	32.0070409733752	0.00313351518594674	A0201	NA	unknown
GSLFVEPAF	9	specific	0.00664463998901144	24.7238952781447	0.00664463998901144	A0201	NA	unknown
GPLFTEPAF	9	specific	0.00334064970095371	31.3324325088568	0.00334064970095371	A0201	NA	unknown
GPLFVEPAF	9	specific	0.00609782023297139	25.5113087808169	0.00609782023297139	A0201	NA	unknown
SSLFVEPAF	9	specific	0.00803657291296026	23.0889796445985	0.00803657291296026	A0201	NA	unknown
GSLFTEPAF	9	specific	0.00280199614071511	33.2180035629022	0.00280199614071511	A0201	NA	unknown
GGLFVEPAF	9	specific	0.00175341071037841	38.4694466998719	0.00175341071037841	A0201	NA	unknown
SGLYVEPAF	9	specific	0.00425940593321362	28.8894005679638	0.00425940593321362	A0201	NA	unknown
SHLQVTPPP	9	specific	0.00109973762221089	44.1834207900594	0.00109973762221089	A0201	NA	unknown
THLQVTPPP	9	specific	0.00072184208074954	49.5620094445185	0.00072184208074954	A0201	NA	unknown
TGLMVTPAL	9	specific	0.0625352747217549	9.73344886508235	0.0625352747217549	A0201	NA	unknown
TALHVTPPF	9	specific	0.00439096397473564	28.600066248975	0.00439096397473564	A0201	NA	unknown
GGLMVTPAL	9	specific	0.0500932064765038	10.8266579411919	0.0500932064765038	A0201	NA	unknown
SALMVTPPL	9	specific	0.177825934943232	5.38585988341796	0.177825934943232	A0201	0.177825934943232	A0201
SALMVTPAL	9	specific	0.326824289725886	3.3915233628626	0.326824289725886	A0201	0.326824289725886	A0201
AIGEATVAL	9	specific	0.646407529215018	1.48444158981381	0.646407529215018	A0201	0.646407529215018	A0201
AIGEFIAPL	9	specific	0.631871801356061	1.54584307879992	0.631871801356061	A0201	0.631871801356061	A0201
AIGEFTVPL	9	specific	0.684158273449995	1.34356152873549	0.684158273449995	A0201	0.684158273449995	A0201
AFGEFTVPL	9	specific	0.0360824736325033	12.5920517388336	0.0360824736325033	A0201	NA	unknown
STPLTEPAT	9	specific	0.00190065506983659	37.5452936970564	0.00190065506983659	A0201	NA	unknown
GTPLSEPET	9	specific	0.000796999359413508	48.2407665491151	0.000796999359413508	A0201	NA	unknown
GTPLSEPAT	9	specific	0.000923944161389814	46.3579222059293	0.000923944161389814	A0201	NA	unknown
SPPLTEPAT	9	specific	0.00117862838252209	43.3166297045861	0.00117862838252209	A0201	NA	unknown
GSIFVEPPF	9	specific	0.00198456000330363	37.046204620462	0.00198456000330363	A0201	NA	unknown
PLPPAFPFG	9	specific	0.0126331361981152	19.4709373018085	0.0126331361981152	A0201	NA	unknown
MLPPAFPFG	9	specific	0.147659189325027	6.05026842953573	0.147659189325027	A0201	0.147659189325027	A0201
PLPPAFPFG	9	specific	0.0126331361981152	19.4709373018085	0.0126331361981152	A0201	NA	unknown
MLPPHFPFG	9	specific	0.182077555925975	5.30234173968193	0.182077555925975	A0201	0.182077555925975	A0201
MLPPSFPFG	9	specific	0.0840400678194126	8.3684776066346	0.0840400678194126	A0201	NA	unknown
MLPPAFGFG	9	specific	0.00435181601228981	28.6787369067384	0.00435181601228981	A0201	NA	unknown
MVPEYIPTF	9	specific	0.303610490064926	3.61986015002969	0.303610490064926	A0201	0.303610490064926	A0201
MVPEHIPTF	9	specific	0.278689913581022	3.88243230687818	0.278689913581022	A0201	0.278689913581022	A0201
MVPEHDPTF	9	specific	0.0385896961293636	12.2232388477526	0.0385896961293636	A0201	NA	unknown
MVPEYVPTF	9	specific	0.292636175247996	3.73529090975193	0.292636175247996	A0201	0.292636175247996	A0201
TTSLDIPLV	9	specific	0.237635908550065	4.39232723761972	0.237635908550065	A0201	0.237635908550065	A0201
MTSLDIPLV	9	specific	0.254322443442814	4.16964585075399	0.254322443442814	A0201	0.254322443442814	A0201
VSPLGPDVT	9	specific	0.000167776138932118	68.9187278580979	0.000167776138932118	A0201	NA	unknown
VTPLAPVVT	9	specific	0.00193238755655952	37.3434161041563	0.00193238755655952	A0201	NA	unknown
VTPLGPVVT	9	specific	0.001556631834346	39.8972332973811	0.001556631834346	A0201	NA	unknown
VTPLGPDVT	9	specific	0.000319346807518571	60.4812745656451	0.000319346807518571	A0201	NA	unknown
VTPLAPNVT	9	specific	0.000307498407071217	61.0008644683318	0.000307498407071217	A0201	NA	unknown
VTPLGPNVT	9	specific	0.000207554772311785	66.1908051270243	0.000207554772311785	A0201	NA	unknown
VSPLAPNVT	9	specific	0.000158907429938649	69.6038392088903	0.000158907429938649	A0201	NA	unknown
VTPLGPEVT	9	specific	0.00041900989444107	56.8301077353757	0.00041900989444107	A0201	NA	unknown
VHPLAPDVT	9	specific	6.27028308985269e-05	80.3745490828153	6.27028308985269e-05	A0201	NA	unknown
MALEMPIVS	9	specific	0.0026471159180895	33.8170720376811	0.0026471159180895	A0201	NA	unknown
AMQPPVMLE	9	specific	0.0181913685366251	16.8900549785701	0.0181913685366251	A0201	NA	unknown
MIMTPPAAT	9	specific	0.00631505246256868	25.1928895459925	0.00631505246256868	A0201	NA	unknown
AIMVTPAAT	9	specific	0.00626864140511666	25.258835553078	0.00626864140511666	A0201	NA	unknown
MIMTTPAAT	9	specific	0.0054592755627684	26.540591635663	0.0054592755627684	A0201	NA	unknown
MIMTPPTAT	9	specific	0.00678095134049765	24.5425185113371	0.00678095134049765	A0201	NA	unknown
MIMVPPAAT	9	specific	0.00532479885448854	26.769938315741	0.00532479885448854	A0201	NA	unknown
GIMTTPAAT	9	specific	0.00430057861346948	28.7947736022072	0.00430057861346948	A0201	NA	unknown
AIMTPPAAT	9	specific	0.00784113138218648	23.299845284406	0.00784113138218648	A0201	NA	unknown
MVMTTPAAT	9	specific	0.00187755933591771	37.6857698009703	0.00187755933591771	A0201	NA	unknown
MIMTAPAAT	9	specific	0.00936982065258576	21.8058097119382	0.00936982065258576	A0201	NA	unknown
GIMTAPAAT	9	specific	0.0069266045111492	24.3576071193411	0.0069266045111492	A0201	NA	unknown
GIMVAPAAT	9	specific	0.00545102302260534	26.5520034255568	0.00545102302260534	A0201	NA	unknown
AVMTAPAAT	9	specific	0.00300549607740491	32.4456374646033	0.00300549607740491	A0201	NA	unknown
MIHTPPAAT	9	specific	0.00132664511328472	41.859354234077	0.00132664511328472	A0201	NA	unknown
SSLASTGPH	9	specific	7.83016542721852e-06	97.2752079369504	7.83016542721852e-06	A0201	NA	unknown
MSLPPAHTL	9	specific	0.0873080063417244	8.2041680300221	0.0873080063417244	A0201	NA	unknown
MSLPPSHTL	9	specific	0.109631572746164	7.21366506295672	0.109631572746164	A0201	0.109631572746164	A0201
SSLPPSHTL	9	specific	0.205393490106023	4.87808572778943	0.205393490106023	A0201	0.205393490106023	A0201
SSLPPSFTL	9	specific	0.325778437333388	3.40081437764339	0.325778437333388	A0201	0.325778437333388	A0201
MSLPPTHTL	9	specific	0.23261518767621	4.45584950171883	0.23261518767621	A0201	0.23261518767621	A0201
MSLPPAFTL	9	specific	0.167844448860786	5.58773747631801	0.167844448860786	A0201	0.167844448860786	A0201
SSLPPTHTL	9	specific	0.356659678524981	3.13410165985999	0.356659678524981	A0201	0.356659678524981	A0201
SSLPPAHTL	9	specific	0.161427063225872	5.72033641552649	0.161427063225872	A0201	0.161427063225872	A0201
MSLPPVHTL	9	specific	0.533832426286406	2.00635424619573	0.533832426286406	A0201	0.533832426286406	A0201
SSLPPPFTL	9	specific	0.589890758196513	1.72550302765895	0.589890758196513	A0201	0.589890758196513	A0201
MSLPPSFTL	9	specific	0.211921135297356	4.77234994001237	0.211921135297356	A0201	0.211921135297356	A0201
TSSLPPAVT	9	specific	9.07858677776097e-05	76.2803422325097	9.07858677776097e-05	A0201	NA	unknown
SSSLPPAVT	9	specific	0.000123334986474991	72.6981510880586	0.000123334986474991	A0201	NA	unknown
TSSLPPPVT	9	specific	0.000718541152074767	49.6210881798094	0.000718541152074767	A0201	NA	unknown
TSSLPPAVS	9	specific	4.60189635076028e-05	83.5843927109969	4.60189635076028e-05	A0201	NA	unknown
TSPLPPPVA	9	specific	0.00676829897696349	24.5601916372788	0.00676829897696349	A0201	NA	unknown
VSSLPPPVT	9	specific	0.00199815352819254	36.967937919863	0.00199815352819254	A0201	NA	unknown
TSPLPPAIA	9	specific	0.000386461256622807	57.9289722117867	0.000386461256622807	A0201	NA	unknown
TSSLPPPVA	9	specific	0.00501177961409162	27.3269952454242	0.00501177961409162	A0201	NA	unknown
SSLPEPLPP	9	specific	0.00520972756727431	26.9733307480075	0.00520972756727431	A0201	NA	unknown
MALPEPLPP	9	specific	0.00445646751493644	28.4564594770371	0.00445646751493644	A0201	NA	unknown
MSLPEPLPP	9	specific	0.00329537076445384	31.4716967412776	0.00329537076445384	A0201	NA	unknown
SGLPEPLPP	9	specific	0.00179376376409243	38.2055616822392	0.00179376376409243	A0201	NA	unknown
SALPEPLPP	9	specific	0.00590701126650898	25.7940787958845	0.00590701126650898	A0201	NA	unknown
SALPEPLPP	9	specific	0.00590701126650898	25.7940787958845	0.00590701126650898	A0201	NA	unknown
MALPEPLPP	9	specific	0.00445646751493644	28.4564594770371	0.00445646751493644	A0201	NA	unknown
SSLPEPLPP	9	specific	0.00520972756727431	26.9733307480075	0.00520972756727431	A0201	NA	unknown
TSLPEPLPP	9	specific	0.00314067370812362	31.9774511110842	0.00314067370812362	A0201	NA	unknown
TALPEPLPP	9	specific	0.00396178406949001	29.5990523164924	0.00396178406949001	A0201	NA	unknown
GSSLPPPVQ	9	specific	0.00087831204993921	46.9924379218828	0.00087831204993921	A0201	NA	unknown
GSSLPPPVT	9	specific	0.00113144843526354	43.8338968535776	0.00113144843526354	A0201	NA	unknown
GSSLPPTVQ	9	specific	0.000103033439739808	74.8197341153944	0.000103033439739808	A0201	NA	unknown
GSSLPPPVA	9	specific	0.00722232391821379	23.9922278641573	0.00722232391821379	A0201	NA	unknown
GSSLPPAVT	9	specific	0.000144647294274093	70.7597626347702	0.000144647294274093	A0201	NA	unknown
GSSLPPVVG	9	specific	0.000417795608006129	56.8689886124475	0.000417795608006129	A0201	NA	unknown
GSSLPPSVT	9	specific	4.78586136568841e-05	83.1910394221797	4.78586136568841e-05	A0201	NA	unknown
GSSLPPAVQ	9	specific	0.000111160682880815	73.9346639682328	0.000111160682880815	A0201	NA	unknown
GSSLPPAVA	9	specific	0.000803139150160127	48.1411911080949	0.000803139150160127	A0201	NA	unknown
GSSLPPPVG	9	specific	0.000555068342050201	53.0459380087336	0.000555068342050201	A0201	NA	unknown
GSSLPPVVA	9	specific	0.00421315241275187	28.9886730411107	0.00421315241275187	A0201	NA	unknown
GSSLPPVVT	9	specific	0.000598565530577439	52.0420034659525	0.000598565530577439	A0201	NA	unknown
GSSLPPSHT	9	specific	4.24491391809225e-05	84.4079603798813	4.24491391809225e-05	A0201	NA	unknown
GSSLPPSVS	9	specific	2.33203774711375e-05	89.9936780703774	2.33203774711375e-05	A0201	NA	unknown
GSSLPPPVQ	9	specific	0.00087831204993921	46.9924379218828	0.00087831204993921	A0201	NA	unknown
GSSLPPSVA	9	specific	0.000255016414653902	63.4795456289815	0.000255016414653902	A0201	NA	unknown
SVMPADPAP	9	specific	0.0625881322653893	9.72708653974332	0.0625881322653893	A0201	NA	unknown
SGLPPTVSL	9	specific	0.164457560351325	5.65792503362943	0.164457560351325	A0201	0.164457560351325	A0201
SGLPPSVSF	9	specific	0.00106876991234692	44.5381961696782	0.00106876991234692	A0201	NA	unknown
SGLPPTVSF	9	specific	0.00328427163876484	31.5092647575651	0.00328427163876484	A0201	NA	unknown
SSLPPSVSF	9	specific	0.00314408668070567	31.9640195353685	0.00314408668070567	A0201	NA	unknown
ETIELEKEV	9	specific	0.184963085318224	5.2481104903636	0.184963085318224	A0201	0.184963085318224	A0201
ETIELEAEV	9	specific	0.21430485552151	4.73326708435837	0.21430485552151	A0201	0.21430485552151	A0201
EVYTVGAAP	9	specific	0.000465604867533613	55.3939390267056	0.000465604867533613	A0201	NA	unknown
ETGTLFVEE	9	specific	0.000238932427142739	64.3392674640781	0.000238932427142739	A0201	NA	unknown
EEVVVAGAT	9	specific	2.50398606983489e-05	89.3810770305917	2.50398606983489e-05	A0201	NA	unknown
EVRTVTDDG	9	specific	6.25735186788829e-05	80.3969687054385	6.25735186788829e-05	A0201	NA	unknown
PVRTVTDDG	9	specific	4.00008762162147e-05	85.0218742804513	4.00008762162147e-05	A0201	NA	unknown
EIRTVTDDG	9	specific	0.000115940839951464	73.4231532088337	0.000115940839951464	A0201	NA	unknown
VTAVVTDEP	9	specific	0.00118912237286794	43.2100860024803	0.00118912237286794	A0201	NA	unknown
GSSMPPVVPP	10	specific	0.000626294194267353	51.4537408453208	0.000626294194267353	A0201	NA	unknown
GSSMPPVLPS	10	specific	0.000443119869188043	56.045319954272	0.000443119869188043	A0201	NA	unknown
GSSMPPVIPS	10	specific	0.000598852398513827	52.03624707636	0.000598852398513827	A0201	NA	unknown
GSSMPPVVPP	10	specific	0.000626294194267353	51.4537408453208	0.000626294194267353	A0201	NA	unknown
GSSMPPVIPP	10	specific	0.000689764514363055	50.1675412339276	0.000689764514363055	A0201	NA	unknown
GSSMPPVIPP	10	specific	0.000689764514363055	50.1675412339276	0.000689764514363055	A0201	NA	unknown
GSSMPPVIPS	10	specific	0.000598852398513827	52.03624707636	0.000598852398513827	A0201	NA	unknown
GSSMPPTIPP	10	specific	0.0003801926358973	58.1571070203716	0.0003801926358973	A0201	NA	unknown
GSSMPPTIPS	10	specific	0.000349152550811343	59.3003057955734	0.000349152550811343	A0201	NA	unknown
SSSMPPVVPP	10	specific	0.000501292018656032	54.4210081962909	0.000501292018656032	A0201	NA	unknown
GSSMPPTVPP	10	specific	0.000358952280162031	58.9273523435575	0.000358952280162031	A0201	NA	unknown
GSSMPPVVPS	10	specific	0.000514554108410594	54.0644150094324	0.000514554108410594	A0201	NA	unknown
GSSMPPTIPP	10	specific	0.0003801926358973	58.1571070203716	0.0003801926358973	A0201	NA	unknown
GSAFGVVVSF	10	specific	0.00613702824048232	25.4518260883616	0.00613702824048232	A0201	NA	unknown
GSAFGVVTSF	10	specific	0.00192414846757553	37.3967384498548	0.00192414846757553	A0201	NA	unknown
GSSLGVVVSF	10	specific	0.00300379214077111	32.4531106721443	0.00300379214077111	A0201	NA	unknown
GSAFGVVTTF	10	specific	0.00189869665840282	37.5568064762413	0.00189869665840282	A0201	NA	unknown
SLLEAADATA	10	specific	0.909509897232056	0.5131265880566	0.909509897232056	A0201	0.909509897232056	A0201
MDPELELEVL	10	specific	0.0438280089344415	11.5269176856486	0.0438280089344415	A0201	NA	unknown
MDPEAELAVL	10	specific	0.0348749627899249	12.7796898416892	0.0348749627899249	A0201	NA	unknown
MDPELELAVL	10	specific	0.0560636983123711	10.2652584719916	0.0560636983123711	A0201	NA	unknown
MDPEAELAVL	10	specific	0.0348749627899249	12.7796898416892	0.0348749627899249	A0201	NA	unknown
MDPEAELAVL	10	specific	0.0348749627899249	12.7796898416892	0.0348749627899249	A0201	NA	unknown
MDPELELEVL	10	specific	0.0438280089344415	11.5269176856486	0.0438280089344415	A0201	NA	unknown
MTEPAEPLAA	10	specific	0.0170022009904642	17.3368316023769	0.0170022009904642	A0201	NA	unknown
LLGDDLLQAQ	10	specific	0.374026821408835	3.00069480632273	0.374026821408835	A0201	0.374026821408835	A0201
MLPPVVSFDL	10	specific	0.190263527631032	5.14702020997694	0.190263527631032	A0201	0.190263527631032	A0201
MLPPTVSSSL	10	specific	0.0836736234939761	8.38928140060028	0.0836736234939761	A0201	NA	unknown
MLPPTVSFDI	10	specific	0.10271581657669	7.49088066701407	0.10271581657669	A0201	0.10271581657669	A0201
SVTALELAVT	10	specific	0.0336733098872679	12.9800525952228	0.0336733098872679	A0201	NA	unknown
ARATDIPVVT	10	specific	0.0128121624745998	19.3638886532472	0.0128121624745998	A0201	NA	unknown
AERELALIQL	10	specific	0.203014767790834	4.9174715513167	0.203014767790834	A0201	0.203014767790834	A0201
AERELELIRL	10	specific	0.294780761210455	3.71317425500199	0.294780761210455	A0201	0.294780761210455	A0201
ALEAALAAER	10	specific	0.00432327049260898	28.7446829138238	0.00432327049260898	A0201	NA	unknown
MDPQAEIEAF	10	specific	0.00344011729148769	31.0366348752378	0.00344011729148769	A0201	NA	unknown
MDPEALIAAM	10	specific	0.00733178167655145	23.8547814389762	0.00733178167655145	A0201	NA	unknown
MDPEAEIAFF	10	specific	0.0203976360206879	16.1179918481444	0.0203976360206879	A0201	NA	unknown
MDPEAEIAFF	10	specific	0.0203976360206879	16.1179918481444	0.0203976360206879	A0201	NA	unknown
GGLPEHIASF	10	specific	0.0896314738188974	8.09772531720736	0.0896314738188974	A0201	NA	unknown
PTQPMPPPVM	10	specific	0.0109035322959244	20.5908075507673	0.0109035322959244	A0201	NA	unknown
STLPMPAPVM	10	specific	0.0555330469586705	10.3139353102997	0.0555330469586705	A0201	NA	unknown
MTLPMPPPVM	10	specific	0.129960283362824	6.53077547656846	0.129960283362824	A0201	0.129960283362824	A0201
VTLPMPPPVM	10	specific	0.155428681104806	5.85283436544389	0.155428681104806	A0201	0.155428681104806	A0201
PTQPMPAPVM	10	specific	0.00508411859433788	27.2002536850992	0.00508411859433788	A0201	NA	unknown
MLIDAEAELS	10	specific	0.365981941649483	3.06441904900404	0.365981941649483	A0201	0.365981941649483	A0201
MNPGPPVLPA	10	specific	0.00506377338431068	27.234893011945	0.00506377338431068	A0201	NA	unknown
GPSGLMDTPG	10	specific	0.000376265456654008	58.2978860921588	0.000376265456654008	A0201	NA	unknown
MESSLPPSVQ	10	specific	0.000533719293120309	53.5712843010127	0.000533719293120309	A0201	NA	unknown
MGSSLPPSVT	10	specific	0.00198693574415706	37.0338839269484	0.00198693574415706	A0201	NA	unknown
MGSSLPPSVQ	10	specific	0.00061551536500954	51.6860162148406	0.00061551536500954	A0201	NA	unknown
MESSLPPSVT	10	specific	0.00177632918483192	38.3232142063655	0.00177632918483192	A0201	NA	unknown
MKSSLPPSVT	10	specific	0.00337020777040935	31.2412391789975	0.00337020777040935	A0201	NA	unknown
MTSSLPPSVT	10	specific	0.00338507407657542	31.1957939980045	0.00338507407657542	A0201	NA	unknown
MESSLPPPVQ	10	specific	0.000958984915410434	45.8959971884581	0.000958984915410434	A0201	NA	unknown
MGSSLPPPVQ	10	specific	0.00124822629835914	42.6133402813966	0.00124822629835914	A0201	NA	unknown
MGSSLPPPVT	10	specific	0.0044808322220989	28.3997034954413	0.0044808322220989	A0201	NA	unknown
MTSSLPPSVQ	10	specific	0.00124355241097065	42.6564627086944	0.00124355241097065	A0201	NA	unknown
MTSSLPPPVT	10	specific	0.00708792280525409	24.1520939119616	0.00708792280525409	A0201	NA	unknown
MSSSLPPSVQ	10	specific	0.000553963855645634	53.0687615885211	0.000553963855645634	A0201	NA	unknown
SAVPPATPPF	10	specific	0.007103830106861	24.1317950644514	0.007103830106861	A0201	NA	unknown
GPIGPAPPPF	10	specific	0.0308435576377734	13.4978246906698	0.0308435576377734	A0201	NA	unknown
GPVGPAPPPL	10	specific	0.0590831053667999	10.0056150045849	0.0590831053667999	A0201	NA	unknown
MDPELELALL	10	specific	0.0806144689837108	8.54631974825389	0.0806144689837108	A0201	NA	unknown
MMEALALETS	10	specific	0.0155644488068194	17.9644800465359	0.0155644488068194	A0201	NA	unknown
MPVAAEQLAA	10	specific	0.00652079566502329	24.8944661908051	0.00652079566502329	A0201	NA	unknown
PLPVDAEQAA	10	specific	0.00885506818631256	22.2703604509778	0.00885506818631256	A0201	NA	unknown
GGAMPPVASF	10	specific	0.00468970602953252	27.9652475651482	0.00468970602953252	A0201	NA	unknown
SSLPPVSPIS	10	specific	0.00232083883920369	35.2759633368478	0.00232083883920369	A0201	NA	unknown
SALPDVPPIS	10	specific	0.0186986706471443	16.6912070644029	0.0186986706471443	A0201	NA	unknown
MALPEVSPIS	10	specific	0.00626156700310882	25.2691364607697	0.00626156700310882	A0201	NA	unknown
SSLPDVPPIS	10	specific	0.010854011760643	20.6235280810823	0.010854011760643	A0201	NA	unknown
SSLPDVPPIS	10	specific	0.010854011760643	20.6235280810823	0.010854011760643	A0201	NA	unknown
AALPDVPPIS	10	specific	0.0324070359195401	13.2076824573522	0.0324070359195401	A0201	NA	unknown
SAHRSYVASA	10	specific	0.00461155984654624	28.1262244951545	0.00461155984654624	A0201	NA	unknown
EERFRVEAEG	10	specific	6.71801524037995e-05	79.628238221619	6.71801524037995e-05	A0201	NA	unknown
MEVEVHQEEV	10	specific	0.0256659454952266	14.6122415179094	0.0256659454952266	A0201	NA	unknown
MEVEVHQETV	10	specific	0.0397879791232602	12.0580203675202	0.0397879791232602	A0201	NA	unknown
MEVEVHQTET	10	specific	0.00295648396683343	32.623984552678	0.00295648396683343	A0201	NA	unknown
MEYQVHLEEV	10	specific	0.0848218149609036	8.32676902941212	0.0848218149609036	A0201	NA	unknown
MEVEVHQEEV	10	specific	0.0256659454952266	14.6122415179094	0.0256659454952266	A0201	NA	unknown
MEVEVHMEEV	10	specific	0.0325930421673951	13.1695085053181	0.0325930421673951	A0201	NA	unknown
MEVEVHQEET	10	specific	0.00345297476755048	31.0007836768989	0.00345297476755048	A0201	NA	unknown
MEVEVHLEET	10	specific	0.00864457736445022	22.4664816542854	0.00864457736445022	A0201	NA	unknown
MEVEVHMEET	10	specific	0.00425096319394369	28.9080835868165	0.00425096319394369	A0201	NA	unknown
MEYEAHLEET	10	specific	0.0190123511456477	16.5809267585265	0.0190123511456477	A0201	NA	unknown
MLVQVHQEET	10	specific	0.0808919832647209	8.53076739742518	0.0808919832647209	A0201	NA	unknown
MEVEVHLEET	10	specific	0.00864457736445022	22.4664816542854	0.00864457736445022	A0201	NA	unknown
MEVEVHLEEV	10	specific	0.0729254381291361	8.99461121142714	0.0729254381291361	A0201	NA	unknown
MEVEVHQEES	10	specific	0.00146584007087666	40.621932450283	0.00146584007087666	A0201	NA	unknown
KTVIELEFEE	10	specific	0.00135517892276766	41.5832495122217	0.00135517892276766	A0201	NA	unknown
AAMQIDTEPL	10	specific	0.102610671718786	7.49653606731542	0.102610671718786	A0201	0.102610671718786	A0201
YKETFSTVRL	10	specific	0.0651003171696276	9.53520688666174	0.0651003171696276	A0201	NA	unknown
