file,date,eval_set_size,accuracy,finetuned_blocks,transformer_lr,reg_lr,AUG,HLA,Encoding
ESMMASK_epitope_FT_25_0.0001_1e-05_AUG_1_HLADRB30301_1.csv,2025-03-28 17:08:49,8,0.625,25,0.0001,1e-05,1,HLADRB30301,epitope
ESMMASK_epitope_FT_15_0.001_1e-06_AUG_6_HLAB3906_1.csv,2025-03-28 13:08:44,4,0.5,15,0.001,1e-06,6,HLAB3906,epitope
ESMMASK_HLA_FT_25_0.0001_0.001_AUG_6_HLAB4601_1.csv,2025-03-03 13:00:15,25,0.48,25,0.0001,0.001,6,HLAB4601,HLA
ESMMASK_HLA_FT_25_0.001_1e-05_AUG_1_HLAA2403_1.csv,2025-03-03 13:32:01,54,0.46296296296296297,25,0.001,1e-05,1,HLAA2403,HLA
ESMMASK_epitope_FT_15_0.001_1e-05_AUG_1_HLAB1402_1.csv,2025-04-02 09:48:33,13,0.46153846153846156,15,0.001,1e-05,1,HLAB1402,epitope
ESMMASK_HLA_FT_15_0.001_0.001_AUG_6_HLAB3901_4.csv,2025-03-03 16:39:31,46,0.391304347826087,15,0.001,0.001,6,HLAB3901,HLA
ESMMASK_epitope_FT_15_0.0001_0.001_AUG_3_HLAE0101_1.csv,2025-04-02 14:27:44,19,0.3684210526315789,15,0.0001,0.001,3,HLAE0101,epitope
ESMMASK_epitope_FT_25_0.0001_1e-05_AUG_1_HLADPB10401_1.csv,2025-04-02 10:40:09,30,0.36666666666666664,25,0.0001,1e-05,1,HLADPB10401,epitope
ESMMASK_epitope_FT_20_0.001_1e-06_AUG_3_HLADRB10801_1.csv,2025-03-27 22:24:43,20,0.35,20,0.001,1e-06,3,HLADRB10801,epitope
ESMMASK_epitope_FT_20_0.0001_1e-06_AUG_3_HLADRB11104_1.csv,2025-04-02 11:17:45,9,0.3333333333333333,20,0.0001,1e-06,3,HLADRB11104,epitope
ESMMASK_epitope_FT_25_0.0001_1e-05_AUG_3_HLAB5101_1.csv,2025-04-02 14:43:13,91,0.32967032967032966,25,0.0001,1e-05,3,HLAB5101,epitope
ESMMASK_epitope_FT_15_0.001_1e-06_AUG_1_HLADPB10402_1.csv,2025-04-02 09:46:37,32,0.3125,15,0.001,1e-06,1,HLADPB10402,epitope
ESMMASK_epitope_FT_25_0.0001_1e-05_AUG_1_HLAB4601_2.csv,2025-03-02 16:09:41,16,0.3125,25,0.0001,1e-05,1,HLAB4601,epitope
ESMMASK_epitope_FT_20_0.001_0.001_AUG_1_HLAB4402_1.csv,2025-04-02 17:06:03,98,0.30612244897959184,20,0.001,0.001,1,HLAB4402,epitope
ESMMASK_HLA_FT_25_0.0001_1e-06_AUG_6_HLAB5101_1.csv,2025-03-03 15:00:24,92,0.30434782608695654,25,0.0001,1e-06,6,HLAB5101,HLA
ESMMASK_epitope_FT_20_0.0001_1e-05_AUG_3_HLADRB10303_1.csv,2025-04-02 09:45:46,10,0.3,20,0.0001,1e-05,3,HLADRB10303,epitope
ESMMASK_epitope_FT_25_0.001_1e-05_AUG_1_HLAA2301_1.csv,2025-04-02 11:14:31,112,0.29464285714285715,25,0.001,1e-05,1,HLAA2301,epitope
ESMMASK_epitope_FT_25_0.0001_1e-05_AUG_6_HLAB0801_1.csv,2025-04-02 12:26:22,183,0.2896174863387978,25,0.0001,1e-05,6,HLAB0801,epitope
ESMMASK_epitope_FT_25_0.0001_0.001_AUG_1_HLAB4001_1.csv,2025-04-02 12:03:35,160,0.28125,25,0.0001,0.001,1,HLAB4001,epitope
ESMMASK_epitope_FT_15_0.001_1e-06_AUG_6_HLAA0101_1.csv,2025-04-02 10:42:10,220,0.2772727272727273,15,0.001,1e-06,6,HLAA0101,epitope
ESMMASK_epitope_FT_15_0.001_1e-05_AUG_3_HLAB0702_1.csv,2025-04-02 12:20:47,389,0.2750642673521851,15,0.001,1e-05,3,HLAB0702,epitope
ESMMASK_HLA_FT_25_0.0001_1e-06_AUG_1_HLAB3501_1.csv,2025-03-03 15:48:18,186,0.27419354838709675,25,0.0001,1e-06,1,HLAB3501,HLA
ESMMASK_epitope_FT_20_0.001_1e-05_AUG_6_HLAB2705_1.csv,2025-03-28 16:38:22,121,0.2727272727272727,20,0.001,1e-05,6,HLAB2705,epitope
ESMMASK_epitope_FT_20_0.0001_1e-06_AUG_1_HLAA2_1.csv,2025-04-02 19:55:08,175,0.26285714285714284,20,0.0001,1e-06,1,HLAA2,epitope
ESMMASK_epitope_FT_25_0.0001_1e-05_AUG_3_HLAB3501_1.csv,2025-03-28 12:34:23,278,0.26258992805755393,25,0.0001,1e-05,3,HLAB3501,epitope
ESMMASK_epitope_FT_20_0.0001_1e-06_AUG_6_HLAA0201_1.csv,2025-03-28 01:29:34,1752,0.2625570776255708,20,0.0001,1e-06,6,HLAA0201,epitope
ESMMASK_epitope_FT_25_0.0001_1e-05_AUG_3_HLAB4403_1.csv,2025-03-28 00:23:50,92,0.2608695652173913,25,0.0001,1e-05,3,HLAB4403,epitope
ESMMASK_epitope_FT_15_0.001_0.001_AUG_3_HLAA2403_4.csv,2025-03-03 15:14:51,46,0.2608695652173913,15,0.001,0.001,3,HLAA2403,epitope
ESMMASK_epitope_FT_20_0.001_1e-05_AUG_6_HLADRB10401_1.csv,2025-03-28 06:31:51,683,0.26061493411420206,20,0.001,1e-05,6,HLADRB10401,epitope
ESMMASK_HLA_FT_25_0.0001_0.001_AUG_3_HLAA0101_2.csv,2025-03-03 15:20:38,192,0.2604166666666667,25,0.0001,0.001,3,HLAA0101,HLA
ESMMASK_HLA_FT_25_0.001_1e-05_AUG_3_HLAA2601_2.csv,2025-03-03 15:07:47,124,0.25806451612903225,25,0.001,1e-05,3,HLAA2601,HLA
ESMMASK_epitope_FT_20_0.0001_0.001_AUG_1_HLAA3201_1.csv,2025-04-02 13:13:56,71,0.2535211267605634,20,0.0001,0.001,1,HLAA3201,epitope
ESMMASK_epitope_FT_25_0.001_0.001_AUG_3_HLAB3801_1.csv,2025-03-28 07:39:34,8,0.25,25,0.001,0.001,3,HLAB3801,epitope
ESMMASK_epitope_FT_20_0.001_0.001_AUG_6_HLAA3303_1.csv,2025-03-27 22:23:21,16,0.25,20,0.001,0.001,6,HLAA3303,epitope
ESMMASK_HLA_FT_25_0.0001_1e-05_AUG_1_HLAB5701_1.csv,2025-03-03 14:59:48,89,0.24719101123595505,25,0.0001,1e-05,1,HLAB5701,HLA
ESMMASK_HLA_FT_25_0.001_1e-06_AUG_3_HLAB0702_2.csv,2025-03-03 16:39:08,240,0.24583333333333332,25,0.001,1e-06,3,HLAB0702,HLA
ESMMASK_epitope_FT_25_0.001_0.001_AUG_6_HLAA1101_1.csv,2025-03-03 15:20:59,452,0.24557522123893805,25,0.001,0.001,6,HLAA1101,epitope
ESMMASK_epitope_FT_20_0.001_1e-06_AUG_1_HLADRB11501_1.csv,2025-03-28 06:58:02,937,0.24439701173959444,20,0.001,1e-06,1,HLADRB11501,epitope
ESMMASK_epitope_FT_25_0.0001_1e-05_AUG_6_HLAA0202_1.csv,2025-03-03 16:00:04,351,0.24216524216524216,25,0.0001,1e-05,6,HLAA0202,epitope
ESMMASK_epitope_FT_15_0.001_1e-06_AUG_6_HLAB3901_1.csv,2025-04-02 15:08:08,58,0.2413793103448276,15,0.001,1e-06,6,HLAB3901,epitope
ESMMASK_epitope_FT_25_0.001_0.001_AUG_3_HLAB1501_2.csv,2025-03-03 15:33:30,266,0.24060150375939848,25,0.001,0.001,3,HLAB1501,epitope
ESMMASK_epitope_FT_25_0.0001_1e-06_AUG_3_HLAA3001_4.csv,2025-03-03 14:18:43,122,0.23770491803278687,25,0.0001,1e-06,3,HLAA3001,epitope
ESMMASK_epitope_FT_20_0.0001_1e-06_AUG_6_HLAA0301_1.csv,2025-04-02 14:12:06,610,0.2360655737704918,20,0.0001,1e-06,6,HLAA0301,epitope
ESMMASK_HLA_FT_25_0.0001_1e-06_AUG_1_HLAB1517_1.csv,2025-03-03 14:47:40,85,0.23529411764705882,25,0.0001,1e-06,1,HLAB1517,HLA
ESMMASK_epitope_FT_20_0.001_1e-05_AUG_3_HLAB5701_1.csv,2025-04-02 14:32:36,90,0.23333333333333334,20,0.001,1e-05,3,HLAB5701,epitope
ESMMASK_epitope_FT_25_0.001_1e-06_AUG_1_HLAB1801_1.csv,2025-03-03 16:32:28,86,0.23255813953488372,25,0.001,1e-06,1,HLAB1801,epitope
ESMMASK_epitope_FT_20_0.001_1e-05_AUG_3_HLAA3002_1.csv,2025-04-02 12:34:39,158,0.22784810126582278,20,0.001,1e-05,3,HLAA3002,epitope
ESMMASK_epitope_FT_15_0.001_1e-05_AUG_1_HLAA6802_1.csv,2025-03-28 17:08:21,355,0.22535211267605634,15,0.001,1e-05,1,HLAA6802,epitope
ESMMASK_HLA_FT_25_0.0001_1e-06_AUG_3_HLAB4402_2.csv,2025-03-03 14:16:48,129,0.2248062015503876,25,0.0001,1e-06,3,HLAB4402,HLA
ESMMASK_epitope_FT_25_0.0001_1e-06_AUG_1_HLAA3301_1.csv,2025-03-28 16:15:50,187,0.22459893048128343,25,0.0001,1e-06,1,HLAA3301,epitope
ESMMASK_epitope_FT_15_0.0001_0.001_AUG_6_HLAB5801_4.csv,2025-03-03 16:00:28,143,0.22377622377622378,15,0.0001,0.001,6,HLAB5801,epitope
ESMMASK_epitope_FT_25_0.0001_1e-05_AUG_6_HLAB1517_2.csv,2025-03-03 15:56:19,85,0.2235294117647059,25,0.0001,1e-05,6,HLAB1517,epitope
ESMMASK_HLA_FT_25_0.0001_0.001_AUG_1_HLAA0301_1.csv,2025-03-03 15:51:30,457,0.22319474835886213,25,0.0001,0.001,1,HLAA0301,HLA
ESMMASK_epitope_FT_20_0.001_1e-06_AUG_1_HLADRB30202_1.csv,2025-03-28 07:15:57,87,0.21839080459770116,20,0.001,1e-06,1,HLADRB30202,epitope
ESMMASK_epitope_FT_15_0.001_1e-05_AUG_3_HLAA2902_1.csv,2025-03-27 19:28:43,134,0.21641791044776118,15,0.001,1e-05,3,HLAA2902,epitope
ESMMASK_HLA_FT_25_0.0001_0.001_AUG_1_HLAB0801_1.csv,2025-03-03 15:32:10,167,0.2155688622754491,25,0.0001,0.001,1,HLAB0801,HLA
ESMMASK_HLA_FT_25_0.0001_1e-06_AUG_1_HLAA2902_1.csv,2025-03-03 14:51:07,140,0.21428571428571427,25,0.0001,1e-06,1,HLAA2902,HLA
ESMMASK_epitope_FT_20_0.001_1e-05_AUG_1_HLAA0203_1.csv,2025-03-28 05:47:21,420,0.2119047619047619,20,0.001,1e-05,1,HLAA0203,epitope
ESMMASK_epitope_FT_20_0.001_0.001_AUG_1_HLAA2402_1.csv,2025-03-28 05:11:58,397,0.21158690176322417,20,0.001,0.001,1,HLAA2402,epitope
ESMMASK_epitope_FT_25_0.001_1e-06_AUG_3_HLADRB10404_1.csv,2025-03-28 14:48:20,401,0.20947630922693267,25,0.001,1e-06,3,HLADRB10404,epitope
ESMMASK_epitope_FT_25_0.001_1e-05_AUG_6_HLADRB10101_1.csv,2025-03-27 20:47:54,1216,0.20476973684210525,25,0.001,1e-05,6,HLADRB10101,epitope
ESMMASK_epitope_FT_25_0.0001_1e-05_AUG_3_HLAA6901_2.csv,2025-03-03 15:58:50,59,0.2033898305084746,25,0.0001,1e-05,3,HLAA6901,epitope
ESMMASK_HLA_FT_25_0.001_0.001_AUG_1_HLAA2301_1.csv,2025-03-03 16:26:17,119,0.20168067226890757,25,0.001,0.001,1,HLAA2301,HLA
ESMMASK_HLA_FT_25_0.001_0.001_AUG_3_HLAA1101_2.csv,2025-03-03 15:53:42,511,0.20156555772994128,25,0.001,0.001,3,HLAA1101,HLA
ESMMASK_epitope_FT_25_0.001_1e-05_AUG_1_HLAA6801_2.csv,2025-03-03 15:05:17,343,0.20116618075801748,25,0.001,1e-05,1,HLAA6801,epitope
ESMMASK_epitope_FT_15_0.001_1e-06_AUG_6_HLAC0102_1.csv,2025-04-02 14:30:32,5,0.2,15,0.001,1e-06,6,HLAC0102,epitope
ESMMASK_epitope_FT_25_0.001_1e-05_AUG_3_HLADQB10301_1.csv,2025-03-28 03:35:26,20,0.2,25,0.001,1e-05,3,HLADQB10301,epitope
ESMMASK_HLA_FT_25_0.001_1e-06_AUG_1_HLAA0203_1.csv,2025-03-03 16:59:58,365,0.2,25,0.001,1e-06,1,HLAA0203,HLA
ESMMASK_epitope_FT_20_0.0001_1e-06_AUG_3_HLAA2601_1.csv,2025-04-02 10:58:12,145,0.2,20,0.0001,1e-06,3,HLAA2601,epitope
ESMMASK_epitope_FT_15_0.0001_1e-05_AUG_3_HLAA0206_1.csv,2025-04-02 12:03:28,407,0.19901719901719903,15,0.0001,1e-05,3,HLAA0206,epitope
ESMMASK_epitope_FT_20_0.001_1e-05_AUG_6_HLADRB11101_1.csv,2025-04-02 19:14:46,455,0.1978021978021978,20,0.001,1e-05,6,HLADRB11101,epitope
ESMMASK_epitope_FT_15_0.001_1e-05_AUG_3_HLAA3101_1.csv,2025-03-28 11:19:25,360,0.19722222222222222,15,0.001,1e-05,3,HLAA3101,epitope
ESMMASK_HLA_FT_25_0.0001_0.001_AUG_6_HLAB1501_1.csv,2025-03-03 15:35:38,236,0.19491525423728814,25,0.0001,0.001,6,HLAB1501,HLA
ESMMASK_HLA_FT_25_0.0001_1e-05_AUG_6_HLAB1801_4.csv,2025-03-03 16:19:37,72,0.19444444444444445,25,0.0001,1e-05,6,HLAB1801,HLA
ESMMASK_HLA_FT_25_0.0001_1e-05_AUG_1_HLAA6801_2.csv,2025-03-03 15:41:15,369,0.19241192411924118,25,0.0001,1e-05,1,HLAA6801,HLA
ESMMASK_epitope_FT_25_0.001_1e-06_AUG_3_HLADR3_1.csv,2025-04-02 10:08:52,68,0.19117647058823528,25,0.001,1e-06,3,HLADR3,epitope
ESMMASK_HLA_FT_25_0.0001_1e-06_AUG_6_HLAA6802_2.csv,2025-03-03 15:16:57,356,0.19101123595505617,25,0.0001,1e-06,6,HLAA6802,HLA
ESMMASK_HLA_FT_25_0.0001_1e-06_AUG_1_HLAB5801_1.csv,2025-03-03 16:45:17,140,0.18571428571428572,25,0.0001,1e-06,1,HLAB5801,HLA
ESMMASK_epitope_FT_20_0.001_0.001_AUG_1_HLAA8001_1.csv,2025-03-27 23:02:15,23,0.17391304347826086,20,0.001,0.001,1,HLAA8001,epitope
ESMMASK_epitope_FT_20_0.001_0.001_AUG_6_HLADRB11201_1.csv,2025-04-02 16:12:43,127,0.1732283464566929,20,0.001,0.001,6,HLADRB11201,epitope
ESMMASK_epitope_FT_25_0.0001_1e-06_AUG_3_HLADRB11301_1.csv,2025-04-02 14:39:34,261,0.1724137931034483,25,0.0001,1e-06,3,HLADRB11301,epitope
ESMMASK_HLA_FT_25_0.001_0.001_AUG_3_HLAA2402_2.csv,2025-03-03 16:10:07,175,0.17142857142857143,25,0.001,0.001,3,HLAA2402,HLA
ESMMASK_HLA_FT_25_0.001_1e-06_AUG_1_HLAA3002_1.csv,2025-03-03 15:24:48,117,0.17094017094017094,25,0.001,1e-06,1,HLAA3002,HLA
ESMMASK_HLA_FT_25_0.0001_1e-05_AUG_3_HLAA0202_1.csv,2025-03-03 15:26:11,341,0.16715542521994134,25,0.0001,1e-05,3,HLAA0202,HLA
ESMMASK_epitope_FT_25_0.0001_0.001_AUG_1_HLADPB10301_1.csv,2025-03-28 13:34:42,24,0.16666666666666666,25,0.0001,0.001,1,HLADPB10301,epitope
ESMMASK_epitope_FT_25_0.001_0.001_AUG_6_HLADQB10602_1.csv,2025-03-28 02:26:16,30,0.16666666666666666,25,0.001,0.001,6,HLADQB10602,epitope
ESMMASK_epitope_FT_25_0.001_1e-06_AUG_1_HLADPB12001_1.csv,2025-04-02 18:35:06,24,0.16666666666666666,25,0.001,1e-06,1,HLADPB12001,epitope
ESMMASK_epitope_FT_20_0.001_1e-05_AUG_1_HLADRB11302_1.csv,2025-03-28 05:29:05,467,0.16274089935760172,20,0.001,1e-05,1,HLADRB11302,epitope
ESMMASK_epitope_FT_15_0.0001_1e-06_AUG_3_HLADRB11001_1.csv,2025-03-27 21:34:52,25,0.16,15,0.0001,1e-06,3,HLADRB11001,epitope
ESMMASK_HLA_FT_25_0.0001_0.001_AUG_1_HLAA3001_2.csv,2025-03-03 14:29:48,135,0.15555555555555556,25,0.0001,0.001,1,HLAA3001,HLA
ESMMASK_HLA_FT_25_0.001_0.001_AUG_1_HLAA0206_2.csv,2025-03-03 14:35:01,379,0.15303430079155672,25,0.001,0.001,1,HLAA0206,HLA
ESMMASK_epitope_FT_25_0.0001_0.001_AUG_6_HLADPw4_1.csv,2025-04-02 12:55:50,7,0.14285714285714285,25,0.0001,0.001,6,HLADPw4,epitope
ESMMASK_epitope_FT_15_0.001_0.001_AUG_3_HLADPB10101_1.csv,2025-04-02 17:53:23,14,0.14285714285714285,15,0.001,0.001,3,HLADPB10101,epitope
ESMMASK_epitope_FT_15_0.0001_1e-06_AUG_3_HLAC0701_1.csv,2025-04-02 10:11:05,7,0.14285714285714285,15,0.0001,1e-06,3,HLAC0701,epitope
ESMMASK_epitope_FT_20_0.001_1e-05_AUG_1_HLADRB10701_1.csv,2025-04-02 16:21:24,644,0.13975155279503104,20,0.001,1e-05,1,HLADRB10701,epitope
ESMMASK_epitope_FT_25_0.0001_1e-06_AUG_1_HLADRB10402_1.csv,2025-03-28 02:13:30,22,0.13636363636363635,25,0.0001,1e-06,1,HLADRB10402,epitope
ESMMASK_epitope_FT_15_0.001_1e-05_AUG_1_HLADRB40101_1.csv,2025-04-02 13:23:57,294,0.1360544217687075,15,0.001,1e-05,1,HLADRB40101,epitope
ESMMASK_epitope_FT_20_0.001_1e-05_AUG_6_HLADRB10301_1.csv,2025-03-28 00:28:44,552,0.1358695652173913,20,0.001,1e-05,6,HLADRB10301,epitope
ESMMASK_epitope_FT_20_0.001_0.001_AUG_1_HLADR15_1.csv,2025-04-02 10:21:59,30,0.13333333333333333,20,0.001,0.001,1,HLADR15,epitope
ESMMASK_epitope_FT_25_0.0001_1e-05_AUG_1_HLADQB10402_1.csv,2025-04-02 18:20:10,23,0.13043478260869565,25,0.0001,1e-05,1,HLADQB10402,epitope
ESMMASK_epitope_FT_20_0.0001_0.001_AUG_6_HLADPB10501_1.csv,2025-04-02 18:44:58,23,0.13043478260869565,20,0.0001,0.001,6,HLADPB10501,epitope
ESMMASK_HLA_FT_25_0.001_1e-06_AUG_1_HLAA3301_1.csv,2025-03-03 15:05:56,169,0.1301775147928994,25,0.001,1e-06,1,HLAA3301,HLA
ESMMASK_epitope_FT_15_0.001_0.001_AUG_3_HLADRB30101_1.csv,2025-04-02 12:28:13,218,0.12385321100917432,15,0.001,0.001,3,HLADRB30101,epitope
ESMMASK_epitope_FT_15_0.001_1e-06_AUG_3_HLADPB11401_1.csv,2025-04-02 17:54:52,17,0.11764705882352941,15,0.001,1e-06,3,HLADPB11401,epitope
ESMMASK_epitope_FT_25_0.001_1e-05_AUG_6_HLADRB10802_1.csv,2025-03-28 13:41:53,291,0.1134020618556701,25,0.001,1e-05,6,HLADRB10802,epitope
ESMMASK_epitope_FT_25_0.0001_1e-06_AUG_6_HLADRB11502_1.csv,2025-04-02 17:48:00,212,0.11320754716981132,25,0.0001,1e-06,6,HLADRB11502,epitope
ESMMASK_epitope_FT_20_0.001_1e-06_AUG_6_HLADRB10901_1.csv,2025-03-28 15:38:45,298,0.10738255033557047,20,0.001,1e-06,6,HLADRB10901,epitope
ESMMASK_epitope_FT_20_0.0001_1e-05_AUG_3_HLADRB10405_1.csv,2025-03-28 02:30:24,272,0.09558823529411764,20,0.0001,1e-05,3,HLADRB10405,epitope
ESMMASK_epitope_FT_25_0.0001_0.001_AUG_6_HLADQB10501_1.csv,2025-04-02 11:49:18,14,0.07142857142857142,25,0.0001,0.001,6,HLADQB10501,epitope
ESMMASK_epitope_FT_20_0.0001_0.001_AUG_1_HLADPB10201_1.csv,2025-03-27 22:36:00,31,0.06451612903225806,20,0.0001,0.001,1,HLADPB10201,epitope
ESMMASK_epitope_FT_25_0.0001_0.001_AUG_6_HLADQB10302_1.csv,2025-03-28 06:59:39,49,0.061224489795918366,25,0.0001,0.001,6,HLADQB10302,epitope
ESMMASK_epitope_FT_20_0.0001_0.001_AUG_1_HLADQB10201_1.csv,2025-04-02 09:55:13,21,0.047619047619047616,20,0.0001,0.001,1,HLADQB10201,epitope
ESMMASK_epitope_FT_25_0.001_0.001_AUG_1_HLADRB11202_1.csv,2025-04-02 14:53:20,6,0.0,25,0.001,0.001,1,HLADRB11202,epitope
