,<cls>,<pad>,<eos>,<unk>,L,A,G,V,S,E,R,T,I,D,P,K,Q,N,F,Y,M,H,W,C,X,B,U,Z,O,.,-,|,<mask>
Position_1,-97.67728,-149.41016,103.12598,-103.347885,48.412518,77.155106,-37.374836,138.87036,76.02225,-59.548172,-43.002457,-121.66588,-52.351112,-126.05971,27.672058,19.138996,103.6161,46.930443,-85.9681,-8.27848,27.055159,-11.021359,108.44791,65.831375,9.7944975,-74.93067,22.869143,78.33259,-78.21576,43.8631,-101.788765,-112.81163,-125.6124
Position_2,-82.760025,-132.3278,88.9386,-91.23104,48.129993,67.76666,-34.15521,118.684555,61.766594,-56.12413,-39.532536,-104.81594,-46.815804,-109.58518,24.662731,19.66806,86.64752,40.30334,-76.01816,-4.990909,17.180344,-7.877485,95.414375,57.742416,5.0541496,-64.12253,19.141493,69.747505,-70.9579,39.84344,-92.86041,-91.25154,-113.15761
Position_3,-79.408424,-123.748184,83.75126,-85.27731,44.741207,63.890453,-33.794327,110.719574,55.33308,-51.880432,-39.22375,-97.23726,-43.131973,-103.815384,25.255327,21.07231,81.714676,41.37727,-71.86172,-7.3051605,14.5310955,-8.891874,90.8254,51.577522,5.1220455,-62.188934,18.229641,66.731865,-68.864296,38.800575,-89.486755,-86.67357,-107.83036
Position_4,-57.983646,-95.23392,78.15236,-90.04845,38.78959,62.1129,-24.165365,90.7385,38.555622,-40.86864,-43.08584,-87.18355,-47.10622,-89.422745,17.761919,17.882698,75.716576,43.792614,-60.650425,-15.893112,7.0863013,-16.913963,68.96485,37.943375,5.7381415,-59.39009,7.761562,57.087082,-67.108475,19.611689,-84.03447,-69.482666,-90.64595
Position_5,-56.014927,-93.09398,75.14153,-85.62859,38.320923,59.51103,-23.487082,88.67131,39.04357,-41.088696,-42.450886,-85.9654,-45.69468,-85.215034,16.714516,17.49793,72.44351,41.952282,-59.466698,-13.126841,6.699055,-15.043299,67.35467,36.42245,4.0453506,-56.701202,7.8226624,54.040207,-65.3286,17.403656,-82.06541,-67.106514,-88.74213
Position_6,-59.437424,-98.05162,77.00798,-84.00388,38.052837,60.917213,-24.278112,91.26375,42.156265,-41.468372,-39.093166,-89.28793,-44.093613,-87.492645,19.22496,18.063179,72.37121,40.753445,-61.407413,-11.065847,8.118165,-13.37349,71.0966,38.104694,3.8774436,-57.519302,9.709485,55.91682,-65.788124,23.045736,-83.58297,-71.101006,-92.480255
Position_7,-57.477768,-95.70028,75.559074,-83.79869,38.74037,59.397465,-23.505245,90.879715,40.978073,-39.455288,-39.512253,-86.71881,-44.569286,-84.439926,19.44978,17.800018,71.33731,39.69029,-59.35286,-10.373219,8.748087,-15.572234,70.142944,37.029434,3.4245074,-55.618145,8.746836,55.044952,-64.065025,21.784655,-83.10806,-70.027084,-90.09488
Position_8,-69.03973,-108.86163,79.333,-85.165215,42.893745,61.814842,-28.707512,99.69714,50.885937,-46.970703,-39.646,-90.03729,-42.370705,-92.33755,22.484074,17.513065,74.80076,39.393578,-64.63015,-7.869593,10.941708,-10.837225,82.59996,44.55786,3.8196428,-58.42871,14.269187,61.24823,-64.99547,30.03876,-85.15545,-79.02636,-99.91502
Position_9,-62.34423,-103.68977,76.24698,-83.41327,41.50552,61.179478,-26.219471,94.634315,48.12622,-44.63274,-37.228436,-89.82255,-42.46211,-90.53407,21.901012,17.257206,72.408936,40.204384,-63.61,-9.477133,9.057033,-9.851454,78.2144,40.649654,2.67374,-57.61399,12.719511,58.741188,-63.77153,28.596066,-84.36431,-75.37437,-96.207405
