Allele,UMAP1,UMAP2
A*01:01,5.883363,15.749794
A*02:01,1.8319552,2.744824
A*02:02,2.163932,2.6734533
A*02:03,2.087322,2.4415207
A*02:04,2.4502103,2.4352562
A*02:05,2.28064,2.8121974
A*02:06,2.30012,3.0704305
A*02:07,1.9337523,2.797579
A*02:10,2.624554,2.7435906
A*02:11,1.9347875,3.0027943
A*02:12,2.0050275,2.9853745
A*02:16,2.2814097,3.1900039
A*02:17,2.17844,2.3049035
A*02:19,5.616637,15.60042
A*03:01,6.3072095,15.793439
A*11:01,6.3429127,15.644024
A*11:02,6.152767,15.888932
A*23:01,5.7465405,15.169412
A*24:02,5.607619,15.405089
A*24:03,5.900005,15.288405
A*25:01,2.9565723,-5.5083427
A*26:01,2.6763816,-5.220208
A*26:02,2.7721398,-5.2470202
A*26:03,2.8104208,-5.1537523
A*29:02,2.528952,-4.5460052
A*30:01,6.031983,15.565167
A*30:02,6.067739,15.47831
A*31:01,2.7008722,-4.5663886
A*32:01,2.5151436,-4.740382
A*32:07,2.571138,-4.7140284
A*32:15,2.4008088,-4.887799
A*33:01,2.9142592,-4.9452486
A*33:03,2.8454053,-4.9037633
A*66:01,2.692431,-5.2648134
A*68:01,3.1962721,3.342309
A*68:02,3.1137633,3.1753802
A*68:12,3.241737,3.129513
A*68:23,3.0219755,3.2180007
A*69:01,2.551727,3.3490417
A*80:01,5.8748755,15.031298
B*07:02,11.910914,15.395597
B*08:01,11.662311,15.289931
B*08:02,11.459857,14.289671
B*13:02,10.721038,12.036188
B*14:02,12.535274,15.7407
B*15:01,12.565499,14.4126835
B*15:02,12.75199,14.272129
B*15:03,12.1856575,14.901779
B*15:09,12.314719,15.052425
B*15:10,12.3216305,15.084291
B*15:17,12.72481,14.304069
B*15:42,12.265324,14.3121195
B*18:01,12.106663,14.257404
B*27:01,12.22919,11.282074
B*27:02,12.3242855,11.432986
B*27:03,12.276864,11.587054
B*27:04,11.647298,14.516091
B*27:05,12.509361,11.3314905
B*27:06,11.859852,11.5714
B*27:09,12.144445,11.481181
B*27:10,12.441457,11.262544
B*27:20,11.6470585,11.722437
B*35:01,11.294018,12.680096
B*35:03,11.423836,12.828812
B*35:08,11.242917,12.734654
B*37:01,11.740132,13.942687
B*38:01,11.9269,14.7936535
B*39:01,12.359142,15.552951
B*39:06,12.188842,15.404812
B*39:09,12.311718,15.463619
B*40:01,10.89336,12.99933
B*40:02,11.585487,13.094704
B*40:13,10.863202,12.357191
B*42:01,12.003792,15.241754
B*44:02,10.692783,12.561127
B*44:03,10.76659,12.490698
B*45:01,11.375563,13.158464
B*46:01,12.943556,14.658676
B*48:01,11.127284,13.269767
B*51:01,11.235381,12.317489
B*52:01,11.085774,12.054763
B*53:01,10.8677845,12.2090025
B*54:01,12.7600155,14.885188
B*55:01,12.857093,15.070389
B*57:01,10.934919,11.810611
B*58:01,10.860723,11.900558
B*58:02,11.242788,12.049275
B*73:01,12.153898,15.341595
B*83:01,12.9884615,14.964605
C*01:02,10.034023,7.83484
C*03:03,10.204528,7.75248
C*04:01,10.324261,7.9971323
C*05:01,10.09193,8.295884
C*06:02,9.738693,8.217897
C*07:01,9.494817,7.56075
C*07:02,9.558995,7.8227253
C*08:01,9.971455,7.9045877
C*08:02,10.114953,8.229701
C*08:03,10.253525,7.9450955
C*12:03,9.77577,7.9321485
C*14:02,9.730093,8.146417
C*15:02,9.85727,7.875091
