AA,Hydrophobicity_KyteDoolittle,Molecular_Weight,Isoelectric_Point,SideChain_Volume,Polarity_Grantham,Charge_at_pH7
A,1.8,89.09,6.0,31,8.1,neutral
R,-4.5,174.2,10.76,124,10.5,positive
N,-3.5,132.12,5.41,56,11.6,neutral
D,-3.5,133.1,2.77,54,13.0,negative
C,2.5,121.15,5.07,55,5.5,neutral
E,-3.5,146.15,5.65,85,10.5,neutral
Q,-3.5,147.13,3.22,83,12.3,negative
G,-0.4,75.07,5.97,3,9.0,neutral
H,-3.2,155.16,7.59,96,10.4,positive
I,4.5,131.17,6.02,111,5.2,neutral
L,3.8,131.17,5.98,111,4.9,neutral
K,-3.9,146.19,9.74,119,11.3,positive
M,1.9,149.21,5.74,105,5.7,neutral
F,2.8,165.19,5.48,132,5.2,neutral
P,-1.6,115.13,6.3,32,8.0,neutral
S,-0.8,105.09,5.68,32,9.2,neutral
T,-0.7,119.12,5.6,61,8.6,neutral
W,-0.9,204.23,5.89,170,5.4,neutral
Y,-1.3,181.19,5.66,136,6.2,neutral
V,4.2,117.15,5.96,84,5.9,neutral
