,HLA,Losses,encoding,data_prop,trained_blocks,lr_transformer,lr_regression,n_evaluations,spearman,pearsonr,mse,mae,r2,rmse,time,path,Model,rank_mse,rank_corr,rank_sum
5433,A3101,Hubber,HLA,0.95,30,,4,8,0.9761904761904763,0.9607054402107232,0.28815395219834283,0.4607686996459962,0.806094106198304,0.5367997319283448,2025-05-28 18:10:32,/global/scratch/users/sergiomar10/losses/ESMCBA_28062025/evaluation_ESMCBA_HLA_0.95_30_False-Full_pretraining_100000_seq_AUG_3_ALL_HLAS_0.0001_0.0001__4_A3101_0404_Hubber_A3101.csv,A3101 HLA,2.0,1.0,3.0
5371,B0802,Hubber,epitope,0.6,30,0.0001,0.0001,8,0.95150257112482,0.9625788757649183,0.16918730737428694,0.38904088735580455,0.7474355792150438,0.41132384732019484,2025-05-28 21:51:23,/global/scratch/users/sergiomar10/losses/ESMCBA_28062025/evaluation_ESMCBA_epitope_0.6_30_ESMMASK_epitope_FT_15_0.0001_5e-05_AUG_4_B0802_2_0.0001_0.0001__8_B0802_0404_Hubber_B0802.csv,B0802 epitope,4.0,1.0,5.0
35,B4801,Hubber,epitope,0.6,30,0.0001,0.0001,19,0.9433133159039592,0.9491746327169057,0.33035048716013043,0.5136896058132775,0.7902872149488627,0.5747612436134942,2025-05-28 22:32:54,/global/scratch/users/sergiomar10/losses/ESMCBA_28062025/evaluation_ESMCBA_epitope_0.6_30_ESMMASK_epitope_FT_25_0.0001_5e-05_AUG_3_B4801_1_0.0001_0.0001__7_B4801_0404_Hubber_B4801.csv,B4801 epitope,4.0,1.0,5.0
3250,B1402,Hubber,epitope,0.95,30,,5,6,0.942857142857143,0.6942252612527635,0.971400573748575,0.9655295014381409,-13.916207392551238,0.9855965572933861,2025-05-28 13:01:26,/global/scratch/users/sergiomar10/losses/ESMCBA_28062025/evaluation_ESMCBA_epitope_0.95_30_False-Full_pretraining_100000_seq_AUG_3_ALL_HLAS_0.0001_0.0001__5_B1402_0404_Hubber_B1402.csv,B1402 epitope,12.0,1.5,13.5
760,B8301,Hubber,epitope,0.2,30,0.0001,0.0001,6,0.9411239481143202,0.8872806433656987,0.2255054844696455,0.32125476996103924,0.5537477522386981,0.47487417751405003,2025-05-28 10:01:22,/global/scratch/users/sergiomar10/losses/ESMCBA_28062025/evaluation_ESMCBA_epitope_0.2_30_ESMMASK_epitope_FT_20_0.0001_5e-05_AUG_4_B8301_2_0.0001_0.0001__2_B8301_0404_Hubber_B8301.csv,B8301 epitope,7.0,1.0,8.0
2556,B0802,Hubber,HLA,0.6,30,,2,8,0.9271050693011065,0.8116990311230068,0.2815839444731267,0.4043807983398437,0.4666583840275085,0.530644838355304,2025-05-29 03:12:39,/global/scratch/users/sergiomar10/losses/ESMCBA_28062025/evaluation_ESMCBA_HLA_0.6_30_False-Full_pretraining_100000_seq_AUG_3_ALL_HLAS_0.0001_0.0001__2_B0802_0404_Hubber_B0802.csv,B0802 HLA,1.0,1.0,2.0
4247,A2501,Hubber,epitope,0.4,30,,4,11,0.9153240856757687,0.8872059775447745,0.5208138560187776,0.5396236831491644,0.7407367465275403,0.7216743420815082,2025-05-28 13:22:06,/global/scratch/users/sergiomar10/losses/ESMCBA_28062025/evaluation_ESMCBA_epitope_0.4_30_False-Full_pretraining_100000_seq_AUG_3_ALL_HLAS_0.0001_0.0001__4_A2501_0404_Hubber_A2501.csv,A2501 epitope,2.0,1.0,3.0
3309,A2501,Hubber,HLA,0.4,30,0.0001,0.0001,11,0.908062460746855,0.7911964670797095,1.0912275649108756,0.7496255202726885,0.4894411767149611,1.0446183824300985,2025-05-28 20:02:32,/global/scratch/users/sergiomar10/losses/ESMCBA_28062025/evaluation_ESMCBA_HLA_0.4_30_ESMMASK_HLA_FT_15_0.0001_1e-05_AUG_1_A2501_2_0.0001_0.0001__8_A2501_0404_Hubber_A2501.csv,A2501 HLA,7.0,1.0,8.0
2737,C1203,Hubber,HLA,0.6,30,,2,7,0.8928571428571429,0.9351970695434568,0.4757250636101197,0.42503670283726297,-0.12791965858564303,0.6897282534521256,2025-05-29 05:39:20,/global/scratch/users/sergiomar10/losses/ESMCBA_28062025/evaluation_ESMCBA_HLA_0.6_30_False-Full_pretraining_100000_seq_AUG_3_ALL_HLAS_0.0001_0.0001__2_C1203_0404_Hubber_C1203.csv,C1203 HLA,8.0,1.0,9.0
6082,A0202,Hubber,epitope,0.8,30,0.0001,0.0001,367,0.8914776670911925,0.8645162028160739,0.29775971433274495,0.34311471263337523,0.7377763265204375,0.5456736335326684,2025-05-28 20:49:03,/global/scratch/users/sergiomar10/losses/ESMCBA_28062025/evaluation_ESMCBA_epitope_0.8_30_ESMMASK_epitope_FT_25_0.0001_1e-06_AUG_4_A0202_1_0.0001_0.0001__7_A0202_0404_Hubber_A0202.csv,A0202 epitope,4.0,1.0,5.0
4472,A2403,Hubber,epitope,0.6,30,0.0001,0.0001,41,0.8819736441391978,0.8990061495561088,0.25390323627302414,0.35826477044966154,0.7934589688028904,0.5038881188051809,2025-05-28 10:40:53,/global/scratch/users/sergiomar10/losses/ESMCBA_28062025/evaluation_ESMCBA_epitope_0.6_30_ESMMASK_epitope_FT_20_0.0001_1e-05_AUG_3_A2403_2_0.0001_0.0001__2_A2403_0404_Hubber_A2403.csv,A2403 epitope,1.0,2.0,3.0
140,A0202,Hubber,HLA,0.8,30,0.0001,0.0001,367,0.8719128905423801,0.8541551366695681,0.2993870813864809,0.3514856339587097,0.7160460598906178,0.547162755847363,2025-04-22 23:17:53,/global/scratch/users/sergiomar10/losses/ESMCBA_22042025/evaluation_ESMCBA_HLA_0.8_30_ESMMASK_HLA_FT_20_0.0001_5e-05_AUG_4_A0202_1_0.0001_0.0001__1_A0202_0404_Hubber_A0202.csv,A0202 HLA,2.0,2.0,4.0
378,B5801,Hubber,HLA,0.95,30,0.0001,0.0001,122,0.8667053857697425,0.8587019396674019,0.36207493938033974,0.4703636676317356,0.7336092164262111,0.6017266317692277,2025-04-23 02:31:53,/global/scratch/users/sergiomar10/losses/ESMCBA_22042025/evaluation_ESMCBA_HLA_0.95_30_ESMMASK_HLA_FT_20_0.001_5e-05_AUG_1_B5801_1_0.0001_0.0001__1_B5801_0404_Hubber_B5801.csv,B5801 HLA,2.0,1.0,3.0
441,A0205,Hubber,epitope,0.8,30,,4,8,0.8624886920341298,0.8133548579650701,0.31431057997149203,0.38934762775897974,0.6542682797125579,0.5606340874148592,2025-05-28 12:59:53,/global/scratch/users/sergiomar10/losses/ESMCBA_28062025/evaluation_ESMCBA_epitope_0.8_30_False-Full_pretraining_100000_seq_AUG_3_ALL_HLAS_0.0001_0.0001__4_A0205_0404_Hubber_A0205.csv,A0205 epitope,9.0,2.0,11.0
7092,B5101,Hubber,epitope,0.4,30,0.0001,0.0001,7,0.8571428571428573,0.8335158442861929,0.39581800068534834,0.5246881076267786,0.4723542855202615,0.6291406843348698,2025-05-28 19:57:43,/global/scratch/users/sergiomar10/losses/ESMCBA_28062025/evaluation_ESMCBA_epitope_0.4_30_ESMMASK_epitope_FT_25_0.001_1e-06_AUG_3_B5101_1_0.0001_0.0001__7_B5101_0404_Hubber_B5101.csv,B5101 epitope,1.0,1.0,2.0
3234,B5701,Hubber,epitope,0.2,0,0.0001,0.0001,7,0.8571428571428573,0.7367054781540388,0.15549391376243957,0.36412692070007324,-0.24678986582848506,0.39432716589456474,2025-05-28 10:13:55,/global/scratch/users/sergiomar10/losses/ESMCBA_28062025/evaluation_ESMCBA_epitope_0.2_0_ESMMASK_epitope_FT_25_0.001_5e-05_AUG_4_B5701_1_0.0001_0.0001__2_B5701_0404_Hubber_B5701.csv,B5701 epitope,6.0,2.0,8.0
57,A8001,Hubber,epitope,0.95,30,0.0001,0.0001,30,0.8560390651856851,0.8682579786594516,0.2704908435497965,0.4159280896186829,0.7093583462689507,0.5200873422318568,2025-05-28 21:00:59,/global/scratch/users/sergiomar10/losses/ESMCBA_28062025/evaluation_ESMCBA_epitope_0.95_30_ESMMASK_epitope_FT_15_0.001_1e-05_AUG_3_A8001_2_0.0001_0.0001__8_A8001_0404_Hubber_A8001.csv,A8001 epitope,1.0,3.0,4.0
339,A8001,Hubber,HLA,0.95,30,0.0001,0.0001,30,0.8538433271852159,0.8658587207905788,0.47660525680167304,0.47473118702570594,0.7257233678703978,0.6903660310311285,2025-04-23 02:24:13,/global/scratch/users/sergiomar10/losses/ESMCBA_22042025/evaluation_ESMCBA_HLA_0.95_30_ESMMASK_HLA_FT_15_0.0001_1e-05_AUG_3_A8001_2_0.0001_0.0001__1_A8001_0404_Hubber_A8001.csv,A8001 HLA,1.0,1.0,2.0
36,A2403,Hubber,HLA,0.8,30,0.0001,0.0001,45,0.8514232322425078,0.8970555800777499,0.27964007693437104,0.40613431798087224,0.7978380480666155,0.5288100575200618,2025-04-23 01:00:09,/global/scratch/users/sergiomar10/losses/ESMCBA_22042025/evaluation_ESMCBA_HLA_0.8_30_ESMMASK_HLA_FT_20_0.0001_5e-05_AUG_3_A2403_2_0.0001_0.0001__1_A2403_0404_Hubber_A2403.csv,A2403 HLA,2.0,3.0,5.0
5689,A0212,Hubber,epitope,0.4,30,0.0001,0.0001,18,0.8482780084287228,0.8190739104739118,0.8243625888327968,0.792249427901374,0.47467658620069386,0.9079441551289357,2025-05-28 09:12:35,/global/scratch/users/sergiomar10/losses/ESMCBA_28062025/evaluation_ESMCBA_epitope_0.4_30_ESMMASK_epitope_FT_15_1e-05_1e-06_AUG_4_A0212_2_0.0001_0.0001__1_A0212_0404_Hubber_A0212.csv,A0212 epitope,6.0,1.0,7.0
1352,A0219,Hubber,epitope,0.6,30,0.0001,0.0001,16,0.8410481919031223,0.7087838335352306,0.7235626960072302,0.6924482546746731,0.4979763073041972,0.8506248856030666,2025-05-28 10:06:10,/global/scratch/users/sergiomar10/losses/ESMCBA_28062025/evaluation_ESMCBA_epitope_0.6_30_ESMMASK_epitope_FT_25_0.0001_5e-05_AUG_4_A0219_2_0.0001_0.0001__2_A0219_0404_Hubber_A0219.csv,A0219 epitope,2.0,1.0,3.0
5953,B4501,Hubber,epitope,0.4,30,0.0001,0.0001,20,0.8360902255639097,0.8275871863174701,0.3127057877567516,0.4604034125804901,0.6382170796691855,0.5592010262479421,2025-05-28 22:11:15,/global/scratch/users/sergiomar10/losses/ESMCBA_28062025/evaluation_ESMCBA_epitope_0.4_30_ESMMASK_epitope_FT_20_0.0001_1e-05_AUG_4_B4501_2_0.0001_0.0001__8_B4501_0404_Hubber_B4501.csv,B4501 epitope,2.0,1.0,3.0
10,A3101,Hubber,epitope,0.85,30,0.0001,0.0001,8,0.8333333333333335,0.9355426681982582,0.37045322861610164,0.4777696281671524,0.7507128954556734,0.6086486906386159,2025-04-23 02:47:19,/global/scratch/users/sergiomar10/losses/ESMCBA_22042025/evaluation_ESMCBA_epitope_0.85_30_ESMMASK_epitope_FT_20_0.0001_1e-05_AUG_4_A3101_2_0.0001_0.0001__1_A3101_0404_Hubber_A3101.csv,A3101 epitope,2.0,3.5,5.5
126,A0207,Hubber,epitope,0.8,30,0.0001,0.0001,6,0.8285714285714287,0.8835084249787263,0.39275040653849463,0.4626476665337878,0.7051379265686331,0.6266980186170167,2025-04-23 02:32:50,/global/scratch/users/sergiomar10/losses/ESMCBA_22042025/evaluation_ESMCBA_epitope_0.8_30_ESMMASK_epitope_FT_15_0.0001_1e-06_AUG_3_A0207_2_0.0001_0.0001__1_A0207_0404_Hubber_A0207.csv,A0207 epitope,12.0,2.0,14.0
337,B5401,Hubber,epitope,0.85,30,0.0001,0.0001,45,0.8238471673254282,0.7947985622258471,0.32075849832405595,0.4295405334896512,0.6300289155129899,0.5663554522771507,2025-04-23 02:38:05,/global/scratch/users/sergiomar10/losses/ESMCBA_22042025/evaluation_ESMCBA_epitope_0.85_30_ESMMASK_epitope_FT_15_0.001_1e-06_AUG_3_B5401_2_0.0001_0.0001__1_B5401_0404_Hubber_B5401.csv,B5401 epitope,2.0,1.0,3.0
3199,C0303,Hubber,HLA,0.6,0,,4,7,0.8214285714285715,0.6862613933207704,0.81060403001528,0.7008042165211269,0.03951281872777501,0.9003355096936253,2025-05-28 18:37:48,/global/scratch/users/sergiomar10/losses/ESMCBA_28062025/evaluation_ESMCBA_HLA_0.6_0_False-Full_pretraining_100000_seq_AUG_3_ALL_HLAS_0.0001_0.0001__4_C0303_0404_Hubber_C0303.csv,C0303 HLA,12.0,2.0,14.0
6352,B5701,Hubber,HLA,0.4,30,,2,7,0.8214285714285715,0.5662585368593918,0.09817136357233573,0.23774417809077666,0.2128369641299871,0.31332309773193506,2025-05-28 14:00:45,/global/scratch/users/sergiomar10/losses/ESMCBA_28062025/evaluation_ESMCBA_HLA_0.4_30_False-Full_pretraining_100000_seq_AUG_3_ALL_HLAS_0.0001_0.0001__2_B5701_0404_Hubber_B5701.csv,B5701 HLA,2.0,1.0,3.0
2570,B1801,Hubber,HLA,0.4,30,,2,12,0.8181818181818183,0.9425400445300092,1.0062413471608822,0.8605531255404154,0.645193506868248,1.0031158194151273,2025-05-28 22:48:21,/global/scratch/users/sergiomar10/losses/ESMCBA_28062025/evaluation_ESMCBA_HLA_0.4_30_False-Full_pretraining_100000_seq_AUG_3_ALL_HLAS_0.0001_0.0001__2_B1801_0404_Hubber_B1801.csv,B1801 HLA,4.0,2.0,6.0
2791,B5801,Hubber,epitope,0.95,30,,5,122,0.8175221592660769,0.8193366131370188,0.39061974071166,0.4711334294960147,0.669493590804056,0.6249957925551659,2025-05-28 14:00:31,/global/scratch/users/sergiomar10/losses/ESMCBA_28062025/evaluation_ESMCBA_epitope_0.95_30_False-Full_pretraining_100000_seq_AUG_3_ALL_HLAS_0.0001_0.0001__5_B5801_0404_Hubber_B5801.csv,B5801 epitope,2.0,2.0,4.0
278,B4403,Hubber,epitope,0.4,30,0.0001,0.0001,9,0.8166666666666667,0.8109601302935368,0.976596715651017,0.6503387408124076,0.513268869672635,0.9882290805531969,2025-05-28 20:28:36,/global/scratch/users/sergiomar10/losses/ESMCBA_28062025/evaluation_ESMCBA_epitope_0.4_30_ESMMASK_epitope_FT_25_0.0001_1e-06_AUG_4_B4403_2_0.0001_0.0001__7_B4403_0404_Hubber_B4403.csv,B4403 epitope,1.0,1.0,2.0
1583,A3301,Hubber,HLA,0.4,30,,5,8,0.8117540630909458,0.9016836867849289,0.3454952122363172,0.4661935716867448,0.7412929885435628,0.5877884077083497,2025-05-28 17:45:41,/global/scratch/users/sergiomar10/losses/ESMCBA_28062025/evaluation_ESMCBA_HLA_0.4_30_False-Full_pretraining_100000_seq_AUG_3_ALL_HLAS_0.0001_0.0001__5_A3301_0404_Hubber_A3301.csv,A3301 HLA,4.0,2.0,6.0
7093,C0501,Hubber,epitope,0.4,0,0.0001,0.0001,6,0.8116794499134278,0.7013028980598426,0.33932178621727394,0.4446576833724976,0.06363881253185621,0.5825133356561667,2025-05-28 11:03:28,/global/scratch/users/sergiomar10/losses/ESMCBA_28062025/evaluation_ESMCBA_epitope_0.4_0_ESMMASK_epitope_FT_20_0.0001_1e-05_AUG_1_C0501_2_0.0001_0.0001__2_C0501_0404_Hubber_C0501.csv,C0501 epitope,3.0,4.0,7.0
4978,B5401,Hubber,HLA,0.95,30,,4,46,0.8102624198246282,0.7968191294527045,0.4056956287721116,0.5071443889452064,0.5950918899208462,0.6369424061656687,2025-05-28 19:39:49,/global/scratch/users/sergiomar10/losses/ESMCBA_28062025/evaluation_ESMCBA_HLA_0.95_30_False-Full_pretraining_100000_seq_AUG_3_ALL_HLAS_0.0001_0.0001__4_B5401_0404_Hubber_B5401.csv,B5401 HLA,1.0,1.0,2.0
73,B4601,Hubber,HLA,0.95,30,0.0001,0.0001,35,0.8068584189331369,0.887213531605653,0.21056593340934252,0.29933788095201763,0.7628422871982528,0.4588746380105818,2025-04-23 02:18:30,/global/scratch/users/sergiomar10/losses/ESMCBA_22042025/evaluation_ESMCBA_HLA_0.95_30_ESMMASK_HLA_FT_15_0.001_1e-06_AUG_3_B4601_1_0.0001_0.0001__1_B4601_0404_Hubber_B4601.csv,B4601 HLA,1.0,2.0,3.0
1627,A2603,Hubber,epitope,0.8,30,,5,8,0.80511756018254,0.8824739106950888,0.5312872304334065,0.6348190307617188,0.41802134326038354,0.7288945262748284,2025-05-28 13:16:04,/global/scratch/users/sergiomar10/losses/ESMCBA_28062025/evaluation_ESMCBA_epitope_0.8_30_False-Full_pretraining_100000_seq_AUG_3_ALL_HLAS_0.0001_0.0001__5_A2603_0404_Hubber_A2603.csv,A2603 epitope,4.0,1.0,5.0
4961,A1101,Hubber,HLA,0.6,30,0.0001,0.0001,110,0.8001525426741523,0.7799147592376227,0.784408177752744,0.7300405064767057,0.5864859988676239,0.8856682097449043,2025-05-28 20:33:19,/global/scratch/users/sergiomar10/losses/ESMCBA_28062025/evaluation_ESMCBA_HLA_0.6_30_ESMMASK_HLA_FT_25_0.001_1e-06_AUG_4_A1101_1_0.0001_0.0001__8_A1101_0404_Hubber_A1101.csv,A1101 HLA,1.0,1.0,2.0
7044,B5301,Hubber,epitope,0.95,30,0.0001,0.0001,87,0.7953978998418624,0.7907519545625329,0.46619247132240005,0.5235895371471329,0.6222591855741659,0.682782887397158,2025-05-28 21:43:30,/global/scratch/users/sergiomar10/losses/ESMCBA_28062025/evaluation_ESMCBA_epitope_0.95_30_ESMMASK_epitope_FT_25_0.0001_1e-05_AUG_4_B5301_2_0.0001_0.0001__8_B5301_0404_Hubber_B5301.csv,B5301 epitope,1.0,1.0,2.0
4693,B8301,Hubber,HLA,0.8,30,,4,15,0.7943340313042001,0.8106016839832264,0.18632456701097153,0.2945764223734538,0.6397843940856082,0.4316532949149949,2025-05-28 18:39:44,/global/scratch/users/sergiomar10/losses/ESMCBA_28062025/evaluation_ESMCBA_HLA_0.8_30_False-Full_pretraining_100000_seq_AUG_3_ALL_HLAS_0.0001_0.0001__4_B8301_0404_Hubber_B8301.csv,B8301 HLA,2.0,4.0,6.0
277,C0702,Hubber,epitope,0.95,30,0.0001,0.0001,11,0.790909090909091,0.8097205850185589,0.30136957460199965,0.41834483363411645,0.5853742497835908,0.5489713786728773,2025-04-23 02:20:37,/global/scratch/users/sergiomar10/losses/ESMCBA_22042025/evaluation_ESMCBA_epitope_0.95_30_ESMMASK_epitope_FT_15_0.0001_1e-06_AUG_4_C0702_2_0.0001_0.0001__1_C0702_0404_Hubber_C0702.csv,C0702 epitope,4.0,2.0,6.0
3666,B1801,Hubber,epitope,0.8,30,0.0001,0.0001,12,0.7902097902097903,0.876239025413073,0.9917300066378258,0.8759818077087402,0.6503102890956464,0.9958564186858595,2025-05-28 22:34:06,/global/scratch/users/sergiomar10/losses/ESMCBA_28062025/evaluation_ESMCBA_epitope_0.8_30_ESMMASK_epitope_FT_25_0.001_5e-05_AUG_4_B1801_2_0.0001_0.0001__7_B1801_0404_Hubber_B1801.csv,B1801 epitope,1.0,4.5,5.5
1102,B4601,Hubber,epitope,0.8,30,,4,32,0.7892340660464077,0.7595405858885336,0.4423150164598507,0.46031335927546024,0.5289748302637062,0.6650676781049059,2025-05-28 13:57:06,/global/scratch/users/sergiomar10/losses/ESMCBA_28062025/evaluation_ESMCBA_epitope_0.8_30_False-Full_pretraining_100000_seq_AUG_3_ALL_HLAS_0.0001_0.0001__4_B4601_0404_Hubber_B4601.csv,B4601 epitope,7.0,5.0,12.0
3513,A6901,Hubber,HLA,0.8,30,,2,76,0.788209823475499,0.781553099508704,0.5379208339505046,0.521523963071798,0.6081436847227975,0.7334308651471553,2025-05-29 21:27:17,/global/scratch/users/sergiomar10/losses/ESMCBA_28062025/evaluation_ESMCBA_HLA_0.8_30_False-Full_pretraining_100000_seq_AUG_3_ALL_HLAS_0.0001_0.0001__2_A6901_0404_Hubber_A6901.csv,A6901 HLA,4.0,2.0,6.0
2760,C1402,Hubber,epitope,0.4,30,0.0001,0.0001,11,0.788156942310295,0.7477704481157794,0.19258545850011508,0.35910374468023126,0.5258735115140072,0.43884559756264513,2025-05-28 09:29:41,/global/scratch/users/sergiomar10/losses/ESMCBA_28062025/evaluation_ESMCBA_epitope_0.4_30_ESMMASK_epitope_FT_15_0.001_1e-06_AUG_3_C1402_2_0.0001_0.0001__1_C1402_0404_Hubber_C1402.csv,C1402 epitope,3.0,1.0,4.0
5201,B4801,Hubber,HLA,0.95,30,,2,23,0.7880327992252423,0.8212731754674844,0.2992801723950967,0.47429490089416504,0.6568754322053711,0.5470650531656146,2025-05-29 19:15:20,/global/scratch/users/sergiomar10/losses/ESMCBA_28062025/evaluation_ESMCBA_HLA_0.95_30_False-Full_pretraining_100000_seq_AUG_3_ALL_HLAS_0.0001_0.0001__2_B4801_0404_Hubber_B4801.csv,B4801 HLA,1.0,3.0,4.0
92,A1101,Hubber,epitope,0.95,30,0.0001,0.0001,110,0.7878869421640111,0.7817154228882527,0.7500550864413167,0.683913430436091,0.6045958103692728,0.86605720737219,2025-04-23 03:01:35,/global/scratch/users/sergiomar10/losses/ESMCBA_22042025/evaluation_ESMCBA_epitope_0.95_30_ESMMASK_epitope_FT_25_0.001_1e-05_AUG_4_A1101_1_0.0001_0.0001__1_A1101_0404_Hubber_A1101.csv,A1101 epitope,1.0,1.0,2.0
4626,B1501,Hubber,epitope,0.95,30,,5,22,0.7865612648221344,0.8165790515083247,0.6897445147231285,0.6675030562010679,0.5512251066250158,0.8305085879887868,2025-05-28 13:48:11,/global/scratch/users/sergiomar10/losses/ESMCBA_28062025/evaluation_ESMCBA_epitope_0.95_30_False-Full_pretraining_100000_seq_AUG_3_ALL_HLAS_0.0001_0.0001__5_B1501_0404_Hubber_B1501.csv,B1501 epitope,1.0,1.0,2.0
1054,A0212,Hubber,HLA,0.95,30,,2,25,0.785724893105037,0.782373826764915,0.8022267148906715,0.6356429302692413,0.5278016708513118,0.8956710974965484,2025-05-28 23:16:41,/global/scratch/users/sergiomar10/losses/ESMCBA_28062025/evaluation_ESMCBA_HLA_0.95_30_False-Full_pretraining_100000_seq_AUG_3_ALL_HLAS_0.0001_0.0001__2_A0212_0404_Hubber_A0212.csv,A0212 HLA,3.0,1.0,4.0
2490,A0217,Hubber,epitope,0.2,30,,4,7,0.7857142857142859,0.8855983054995621,0.3200731240337893,0.4397982529231482,0.24245754514728302,0.565750054382489,2025-05-28 13:16:40,/global/scratch/users/sergiomar10/losses/ESMCBA_28062025/evaluation_ESMCBA_epitope_0.2_30_False-Full_pretraining_100000_seq_AUG_3_ALL_HLAS_0.0001_0.0001__4_A0217_0404_Hubber_A0217.csv,A0217 epitope,4.0,2.5,6.5
373,A6901,Hubber,epitope,0.8,30,0.0001,0.0001,76,0.7837384549412433,0.7792843302456877,0.5483393856873197,0.5580739182861227,0.59905826031995,0.7404994163990406,2025-04-23 02:20:47,/global/scratch/users/sergiomar10/losses/ESMCBA_22042025/evaluation_ESMCBA_epitope_0.8_30_ESMMASK_epitope_FT_20_1e-05_5e-05_AUG_4_A6901_2_0.0001_0.0001__1_A6901_0404_Hubber_A6901.csv,A6901 epitope,6.0,1.0,7.0
1207,B4403,Hubber,HLA,0.8,30,,4,9,0.7833333333333333,0.8675241096032158,1.3140839943890557,0.7676702986160914,0.34506682473562167,1.1463350271142618,2025-05-28 17:41:14,/global/scratch/users/sergiomar10/losses/ESMCBA_28062025/evaluation_ESMCBA_HLA_0.8_30_False-Full_pretraining_100000_seq_AUG_3_ALL_HLAS_0.0001_0.0001__4_B4403_0404_Hubber_B4403.csv,B4403 HLA,4.0,3.0,7.0
5559,C0401,Hubber,epitope,0.2,30,0.0001,0.0001,7,0.7572401854185358,0.7106780702420116,0.2104186665637339,0.23616824831281388,0.4097019428245041,0.45871414471731076,2025-05-28 09:05:27,/global/scratch/users/sergiomar10/losses/ESMCBA_28062025/evaluation_ESMCBA_epitope_0.2_30_ESMMASK_epitope_FT_25_0.0001_5e-05_AUG_4_C0401_1_0.0001_0.0001__1_C0401_0404_Hubber_C0401.csv,C0401 epitope,6.0,3.0,9.0
5431,A2602,Hubber,epitope,0.6,30,0.0001,0.0001,16,0.7551655274804878,0.8089572511471907,0.42189125361429813,0.5615634024143219,0.42511532265803276,0.6495315647559387,2025-05-28 20:45:10,/global/scratch/users/sergiomar10/losses/ESMCBA_28062025/evaluation_ESMCBA_epitope_0.6_30_ESMMASK_epitope_FT_20_0.001_1e-05_AUG_4_A2602_2_0.0001_0.0001__7_A2602_0404_Hubber_A2602.csv,A2602 epitope,2.0,2.0,4.0
2321,C0303,Hubber,epitope,0.6,0,0.0001,0.0001,7,0.7500000000000002,0.6842297292136021,0.6721059857891143,0.7425491469247001,0.009303180911432674,0.8198207034401572,2025-05-28 09:49:27,/global/scratch/users/sergiomar10/losses/ESMCBA_28062025/evaluation_ESMCBA_epitope_0.6_0_ESMMASK_epitope_FT_20_0.001_5e-05_AUG_3_C0303_1_0.0001_0.0001__1_C0303_0404_Hubber_C0303.csv,C0303 epitope,12.0,1.0,13.0
2256,B5101,Hubber,HLA,0.8,30,,5,7,0.7500000000000002,0.6137897380038306,0.5018985525609554,0.6591473988124302,0.330943464158186,0.708447988606754,2025-05-28 18:58:53,/global/scratch/users/sergiomar10/losses/ESMCBA_28062025/evaluation_ESMCBA_HLA_0.8_30_False-Full_pretraining_100000_seq_AUG_3_ALL_HLAS_0.0001_0.0001__5_B5101_0404_Hubber_B5101.csv,B5101 HLA,1.0,2.5,3.5
421,A2601,Hubber,HLA,0.95,30,,4,15,0.7499999999999999,0.815450652034597,0.744518777519458,0.7501689314842224,0.6005447042573238,0.8628550153527869,2025-05-28 19:15:38,/global/scratch/users/sergiomar10/losses/ESMCBA_28062025/evaluation_ESMCBA_HLA_0.95_30_False-Full_pretraining_100000_seq_AUG_3_ALL_HLAS_0.0001_0.0001__4_A2601_0404_Hubber_A2601.csv,A2601 HLA,1.0,2.0,3.0
5275,B1501,Hubber,HLA,0.4,30,,4,22,0.7470355731225299,0.8124363530027271,0.7798118957374811,0.7029793181202627,0.4926237282182514,0.8830695871433243,2025-05-28 18:51:21,/global/scratch/users/sergiomar10/losses/ESMCBA_28062025/evaluation_ESMCBA_HLA_0.4_30_False-Full_pretraining_100000_seq_AUG_3_ALL_HLAS_0.0001_0.0001__4_B1501_0404_Hubber_B1501.csv,B1501 HLA,2.0,1.0,3.0
1941,B3801,Hubber,epitope,0.4,30,0.0001,0.0001,12,0.74389001356746,0.7830490064384631,1.4117121546277371,1.052863210439682,0.11080437463840931,1.188154937130565,2025-05-28 09:28:02,/global/scratch/users/sergiomar10/losses/ESMCBA_28062025/evaluation_ESMCBA_epitope_0.4_30_ESMMASK_epitope_FT_25_0.0001_1e-05_AUG_4_B3801_2_0.0001_0.0001__1_B3801_0404_Hubber_B3801.csv,B3801 epitope,4.0,1.0,5.0
1691,A3001,Hubber,HLA,0.8,30,,5,10,0.742387174159217,0.7766393795773154,0.7739378814267355,0.7399883985519409,-0.08557705696878126,0.8797373934457575,2025-05-28 18:36:13,/global/scratch/users/sergiomar10/losses/ESMCBA_28062025/evaluation_ESMCBA_HLA_0.8_30_False-Full_pretraining_100000_seq_AUG_3_ALL_HLAS_0.0001_0.0001__5_A3001_0404_Hubber_A3001.csv,A3001 HLA,7.0,2.0,9.0
390,A0205,Hubber,HLA,0.95,30,,2,9,0.7405931817601112,0.696117556395455,0.4152175724991278,0.45467739635043675,0.3601653476793203,0.6443737832183489,2025-05-29 16:52:40,/global/scratch/users/sergiomar10/losses/ESMCBA_28062025/evaluation_ESMCBA_HLA_0.95_30_False-Full_pretraining_100000_seq_AUG_3_ALL_HLAS_0.0001_0.0001__2_A0205_0404_Hubber_A0205.csv,A0205 HLA,8.0,3.0,11.0
9,A0207,Hubber,HLA,0.85,30,0.0001,0.0001,6,0.7247137945655605,0.5831382173279329,0.20905059763041814,0.30604473749796557,-0.048035730241844155,0.4572205131338905,2025-04-23 02:43:36,/global/scratch/users/sergiomar10/losses/ESMCBA_22042025/evaluation_ESMCBA_HLA_0.85_30_ESMMASK_HLA_FT_20_0.0001_1e-05_AUG_3_A0207_1_0.0001_0.0001__1_A0207_0404_Hubber_A0207.csv,A0207 HLA,5.0,2.0,7.0
1531,B4501,Hubber,HLA,0.8,30,,5,37,0.7182739624970207,0.7134099432207759,0.48653746110600327,0.5632170664297568,0.4993314842673894,0.6975223731938662,2025-05-28 18:54:39,/global/scratch/users/sergiomar10/losses/ESMCBA_28062025/evaluation_ESMCBA_HLA_0.8_30_False-Full_pretraining_100000_seq_AUG_3_ALL_HLAS_0.0001_0.0001__5_B4501_0404_Hubber_B4501.csv,B4501 HLA,2.0,1.0,3.0
1716,B1509,Hubber,epitope,0.95,30,,4,14,0.7125515539884951,0.8523956368046117,0.29704679094521685,0.4737741947174072,-2.5075411241204684,0.5450199913262053,2025-05-28 13:44:54,/global/scratch/users/sergiomar10/losses/ESMCBA_28062025/evaluation_ESMCBA_epitope_0.95_30_False-Full_pretraining_100000_seq_AUG_3_ALL_HLAS_0.0001_0.0001__4_B1509_0404_Hubber_B1509.csv,B1509 epitope,1.0,3.0,4.0
263,B1517,Hubber,epitope,0.95,30,0.0001,0.0001,51,0.7010664221106279,0.6795825548892087,0.8314681608100617,0.7045287186024236,0.4387012987402634,0.911848759833593,2025-04-23 02:44:29,/global/scratch/users/sergiomar10/losses/ESMCBA_22042025/evaluation_ESMCBA_epitope_0.95_30_ESMMASK_epitope_FT_25_0.001_1e-06_AUG_3_B1517_2_0.0001_0.0001__1_B1517_0404_Hubber_B1517.csv,B1517 epitope,6.0,1.0,7.0
178,A2601,Hubber,epitope,0.95,30,0.0001,0.0001,15,0.7,0.8033420023210721,0.9513422844253315,0.8097105145454406,0.48957806699817963,0.9753677688058651,2025-05-28 20:39:46,/global/scratch/users/sergiomar10/losses/ESMCBA_28062025/evaluation_ESMCBA_epitope_0.95_30_ESMMASK_epitope_FT_20_0.0001_1e-06_AUG_4_A2601_1_0.0001_0.0001__8_A2601_0404_Hubber_A2601.csv,A2601 epitope,1.0,1.0,2.0
602,A0219,Hubber,HLA,0.4,30,,2,13,0.6987626968085264,0.6848498024132073,0.6166979463993665,0.599545616369981,0.433027912427864,0.7853011819673815,2025-05-28 14:52:43,/global/scratch/users/sergiomar10/losses/ESMCBA_28062025/evaluation_ESMCBA_HLA_0.4_30_False-Full_pretraining_100000_seq_AUG_3_ALL_HLAS_0.0001_0.0001__2_A0219_0404_Hubber_A0219.csv,A0219 HLA,1.0,5.0,6.0
1224,B3801,Hubber,HLA,0.95,30,,2,12,0.6869414957823913,0.6515752437956528,1.3813011176487429,0.9735216995080312,0.12995938506726123,1.1752876744221998,2025-05-29 01:37:27,/global/scratch/users/sergiomar10/losses/ESMCBA_28062025/evaluation_ESMCBA_HLA_0.95_30_False-Full_pretraining_100000_seq_AUG_3_ALL_HLAS_0.0001_0.0001__2_B3801_0404_Hubber_B3801.csv,B3801 HLA,1.0,2.0,3.0
290,A6801,Hubber,HLA,0.8,30,0.0001,0.0001,39,0.6867626359833614,0.7909777733559165,0.7379784935636392,0.6722220006661538,0.5916640821687911,0.859056746416463,2025-04-23 02:54:13,/global/scratch/users/sergiomar10/losses/ESMCBA_22042025/evaluation_ESMCBA_HLA_0.8_30_ESMMASK_HLA_FT_15_0.0001_5e-05_AUG_3_A6801_2_0.0001_0.0001__1_A6801_0404_Hubber_A6801.csv,A6801 HLA,1.0,1.0,2.0
2981,C0501,Hubber,HLA,0.95,30,,4,9,0.6833333333333333,0.6581605329966489,0.4000918902601017,0.4957641495598687,0.10429610208841811,0.6325281734911906,2025-05-28 17:11:17,/global/scratch/users/sergiomar10/losses/ESMCBA_28062025/evaluation_ESMCBA_HLA_0.95_30_False-Full_pretraining_100000_seq_AUG_3_ALL_HLAS_0.0001_0.0001__4_C0501_0404_Hubber_C0501.csv,C0501 HLA,1.0,7.0,8.0
6277,A0216,Hubber,epitope,0.8,30,,5,13,0.6809399224343453,0.7354427938669451,0.8368023181750573,0.7209282769606664,0.4381193691643158,0.9147689971654359,2025-05-28 13:28:47,/global/scratch/users/sergiomar10/losses/ESMCBA_28062025/evaluation_ESMCBA_epitope_0.8_30_False-Full_pretraining_100000_seq_AUG_3_ALL_HLAS_0.0001_0.0001__5_A0216_0404_Hubber_A0216.csv,A0216 epitope,4.0,3.0,7.0
2622,C1502,Hubber,HLA,0.4,0,0.0001,0.0001,7,0.6785714285714287,0.2296325747878776,0.5893069300424119,0.5585829360144479,-0.0062946836175015175,0.7676632921029973,2025-05-28 10:25:06,/global/scratch/users/sergiomar10/losses/ESMCBA_28062025/evaluation_ESMCBA_HLA_0.4_0_ESMMASK_HLA_FT_25_0.001_5e-05_AUG_3_C1502_2_0.0001_0.0001__2_C1502_0404_Hubber_C1502.csv,C1502 HLA,7.0,5.0,12.0
2832,C0602,Hubber,epitope,0.4,30,,5,10,0.6727272727272726,0.5372689845699001,0.3562703517342811,0.4618394374847412,0.27705454338310576,0.5968838678790717,2025-05-28 13:13:57,/global/scratch/users/sergiomar10/losses/ESMCBA_28062025/evaluation_ESMCBA_epitope_0.4_30_False-Full_pretraining_100000_seq_AUG_3_ALL_HLAS_0.0001_0.0001__5_C0602_0404_Hubber_C0602.csv,C0602 epitope,2.0,4.0,6.0
88,A6801,Hubber,epitope,0.95,30,0.0001,0.0001,39,0.6708550328778159,0.7665359161928603,0.8024716988901355,0.7185219717331421,0.555978906488803,0.8958078470800171,2025-04-23 02:24:49,/global/scratch/users/sergiomar10/losses/ESMCBA_22042025/evaluation_ESMCBA_epitope_0.95_30_ESMMASK_epitope_FT_15_0.001_1e-06_AUG_4_A6801_2_0.0001_0.0001__1_A6801_0404_Hubber_A6801.csv,A6801 epitope,1.0,1.0,2.0
4138,C1502,Hubber,epitope,0.95,30,,5,13,0.6703296703296703,0.639298252565183,0.30759693706770214,0.4757274114168606,0.22393072976850703,0.554614223643518,2025-05-28 13:34:28,/global/scratch/users/sergiomar10/losses/ESMCBA_28062025/evaluation_ESMCBA_epitope_0.95_30_False-Full_pretraining_100000_seq_AUG_3_ALL_HLAS_0.0001_0.0001__5_C1502_0404_Hubber_C1502.csv,C1502 epitope,2.0,2.0,4.0
2109,A0101,Hubber,HLA,0.8,30,,4,128,0.6595513133491715,0.7231588241347335,2.0716038851465326,1.1493996114004403,0.21621847343476475,1.4393067376853805,2025-05-28 17:18:46,/global/scratch/users/sergiomar10/losses/ESMCBA_28062025/evaluation_ESMCBA_HLA_0.8_30_False-Full_pretraining_100000_seq_AUG_3_ALL_HLAS_0.0001_0.0001__4_A0101_0404_Hubber_A0101.csv,A0101 HLA,1.0,1.0,2.0
6527,B4002,Hubber,epitope,0.6,30,,4,33,0.6537979466296233,0.6972626652255706,0.4682296133471224,0.5674660422585227,0.4503092907475016,0.6842730546697878,2025-05-28 13:28:56,/global/scratch/users/sergiomar10/losses/ESMCBA_28062025/evaluation_ESMCBA_epitope_0.6_30_False-Full_pretraining_100000_seq_AUG_3_ALL_HLAS_0.0001_0.0001__4_B4002_0404_Hubber_B4002.csv,B4002 epitope,2.0,3.0,5.0
5760,B0702,Hubber,HLA,0.95,30,0.0001,0.0001,109,0.6458884200837732,0.7012093500038666,1.2988614914332988,0.9124695885618892,0.43349748380296627,1.1396760467050708,2025-05-28 23:00:45,/global/scratch/users/sergiomar10/losses/ESMCBA_28062025/evaluation_ESMCBA_HLA_0.95_30_ESMMASK_HLA_FT_15_0.0001_5e-05_AUG_1_B0702_1_0.0001_0.0001__7_B0702_0404_Hubber_B0702.csv,B0702 HLA,1.0,4.0,5.0
2086,B7301,Hubber,HLA,0.6,30,,4,7,0.642857142857143,0.648043891153653,0.38671766629417853,0.5534594058990479,-0.37371730790939606,0.6218662768587621,2025-05-28 18:41:47,/global/scratch/users/sergiomar10/losses/ESMCBA_28062025/evaluation_ESMCBA_HLA_0.6_30_False-Full_pretraining_100000_seq_AUG_3_ALL_HLAS_0.0001_0.0001__4_B7301_0404_Hubber_B7301.csv,B7301 HLA,6.0,4.0,10.0
165,A3301,Hubber,epitope,0.95,30,0.0001,0.0001,8,0.6341828617898013,0.9070282625390093,0.4403527503851894,0.4123793095350264,0.6702636100182702,0.6635908004072912,2025-04-23 02:28:08,/global/scratch/users/sergiomar10/losses/ESMCBA_22042025/evaluation_ESMCBA_epitope_0.95_30_ESMMASK_epitope_FT_15_0.001_1e-06_AUG_4_A3301_2_0.0001_0.0001__1_A3301_0404_Hubber_A3301.csv,A3301 epitope,2.0,1.5,3.5
2253,B5301,Hubber,HLA,0.6,30,,4,70,0.6340055121764808,0.5982954427752497,0.5997399799321852,0.5962671203272684,0.3310355741810963,0.7744288088211757,2025-05-28 18:46:05,/global/scratch/users/sergiomar10/losses/ESMCBA_28062025/evaluation_ESMCBA_HLA_0.6_30_False-Full_pretraining_100000_seq_AUG_3_ALL_HLAS_0.0001_0.0001__4_B5301_0404_Hubber_B5301.csv,B5301 HLA,2.0,2.0,4.0
3672,B1517,Hubber,HLA,0.4,30,,2,38,0.6336326706240946,0.6153456505054196,0.6262285941025926,0.6900138353046618,0.31314266148862846,0.7913460646914171,2025-05-29 19:26:51,/global/scratch/users/sergiomar10/losses/ESMCBA_28062025/evaluation_ESMCBA_HLA_0.4_30_False-Full_pretraining_100000_seq_AUG_3_ALL_HLAS_0.0001_0.0001__2_B1517_0404_Hubber_B1517.csv,B1517 HLA,3.0,2.0,5.0
235,B0702,Hubber,epitope,0.95,30,0.0001,0.0001,109,0.6272192860294235,0.701545306566464,1.5074667994757376,0.9938837959678894,0.3425136239552994,1.227789395407754,2025-04-23 03:06:41,/global/scratch/users/sergiomar10/losses/ESMCBA_22042025/evaluation_ESMCBA_epitope_0.95_30_ESMMASK_epitope_FT_25_0.0001_1e-05_AUG_3_B0702_1_0.0001_0.0001__1_B0702_0404_Hubber_B0702.csv,B0702 epitope,1.0,6.0,7.0
4824,A0101,Hubber,epitope,0.8,30,,5,128,0.6234333548465189,0.6131808840069415,2.526265518946232,1.323402231791988,0.04419939586629129,1.589423014476081,2025-05-28 13:38:20,/global/scratch/users/sergiomar10/losses/ESMCBA_28062025/evaluation_ESMCBA_epitope_0.8_30_False-Full_pretraining_100000_seq_AUG_3_ALL_HLAS_0.0001_0.0001__5_A0101_0404_Hubber_A0101.csv,A0101 epitope,9.0,3.0,12.0
4153,B1503,Hubber,HLA,0.95,30,,2,20,0.6210526315789473,0.599223282543211,0.5531890851124267,0.5773650109767914,0.2355238613037891,0.743766821734088,2025-05-28 13:27:10,/global/scratch/users/sergiomar10/losses/ESMCBA_28062025/evaluation_ESMCBA_HLA_0.95_30_False-Full_pretraining_100000_seq_AUG_3_ALL_HLAS_0.0001_0.0001__2_B1503_0404_Hubber_B1503.csv,B1503 HLA,6.0,3.0,9.0
2246,A2602,Hubber,HLA,0.2,30,,4,8,0.6190476190476191,0.6822815682420301,0.48145876025593987,0.5781876146793365,-0.39359303811865143,0.6938722939100104,2025-05-28 18:45:51,/global/scratch/users/sergiomar10/losses/ESMCBA_28062025/evaluation_ESMCBA_HLA_0.2_30_False-Full_pretraining_100000_seq_AUG_3_ALL_HLAS_0.0001_0.0001__4_A2602_0404_Hubber_A2602.csv,A2602 HLA,3.0,1.0,4.0
6752,B3906,Hubber,epitope,0.8,30,,4,13,0.6189827038658207,0.5463385418346438,0.983331409440487,0.8191273900178763,0.19959853394149407,0.9916306819781683,2025-05-28 13:55:42,/global/scratch/users/sergiomar10/losses/ESMCBA_28062025/evaluation_ESMCBA_epitope_0.8_30_False-Full_pretraining_100000_seq_AUG_3_ALL_HLAS_0.0001_0.0001__4_B3906_0404_Hubber_B3906.csv,B3906 epitope,1.0,2.5,3.5
4017,B1509,Hubber,HLA,0.95,30,,5,14,0.589089898002982,0.6767038558765879,0.39338981984446614,0.50046249798366,0.02052077521314366,0.6272079558204489,2025-05-28 18:29:39,/global/scratch/users/sergiomar10/losses/ESMCBA_28062025/evaluation_ESMCBA_HLA_0.95_30_False-Full_pretraining_100000_seq_AUG_3_ALL_HLAS_0.0001_0.0001__5_B1509_0404_Hubber_B1509.csv,B1509 HLA,9.0,4.0,13.0
3079,C0602,Hubber,HLA,0.6,30,0.0001,0.0001,13,0.5879120879120878,0.5647899638323024,0.34597113977598865,0.4094104033250075,-0.2218573040310905,0.5881931143561514,2025-05-28 21:47:20,/global/scratch/users/sergiomar10/losses/ESMCBA_28062025/evaluation_ESMCBA_HLA_0.6_30_ESMMASK_HLA_FT_25_0.0001_5e-05_AUG_4_C0602_2_0.0001_0.0001__7_C0602_0404_Hubber_C0602.csv,C0602 HLA,1.0,5.0,6.0
4091,A0301,Hubber,HLA,0.8,30,0.0001,0.0001,223,0.5824024513037862,0.5300189817703382,2.029284903507441,1.1441727624746716,0.039619656948110316,1.424529713100938,2025-05-28 21:06:32,/global/scratch/users/sergiomar10/losses/ESMCBA_28062025/evaluation_ESMCBA_HLA_0.8_30_ESMMASK_HLA_FT_15_0.001_1e-05_AUG_3_A0301_2_0.0001_0.0001__7_A0301_0404_Hubber_A0301.csv,A0301 HLA,6.0,1.0,7.0
69,C1402,Hubber,HLA,0.95,30,,4,19,0.5765687259745489,0.43956313322906615,0.6165173324684909,0.4896717565624337,0.03209735524069113,0.7851861769469015,2025-05-28 19:49:26,/global/scratch/users/sergiomar10/losses/ESMCBA_28062025/evaluation_ESMCBA_HLA_0.95_30_False-Full_pretraining_100000_seq_AUG_3_ALL_HLAS_0.0001_0.0001__4_C1402_0404_Hubber_C1402.csv,C1402 HLA,8.0,4.0,12.0
1881,A0301,Hubber,epitope,0.6,30,,5,223,0.5728251053962716,0.5225414081326789,1.8362010150115253,1.07952732883494,0.13099863027560799,1.3550649486321773,2025-05-28 13:49:38,/global/scratch/users/sergiomar10/losses/ESMCBA_28062025/evaluation_ESMCBA_epitope_0.6_30_False-Full_pretraining_100000_seq_AUG_3_ALL_HLAS_0.0001_0.0001__5_A0301_0404_Hubber_A0301.csv,A0301 epitope,4.0,4.0,8.0
5242,A0201,Hubber,HLA,0.8,30,,5,495,0.570203470170849,0.5693270447323684,1.793814515908847,1.0247750116869656,0.20201471167376284,1.33933360889244,2025-05-28 20:13:52,/global/scratch/users/sergiomar10/losses/ESMCBA_28062025/evaluation_ESMCBA_HLA_0.8_30_False-Full_pretraining_100000_seq_AUG_3_ALL_HLAS_0.0001_0.0001__5_A0201_0404_Hubber_A0201.csv,A0201 HLA,2.0,1.0,3.0
2244,B4002,Hubber,HLA,0.4,30,,4,22,0.5674760022586111,0.603343230890242,0.8292303310785827,0.7138946869156577,0.269097397498557,0.9106208492443947,2025-05-28 19:12:00,/global/scratch/users/sergiomar10/losses/ESMCBA_28062025/evaluation_ESMCBA_HLA_0.4_30_False-Full_pretraining_100000_seq_AUG_3_ALL_HLAS_0.0001_0.0001__4_B4002_0404_Hubber_B4002.csv,B4002 HLA,7.0,3.0,10.0
4946,A0201,Hubber,epitope,0.2,30,0.0001,0.0001,495,0.566515642838243,0.5400442640088077,1.6416163160271535,1.052560192482038,0.2697206664077689,1.2812557574610752,2025-05-28 22:54:58,/global/scratch/users/sergiomar10/losses/ESMCBA_28062025/evaluation_ESMCBA_epitope_0.2_30_ESMMASK_epitope_FT_15_0.001_1e-05_AUG_3_A0201_2_0.0001_0.0001__7_A0201_0404_Hubber_A0201.csv,A0201 epitope,2.0,3.0,5.0
3985,A0211,Hubber,epitope,0.4,30,0.0001,0.0001,12,0.5614069646580031,0.8429812766354312,0.5436285167771716,0.6109236106276512,0.6122690528808074,0.7373116822465053,2025-05-28 20:42:56,/global/scratch/users/sergiomar10/losses/ESMCBA_28062025/evaluation_ESMCBA_epitope_0.4_30_ESMMASK_epitope_FT_25_0.0001_1e-06_AUG_3_A0211_1_0.0001_0.0001__8_A0211_0404_Hubber_A0211.csv,A0211 epitope,1.0,8.0,9.0
970,B1503,Hubber,epitope,0.4,30,0.0001,0.0001,13,0.5549450549450549,0.6338015451481449,0.4694869579718693,0.5708683087275579,0.3961185104102626,0.685191183518782,2025-05-28 09:01:39,/global/scratch/users/sergiomar10/losses/ESMCBA_28062025/evaluation_ESMCBA_epitope_0.4_30_ESMMASK_epitope_FT_15_0.001_1e-05_AUG_4_B1503_2_0.0001_0.0001__1_B1503_0404_Hubber_B1503.csv,B1503 epitope,2.0,3.0,5.0
4127,A0216,Hubber,HLA,0.95,30,,2,14,0.5533391009741849,0.6356654962111434,1.061777527540732,0.7523921302386692,0.03579379366643742,1.0304258961908574,2025-05-29 01:58:19,/global/scratch/users/sergiomar10/losses/ESMCBA_28062025/evaluation_ESMCBA_HLA_0.95_30_False-Full_pretraining_100000_seq_AUG_3_ALL_HLAS_0.0001_0.0001__2_A0216_0404_Hubber_A0216.csv,A0216 HLA,7.0,6.0,13.0
1811,B7301,Hubber,epitope,0.6,0,0.0001,0.0001,7,0.5357142857142858,0.4676098130832414,0.4782014764344679,0.5762182985033311,-0.00897076306338307,0.6915211323122873,2025-05-28 21:19:24,/global/scratch/users/sergiomar10/losses/ESMCBA_28062025/evaluation_ESMCBA_epitope_0.6_0_ESMMASK_epitope_FT_25_0.001_5e-05_AUG_3_B7301_1_0.0001_0.0001__8_B7301_0404_Hubber_B7301.csv,B7301 epitope,10.0,5.0,15.0
3295,A3001,Hubber,epitope,0.4,30,0.0001,0.0001,10,0.5337825136516684,0.5571107236484116,0.9695125344243423,0.8581119298934936,-0.35990315123805483,0.9846382759289537,2025-05-28 21:48:48,/global/scratch/users/sergiomar10/losses/ESMCBA_28062025/evaluation_ESMCBA_epitope_0.4_30_ESMMASK_epitope_FT_25_0.001_1e-06_AUG_3_A3001_1_0.0001_0.0001__8_A3001_0404_Hubber_A3001.csv,A3001 epitope,8.0,8.0,16.0
1657,B3901,Hubber,epitope,0.8,30,,5,13,0.510989010989011,0.5287061293144312,0.9154433320341133,0.8007613970683172,0.26871855622371843,0.9567880287890904,2025-05-28 13:09:24,/global/scratch/users/sergiomar10/losses/ESMCBA_28062025/evaluation_ESMCBA_epitope_0.8_30_False-Full_pretraining_100000_seq_AUG_3_ALL_HLAS_0.0001_0.0001__5_B3901_0404_Hubber_B3901.csv,B3901 epitope,1.0,2.0,3.0
76,B4402,Hubber,HLA,0.95,30,0.0001,0.0001,118,0.5058253615529171,0.49833440704327076,2.270238870475866,1.2576765423103915,-0.31600149644471354,1.506731187198256,2025-04-23 01:51:36,/global/scratch/users/sergiomar10/losses/ESMCBA_22042025/evaluation_ESMCBA_HLA_0.95_30_ESMMASK_HLA_FT_25_0.001_5e-05_AUG_4_B4402_1_0.0001_0.0001__1_B4402_0404_Hubber_B4402.csv,B4402 HLA,10.0,5.0,15.0
3962,B0801,Hubber,HLA,0.95,30,,2,53,0.5052849204931802,0.6133038320724974,0.8063106452083669,0.686556135708431,0.29800482365410574,0.8979480192128979,2025-05-29 03:50:26,/global/scratch/users/sergiomar10/losses/ESMCBA_28062025/evaluation_ESMCBA_HLA_0.95_30_False-Full_pretraining_100000_seq_AUG_3_ALL_HLAS_0.0001_0.0001__2_B0801_0404_Hubber_B0801.csv,B0801 HLA,3.0,1.0,4.0
233,B2703,Hubber,epitope,0.85,30,0.0001,0.0001,11,0.5,0.7757384428072494,0.013800879586411125,0.09066620740023534,0.3890941399673933,0.11747714495343818,2025-04-23 03:07:44,/global/scratch/users/sergiomar10/losses/ESMCBA_22042025/evaluation_ESMCBA_epitope_0.85_30_ESMMASK_epitope_FT_15_0.0001_5e-05_AUG_3_B2703_2_0.0001_0.0001__1_B2703_0404_Hubber_B2703.csv,B2703 epitope,4.0,15.0,19.0
2886,B4402,Hubber,epitope,0.6,30,0.0001,0.0001,118,0.4794668980411185,0.462700675769722,2.2603339748084523,1.2760247643721305,-0.3102598726491026,1.5034407121028925,2025-05-28 11:13:16,/global/scratch/users/sergiomar10/losses/ESMCBA_28062025/evaluation_ESMCBA_epitope_0.6_30_ESMMASK_epitope_FT_25_0.001_1e-06_AUG_3_B4402_1_0.0001_0.0001__2_B4402_0404_Hubber_B4402.csv,B4402 epitope,10.0,4.0,14.0
449,C0401,Hubber,HLA,0.2,0,,5,7,0.474341649025257,0.5003190619328335,0.07726877926666012,0.19743960244314998,-0.04475562811272682,0.277972623232325,2025-05-28 19:53:30,/global/scratch/users/sergiomar10/losses/ESMCBA_28062025/evaluation_ESMCBA_HLA_0.2_0_False-Full_pretraining_100000_seq_AUG_3_ALL_HLAS_0.0001_0.0001__5_C0401_0404_Hubber_C0401.csv,C0401 HLA,1.0,6.0,7.0
5762,B0801,Hubber,epitope,0.95,30,0.0001,0.0001,53,0.4698645484218818,0.5780672644358473,0.7822614523344597,0.7185240635332072,0.3189426811570688,0.8844554552573349,2025-05-28 21:39:53,/global/scratch/users/sergiomar10/losses/ESMCBA_28062025/evaluation_ESMCBA_epitope_0.95_30_ESMMASK_epitope_FT_20_0.0001_5e-05_AUG_3_B0801_1_0.0001_0.0001__8_B0801_0404_Hubber_B0801.csv,B0801 epitope,1.0,1.0,2.0
1010,B3906,Hubber,HLA,0.95,30,,4,13,0.4511696152621982,0.4450390473668221,1.2267480077120372,0.8252283655680143,0.0014649237984178942,1.1075865689471127,2025-05-28 18:49:05,/global/scratch/users/sergiomar10/losses/ESMCBA_28062025/evaluation_ESMCBA_HLA_0.95_30_False-Full_pretraining_100000_seq_AUG_3_ALL_HLAS_0.0001_0.0001__4_B3906_0404_Hubber_B3906.csv,B3906 HLA,1.0,2.0,3.0
21,C1203,Hubber,epitope,0.8,30,0.0001,0.0001,9,0.45,0.8756497762217326,0.3358317139051196,0.43222192260954123,0.2782995977069964,0.5795098911193144,2025-04-23 02:20:07,/global/scratch/users/sergiomar10/losses/ESMCBA_22042025/evaluation_ESMCBA_epitope_0.8_30_ESMMASK_epitope_FT_25_0.001_1e-06_AUG_4_C1203_1_0.0001_0.0001__1_C1203_0404_Hubber_C1203.csv,C1203 epitope,7.0,3.0,10.0
2450,B1542,Hubber,HLA,0.95,30,,4,14,0.4472135954999579,0.438272005171062,0.010196153971520535,0.09646689891815192,-0.6444879662172689,0.10097600691015929,2025-05-28 18:43:08,/global/scratch/users/sergiomar10/losses/ESMCBA_28062025/evaluation_ESMCBA_HLA_0.95_30_False-Full_pretraining_100000_seq_AUG_3_ALL_HLAS_0.0001_0.0001__4_B1542_0404_Hubber_B1542.csv,B1542 HLA,1.0,5.0,6.0
3945,B3901,Hubber,HLA,0.8,30,,5,13,0.4450549450549451,0.4018941811637489,1.0504542849406846,0.914348657314594,0.16086807426352012,1.0249167209781898,2025-05-28 18:14:37,/global/scratch/users/sergiomar10/losses/ESMCBA_28062025/evaluation_ESMCBA_HLA_0.8_30_False-Full_pretraining_100000_seq_AUG_3_ALL_HLAS_0.0001_0.0001__5_B3901_0404_Hubber_B3901.csv,B3901 HLA,1.0,3.5,4.5
3605,A0211,Hubber,HLA,0.2,0,0.0001,0.0001,9,0.43333333333333335,0.1362938062377302,0.32368981327041657,0.421149280336168,-0.00930688288207282,0.5689374423171818,2025-05-28 20:18:09,/global/scratch/users/sergiomar10/losses/ESMCBA_28062025/evaluation_ESMCBA_HLA_0.2_0_ESMMASK_HLA_FT_15_0.001_1e-05_AUG_4_A0211_1_0.0001_0.0001__7_A0211_0404_Hubber_A0211.csv,A0211 HLA,1.0,9.0,10.0
107,B1502,Hubber,epitope,0.8,30,0.0001,0.0001,9,0.41666666666666663,0.22520211306578117,0.6080928227855807,0.5841144323348999,-0.07540114492268324,0.7798030666684895,2025-04-23 02:53:40,/global/scratch/users/sergiomar10/losses/ESMCBA_22042025/evaluation_ESMCBA_epitope_0.8_30_ESMMASK_epitope_FT_20_0.0001_5e-05_AUG_3_B1502_1_0.0001_0.0001__1_B1502_0404_Hubber_B1502.csv,B1502 epitope,8.0,7.0,15.0
402,C0702,Hubber,HLA,0.95,30,0.0001,0.0001,11,0.4090909090909091,0.4127583877059256,0.4033567014634359,0.4803310307589444,-0.0027647736556433156,0.6351036934733066,2025-04-23 02:52:36,/global/scratch/users/sergiomar10/losses/ESMCBA_22042025/evaluation_ESMCBA_HLA_0.95_30_ESMMASK_HLA_FT_25_0.0001_1e-05_AUG_1_C0702_2_0.0001_0.0001__1_C0702_0404_Hubber_C0702.csv,C0702 HLA,11.0,11.0,22.0
4677,B1402,Hubber,HLA,0.2,30,0.0001,0.0001,6,0.3714285714285715,0.2855523884144539,0.8934263732588597,0.9113743503888448,-12.718885322537718,0.9452123429467368,2025-05-28 20:19:34,/global/scratch/users/sergiomar10/losses/ESMCBA_28062025/evaluation_ESMCBA_HLA_0.2_30_ESMMASK_HLA_FT_20_1e-05_1e-05_AUG_3_B1402_2_0.0001_0.0001__8_B1402_0404_Hubber_B1402.csv,B1402 HLA,8.0,13.5,21.5
2727,A0217,Hubber,HLA,0.6,30,0.0001,0.0001,20,0.3699248120300751,0.46348822677736,0.37305854365923063,0.5117887020111084,0.15952157286469137,0.6107851861818774,2025-05-28 21:23:19,/global/scratch/users/sergiomar10/losses/ESMCBA_28062025/evaluation_ESMCBA_HLA_0.6_30_ESMMASK_HLA_FT_20_0.0001_1e-05_AUG_4_A0217_1_0.0001_0.0001__7_A0217_0404_Hubber_A0217.csv,A0217 HLA,4.0,6.0,10.0
6370,B1502,Hubber,HLA,0.8,0,0.0001,0.0001,9,0.3666666666666667,0.33261264113364625,1.009489143626809,0.8674493299590217,-0.19418195318785347,1.0047333694203697,2025-05-28 20:19:45,/global/scratch/users/sergiomar10/losses/ESMCBA_28062025/evaluation_ESMCBA_HLA_0.8_0_ESMMASK_HLA_FT_15_0.001_1e-05_AUG_1_B1502_1_0.0001_0.0001__8_B1502_0404_Hubber_B1502.csv,B1502 HLA,17.0,6.0,23.0
204,A2402,Hubber,epitope,0.8,30,0.0001,0.0001,132,0.3630635342408699,0.3306410581364937,2.413158134590703,1.1977353164305289,0.08759286150918322,1.5534343032747484,2025-04-23 02:36:16,/global/scratch/users/sergiomar10/losses/ESMCBA_22042025/evaluation_ESMCBA_epitope_0.8_30_ESMMASK_epitope_FT_15_0.001_1e-06_AUG_3_A2402_1_0.0001_0.0001__1_A2402_0404_Hubber_A2402.csv,A2402 epitope,1.0,1.0,2.0
6168,A2402,Hubber,HLA,0.4,30,,2,132,0.33801549272628945,0.2991778101383612,2.490647101533482,1.2059038738071015,0.05829453846129806,1.578178412453257,2025-05-29 02:44:03,/global/scratch/users/sergiomar10/losses/ESMCBA_28062025/evaluation_ESMCBA_HLA_0.4_30_False-Full_pretraining_100000_seq_AUG_3_ALL_HLAS_0.0001_0.0001__2_A2402_0404_Hubber_A2402.csv,A2402 HLA,2.0,1.0,3.0
3509,B1542,Hubber,epitope,0.6,0,0.0001,0.0001,9,0.27386127875258304,0.23372844348846508,0.0032043478329468497,0.05291250016954215,-137.47916549862433,0.0566069592271732,2025-05-28 22:28:38,/global/scratch/users/sergiomar10/losses/ESMCBA_28062025/evaluation_ESMCBA_epitope_0.6_0_ESMMASK_epitope_FT_25_0.0001_5e-05_AUG_4_B1542_2_0.0001_0.0001__7_B1542_0404_Hubber_B1542.csv,B1542 epitope,2.0,9.5,11.5
2108,B2703,Hubber,HLA,0.95,30,0.0001,0.0001,12,0.13101394402234404,0.09779913839689326,0.024055734598372597,0.14512423674265526,-0.5151835011367514,0.15509911217789932,2025-05-28 20:38:06,/global/scratch/users/sergiomar10/losses/ESMCBA_28062025/evaluation_ESMCBA_HLA_0.95_30_ESMMASK_HLA_FT_15_0.0001_1e-05_AUG_3_B2703_2_0.0001_0.0001__8_B2703_0404_Hubber_B2703.csv,B2703 HLA,4.0,18.5,22.5
2660,A2603,Hubber,HLA,0.95,0,0.0001,0.0001,9,0.018257418583505537,0.061716556512773316,0.556990979863599,0.5332631535000271,-0.40385194776542965,0.7463182832167513,2025-05-28 20:36:14,/global/scratch/users/sergiomar10/losses/ESMCBA_28062025/evaluation_ESMCBA_HLA_0.95_0_ESMMASK_HLA_FT_25_0.0001_1e-06_AUG_3_A2603_1_0.0001_0.0001__8_A2603_0404_Hubber_A2603.csv,A2603 HLA,4.0,21.0,25.0
4027,C0802,Hubber,HLA,0.2,30,,5,2,0.0,0.0,0.02457883311265628,0.12041413784027122,-0.43626343222486286,0.15677637931989716,2025-05-28 19:00:27,/global/scratch/users/sergiomar10/losses/ESMCBA_28062025/evaluation_ESMCBA_HLA_0.2_30_False-Full_pretraining_100000_seq_AUG_3_ALL_HLAS_0.0001_0.0001__5_C0802_0404_Hubber_C0802.csv,C0802 HLA,1.0,28.0,29.0
2311,B4001,Hubber,epitope,0.8,0,,4,3,0.0,0.0,1.4727616511224582,0.860859915614128,-1.5890167317262138,1.2135739166290853,2025-05-28 13:11:43,/global/scratch/users/sergiomar10/losses/ESMCBA_28062025/evaluation_ESMCBA_epitope_0.8_0_False-Full_pretraining_100000_seq_AUG_3_ALL_HLAS_0.0001_0.0001__4_B4001_0404_Hubber_B4001.csv,B4001 epitope,1.0,27.0,28.0
6622,A6802,Hubber,epitope,0.95,30,,4,2,0.0,0.0,1.2780093829702128,1.0899520218372345,-18.57884754003883,1.130490770846986,2025-05-28 13:57:10,/global/scratch/users/sergiomar10/losses/ESMCBA_28062025/evaluation_ESMCBA_epitope_0.95_30_False-Full_pretraining_100000_seq_AUG_3_ALL_HLAS_0.0001_0.0001__4_A6802_0404_Hubber_A6802.csv,A6802 epitope,1.0,26.5,27.5
3782,B4001,Hubber,HLA,0.95,30,0.0001,0.0001,3,0.0,0.0,0.7561360525960836,0.5980471422274907,-0.32923673707871215,0.869560838927377,2025-05-28 21:12:25,/global/scratch/users/sergiomar10/losses/ESMCBA_28062025/evaluation_ESMCBA_HLA_0.95_30_ESMMASK_HLA_FT_15_0.0001_1e-06_AUG_1_B4001_2_0.0001_0.0001__7_B4001_0404_Hubber_B4001.csv,B4001 HLA,1.0,27.0,28.0
6414,C0701,Hubber,epitope,0.2,30,0.0001,0.0001,2,0.0,0.0,0.5044161852852653,0.7087783813476562,0.4742712311843942,0.7102226307892937,2025-05-28 22:07:27,/global/scratch/users/sergiomar10/losses/ESMCBA_28062025/evaluation_ESMCBA_epitope_0.2_30_ESMMASK_epitope_FT_15_0.001_1e-06_AUG_3_C0701_1_0.0001_0.0001__8_C0701_0404_Hubber_C0701.csv,C0701 epitope,1.0,26.0,27.0
3292,A0206,Hubber,epitope,0.95,0,,4,2,0.0,0.0,0.19499112911628913,0.32934272289276123,-15.66850548321586,0.4415779989042583,2025-05-28 13:54:20,/global/scratch/users/sergiomar10/losses/ESMCBA_28062025/evaluation_ESMCBA_epitope_0.95_0_False-Full_pretraining_100000_seq_AUG_3_ALL_HLAS_0.0001_0.0001__4_A0206_0404_Hubber_A0206.csv,A0206 epitope,1.0,26.0,27.0
2626,A3207,Hubber,HLA,0.4,0,,4,2,0.0,0.0,0.03525698166507141,0.1613403558731079,-1.7182646156290096,0.18776842563400112,2025-05-28 17:45:35,/global/scratch/users/sergiomar10/losses/ESMCBA_28062025/evaluation_ESMCBA_HLA_0.4_0_False-Full_pretraining_100000_seq_AUG_3_ALL_HLAS_0.0001_0.0001__4_A3207_0404_Hubber_A3207.csv,A3207 HLA,1.0,27.5,28.5
5877,B3501,Hubber,epitope,0.95,0,,4,2,0.0,0.0,0.6612457189498375,0.795034795999527,-0.4823308469990406,0.8131701660475731,2025-05-28 12:58:38,/global/scratch/users/sergiomar10/losses/ESMCBA_28062025/evaluation_ESMCBA_epitope_0.95_0_False-Full_pretraining_100000_seq_AUG_3_ALL_HLAS_0.0001_0.0001__4_B3501_0404_Hubber_B3501.csv,B3501 epitope,1.0,25.5,26.5
2859,C0802,Hubber,epitope,0.6,30,,5,4,0.0,0.0,0.06958084497551908,0.16812896728515636,-3.1791741430356755,0.2637818132008329,2025-05-28 12:55:01,/global/scratch/users/sergiomar10/losses/ESMCBA_28062025/evaluation_ESMCBA_epitope_0.6_30_False-Full_pretraining_100000_seq_AUG_3_ALL_HLAS_0.0001_0.0001__5_C0802_0404_Hubber_C0802.csv,C0802 epitope,1.0,25.5,26.5
2144,A3201,Hubber,epitope,0.6,0,,5,2,0.0,0.0,0.37583729188285453,0.46621939539909363,0.14077906916262284,0.6130557004733376,2025-05-28 13:47:49,/global/scratch/users/sergiomar10/losses/ESMCBA_28062025/evaluation_ESMCBA_epitope_0.6_0_False-Full_pretraining_100000_seq_AUG_3_ALL_HLAS_0.0001_0.0001__5_A3201_0404_Hubber_A3201.csv,A3201 epitope,1.0,27.5,28.5
6767,A3201,Hubber,HLA,0.6,30,0.0001,0.0001,2,0.0,0.0,0.5065691898763323,0.6739632785320282,-0.15809383544287492,0.7117367419743991,2025-05-28 21:29:08,/global/scratch/users/sergiomar10/losses/ESMCBA_28062025/evaluation_ESMCBA_HLA_0.6_30_ESMMASK_HLA_FT_15_0.001_5e-05_AUG_4_A3201_1_0.0001_0.0001__7_A3201_0404_Hubber_A3201.csv,A3201 HLA,1.0,24.5,25.5
1607,A6802,Hubber,HLA,0.4,0,,5,2,0.0,0.0,0.11757237148761317,0.3414504826068879,-0.8011851610407457,0.3428882784342637,2025-05-28 18:19:27,/global/scratch/users/sergiomar10/losses/ESMCBA_28062025/evaluation_ESMCBA_HLA_0.4_0_False-Full_pretraining_100000_seq_AUG_3_ALL_HLAS_0.0001_0.0001__5_A6802_0404_Hubber_A6802.csv,A6802 HLA,1.0,23.0,24.0
2647,A0206,Hubber,HLA,0.8,0,,2,2,0.0,0.0,0.1739209521208096,0.4170185327529907,-13.86735502897122,0.4170383101356632,2025-05-29 19:57:37,/global/scratch/users/sergiomar10/losses/ESMCBA_28062025/evaluation_ESMCBA_HLA_0.8_0_False-Full_pretraining_100000_seq_AUG_3_ALL_HLAS_0.0001_0.0001__2_A0206_0404_Hubber_A0206.csv,A0206 HLA,1.0,24.5,25.5
1505,B2704,Hubber,HLA,0.4,30,,2,2,0.0,0.0,0.007835102201738664,0.07606244087219238,-2.3385812636567307,0.0885161126673481,2025-05-29 08:45:40,/global/scratch/users/sergiomar10/losses/ESMCBA_28062025/evaluation_ESMCBA_HLA_0.4_30_False-Full_pretraining_100000_seq_AUG_3_ALL_HLAS_0.0001_0.0001__2_B2704_0404_Hubber_B2704.csv,B2704 HLA,1.0,24.0,25.0
4736,A3207,Hubber,epitope,0.4,30,0.0001,0.0001,2,0.0,0.0,0.037576541001414,0.1825166940689088,-1.6358938363692674,0.1938466945847001,2025-05-28 22:53:18,/global/scratch/users/sergiomar10/losses/ESMCBA_28062025/evaluation_ESMCBA_epitope_0.4_30_ESMMASK_epitope_FT_20_0.001_5e-05_AUG_4_A3207_2_0.0001_0.0001__7_A3207_0404_Hubber_A3207.csv,A3207 epitope,1.0,27.0,28.0
4327,B3501,Hubber,HLA,0.4,0,,5,2,0.0,0.0,0.5488362316917872,0.7201992869377136,-0.2303397252680972,0.7408348207878644,2025-05-28 17:14:40,/global/scratch/users/sergiomar10/losses/ESMCBA_28062025/evaluation_ESMCBA_HLA_0.4_0_False-Full_pretraining_100000_seq_AUG_3_ALL_HLAS_0.0001_0.0001__5_B3501_0404_Hubber_B3501.csv,B3501 HLA,1.0,14.5,15.5
3148,A6601,Hubber,HLA,0.8,30,0.0001,0.0001,3,0.0,0.0,0.008913376005466518,0.09438149134318048,0.0,0.09441067739120676,2025-05-28 21:27:16,/global/scratch/users/sergiomar10/losses/ESMCBA_28062025/evaluation_ESMCBA_HLA_0.8_30_ESMMASK_HLA_FT_25_0.0001_1e-05_AUG_3_A6601_1_0.0001_0.0001__8_A6601_0404_Hubber_A6601.csv,A6601 HLA,1.0,22.5,23.5
5175,B2720,Hubber,HLA,0.8,30,,5,3,0.0,0.0,0.011499879874728927,0.10100412368774414,-0.15371186925194835,0.10723749285920912,2025-05-28 17:22:47,/global/scratch/users/sergiomar10/losses/ESMCBA_28062025/evaluation_ESMCBA_HLA_0.8_30_False-Full_pretraining_100000_seq_AUG_3_ALL_HLAS_0.0001_0.0001__5_B2720_0404_Hubber_B2720.csv,B2720 HLA,1.0,22.5,23.5
2922,B4013,Hubber,HLA,0.6,30,,4,3,0.0,0.0,0.00037780294834040734,0.012088139851888021,-1.6057584296066918,0.01943715381274757,2025-05-28 19:51:37,/global/scratch/users/sergiomar10/losses/ESMCBA_28062025/evaluation_ESMCBA_HLA_0.6_30_False-Full_pretraining_100000_seq_AUG_3_ALL_HLAS_0.0001_0.0001__4_B4013_0404_Hubber_B4013.csv,B4013 HLA,1.0,22.5,23.5
544,A6601,Hubber,epitope,0.6,30,0.0001,0.0001,2,0.0,0.0,0.005523050363819948,0.07397961616516113,0.0,0.07431722790726218,2025-05-28 21:50:38,/global/scratch/users/sergiomar10/losses/ESMCBA_28062025/evaluation_ESMCBA_epitope_0.6_30_ESMMASK_epitope_FT_15_0.0001_1e-05_AUG_4_A6601_2_0.0001_0.0001__7_A6601_0404_Hubber_A6601.csv,A6601 epitope,1.0,21.5,22.5
3750,B2720,Hubber,epitope,0.4,0,0.0001,0.0001,2,0.0,0.0,0.004478545087664585,0.047917246818542925,0.39417455831655845,0.0669219327848844,2025-05-28 22:40:44,/global/scratch/users/sergiomar10/losses/ESMCBA_28062025/evaluation_ESMCBA_epitope_0.4_0_ESMMASK_epitope_FT_25_0.0001_1e-05_AUG_4_B2720_1_0.0001_0.0001__7_B2720_0404_Hubber_B2720.csv,B2720 epitope,1.0,21.5,22.5
3497,B4013,Hubber,epitope,0.4,0,,4,2,0.0,0.0,0.054521058514751405,0.22667813301086404,-0.26542318709713,0.23349744862578564,2025-05-28 13:31:10,/global/scratch/users/sergiomar10/losses/ESMCBA_28062025/evaluation_ESMCBA_epitope_0.4_0_False-Full_pretraining_100000_seq_AUG_3_ALL_HLAS_0.0001_0.0001__4_B4013_0404_Hubber_B4013.csv,B4013 epitope,1.0,21.0,22.0
2715,B2706,Hubber,epitope,0.4,30,,5,2,0.0,0.0,0.005809824047275924,0.06185293197631836,0.0,0.07622220180023616,2025-05-28 12:40:54,/global/scratch/users/sergiomar10/losses/ESMCBA_28062025/evaluation_ESMCBA_epitope_0.4_30_False-Full_pretraining_100000_seq_AUG_3_ALL_HLAS_0.0001_0.0001__5_B2706_0404_Hubber_B2706.csv,B2706 epitope,1.0,20.5,21.5
5464,B2706,Hubber,HLA,0.8,30,0.0001,0.0001,3,0.0,0.0,0.0664724105684134,0.21437493960062648,-2.3056803548236924,0.25782244000166743,2025-05-28 20:30:02,/global/scratch/users/sergiomar10/losses/ESMCBA_28062025/evaluation_ESMCBA_HLA_0.8_30_ESMMASK_HLA_FT_25_0.0001_1e-05_AUG_1_B2706_2_0.0001_0.0001__7_B2706_0404_Hubber_B2706.csv,B2706 HLA,1.0,20.5,21.5
4550,B2704,Hubber,epitope,0.6,0,0.0001,0.0001,2,0.0,0.0,0.010375607477385529,0.10067915916442871,0.0,0.1018607258828717,2025-05-28 11:00:32,/global/scratch/users/sergiomar10/losses/ESMCBA_28062025/evaluation_ESMCBA_epitope_0.6_0_ESMMASK_epitope_FT_25_0.001_5e-05_AUG_1_B2704_2_0.0001_0.0001__2_B2704_0404_Hubber_B2704.csv,B2704 epitope,1.0,20.0,21.0
4721,B2702,Hubber,HLA,0.6,30,,4,2,0.0,0.0,0.02365256036719643,0.149267315864563,-0.04479692993377182,0.15379388923880047,2025-05-28 18:16:37,/global/scratch/users/sergiomar10/losses/ESMCBA_28062025/evaluation_ESMCBA_HLA_0.6_30_False-Full_pretraining_100000_seq_AUG_3_ALL_HLAS_0.0001_0.0001__4_B2702_0404_Hubber_B2702.csv,B2702 HLA,1.0,16.0,17.0
343,B2701,Hubber,epitope,0.95,30,0.0001,0.0001,2,0.0,0.0,0.005150147581503051,0.052713632583618386,-1.1945069480851958,0.07176452871372493,2025-05-28 19:56:43,/global/scratch/users/sergiomar10/losses/ESMCBA_28062025/evaluation_ESMCBA_epitope_0.95_30_ESMMASK_epitope_FT_15_0.001_1e-05_AUG_3_B2701_1_0.0001_0.0001__7_B2701_0404_Hubber_B2701.csv,B2701 epitope,1.0,15.0,16.0
265,B2701,Hubber,HLA,0.8,30,0.0001,0.0001,2,0.0,0.0,0.003216351061041678,0.05653500556945801,0.0,0.056712882672649234,2025-04-23 02:45:12,/global/scratch/users/sergiomar10/losses/ESMCBA_22042025/evaluation_ESMCBA_HLA_0.8_30_ESMMASK_HLA_FT_20_0.0001_1e-05_AUG_4_B2701_2_0.0001_0.0001__1_B2701_0404_Hubber_B2701.csv,B2701 HLA,1.0,15.0,16.0
343,B2702,Hubber,epitope,0.8,30,0.0001,0.0001,2,0.0,0.0,0.012423424677763318,0.0985231399536135,-10.091120259229026,0.11146041753808084,2025-04-23 02:56:22,/global/scratch/users/sergiomar10/losses/ESMCBA_22042025/evaluation_ESMCBA_epitope_0.8_30_ESMMASK_epitope_FT_25_0.001_1e-06_AUG_4_B2702_2_0.0001_0.0001__1_B2702_0404_Hubber_B2702.csv,B2702 epitope,1.0,14.5,15.5
1001,A6812,Hubber,HLA,0.8,30,0.0001,0.0001,2,0.0,0.0,0.12497553932240635,0.3267478942871094,-0.22388733790523374,0.35351879627879246,2025-05-28 21:39:58,/global/scratch/users/sergiomar10/losses/ESMCBA_28062025/evaluation_ESMCBA_HLA_0.8_30_ESMMASK_HLA_FT_15_0.0001_1e-06_AUG_4_A6812_1_0.0001_0.0001__8_A6812_0404_Hubber_A6812.csv,A6812 HLA,1.0,10.5,11.5
834,A6812,Hubber,epitope,0.8,0,,4,2,0.0,0.0,0.010192030444727485,0.08794617652893022,0.711116918692964,0.10095558649588186,2025-05-28 13:12:12,/global/scratch/users/sergiomar10/losses/ESMCBA_28062025/evaluation_ESMCBA_epitope_0.8_0_False-Full_pretraining_100000_seq_AUG_3_ALL_HLAS_0.0001_0.0001__4_A6812_0404_Hubber_A6812.csv,A6812 epitope,1.0,4.5,5.5
6567,C0701,Hubber,HLA,0.4,30,,5,2,0.0,0.0,0.9455216561097828,0.9671878218650818,0.01452817999095779,0.9723793786942331,2025-05-28 19:46:08,/global/scratch/users/sergiomar10/losses/ESMCBA_28062025/evaluation_ESMCBA_HLA_0.4_30_False-Full_pretraining_100000_seq_AUG_3_ALL_HLAS_0.0001_0.0001__5_C0701_0404_Hubber_C0701.csv,C0701 HLA,1.0,29.0,30.0
