,HLA,Losses,encoding,data_prop,trained_blocks,lr_transformer,lr_regression,n_evaluations,spearman,pearsonr,mse,mae,r2,rmse,time,path,Model,rank_mse,rank_corr,rank_sum,pretrain
5433,A3101,Hubber,HLA,0.95,30,,4.0,8,0.9761904761904764,0.9607054402107232,0.2881539521983428,0.4607686996459962,0.806094106198304,0.5367997319283448,2025-05-28 18:10:32,/global/scratch/users/sergiomar10/losses/ESMCBA_28062025/evaluation_ESMCBA_HLA_0.95_30_False-Full_pretraining_100000_seq_AUG_3_ALL_HLAS_0.0001_0.0001__4_A3101_0404_Hubber_A3101.csv,A3101 HLA,2.0,1.0,3.0,Not Pretrained
5371,B0802,Hubber,epitope,0.6,30,0.0001,0.0001,8,0.95150257112482,0.9625788757649184,0.1691873073742869,0.3890408873558045,0.7474355792150438,0.4113238473201948,2025-05-28 21:51:23,/global/scratch/users/sergiomar10/losses/ESMCBA_28062025/evaluation_ESMCBA_epitope_0.6_30_ESMMASK_epitope_FT_15_0.0001_5e-05_AUG_4_B0802_2_0.0001_0.0001__8_B0802_0404_Hubber_B0802.csv,B0802 epitope,4.0,1.0,5.0,Pretrained
35,B4801,Hubber,epitope,0.6,30,0.0001,0.0001,19,0.9433133159039592,0.9491746327169056,0.3303504871601304,0.5136896058132775,0.7902872149488627,0.5747612436134942,2025-05-28 22:32:54,/global/scratch/users/sergiomar10/losses/ESMCBA_28062025/evaluation_ESMCBA_epitope_0.6_30_ESMMASK_epitope_FT_25_0.0001_5e-05_AUG_3_B4801_1_0.0001_0.0001__7_B4801_0404_Hubber_B4801.csv,B4801 epitope,4.0,1.0,5.0,Pretrained
3250,B1402,Hubber,epitope,0.95,30,,5.0,6,0.942857142857143,0.6942252612527635,0.971400573748575,0.9655295014381408,-13.916207392551238,0.985596557293386,2025-05-28 13:01:26,/global/scratch/users/sergiomar10/losses/ESMCBA_28062025/evaluation_ESMCBA_epitope_0.95_30_False-Full_pretraining_100000_seq_AUG_3_ALL_HLAS_0.0001_0.0001__5_B1402_0404_Hubber_B1402.csv,B1402 epitope,12.0,1.5,13.5,Not Pretrained
760,B8301,Hubber,epitope,0.2,30,0.0001,0.0001,6,0.9411239481143202,0.8872806433656987,0.2255054844696455,0.3212547699610392,0.5537477522386981,0.47487417751405,2025-05-28 10:01:22,/global/scratch/users/sergiomar10/losses/ESMCBA_28062025/evaluation_ESMCBA_epitope_0.2_30_ESMMASK_epitope_FT_20_0.0001_5e-05_AUG_4_B8301_2_0.0001_0.0001__2_B8301_0404_Hubber_B8301.csv,B8301 epitope,7.0,1.0,8.0,Pretrained
2556,B0802,Hubber,HLA,0.6,30,,2.0,8,0.9271050693011064,0.8116990311230068,0.2815839444731267,0.4043807983398437,0.4666583840275085,0.530644838355304,2025-05-29 03:12:39,/global/scratch/users/sergiomar10/losses/ESMCBA_28062025/evaluation_ESMCBA_HLA_0.6_30_False-Full_pretraining_100000_seq_AUG_3_ALL_HLAS_0.0001_0.0001__2_B0802_0404_Hubber_B0802.csv,B0802 HLA,1.0,1.0,2.0,Not Pretrained
4247,A2501,Hubber,epitope,0.4,30,,4.0,11,0.9153240856757688,0.8872059775447745,0.5208138560187776,0.5396236831491644,0.7407367465275403,0.7216743420815082,2025-05-28 13:22:06,/global/scratch/users/sergiomar10/losses/ESMCBA_28062025/evaluation_ESMCBA_epitope_0.4_30_False-Full_pretraining_100000_seq_AUG_3_ALL_HLAS_0.0001_0.0001__4_A2501_0404_Hubber_A2501.csv,A2501 epitope,2.0,1.0,3.0,Not Pretrained
3309,A2501,Hubber,HLA,0.4,30,0.0001,0.0001,11,0.908062460746855,0.7911964670797095,1.0912275649108756,0.7496255202726885,0.4894411767149611,1.0446183824300983,2025-05-28 20:02:32,/global/scratch/users/sergiomar10/losses/ESMCBA_28062025/evaluation_ESMCBA_HLA_0.4_30_ESMMASK_HLA_FT_15_0.0001_1e-05_AUG_1_A2501_2_0.0001_0.0001__8_A2501_0404_Hubber_A2501.csv,A2501 HLA,7.0,1.0,8.0,Pretrained
2737,C1203,Hubber,HLA,0.6,30,,2.0,7,0.8928571428571429,0.9351970695434568,0.4757250636101197,0.4250367028372629,-0.127919658585643,0.6897282534521256,2025-05-29 05:39:20,/global/scratch/users/sergiomar10/losses/ESMCBA_28062025/evaluation_ESMCBA_HLA_0.6_30_False-Full_pretraining_100000_seq_AUG_3_ALL_HLAS_0.0001_0.0001__2_C1203_0404_Hubber_C1203.csv,C1203 HLA,8.0,1.0,9.0,Not Pretrained
6082,A0202,Hubber,epitope,0.8,30,0.0001,0.0001,367,0.8914776670911925,0.8645162028160739,0.2977597143327449,0.3431147126333752,0.7377763265204375,0.5456736335326684,2025-05-28 20:49:03,/global/scratch/users/sergiomar10/losses/ESMCBA_28062025/evaluation_ESMCBA_epitope_0.8_30_ESMMASK_epitope_FT_25_0.0001_1e-06_AUG_4_A0202_1_0.0001_0.0001__7_A0202_0404_Hubber_A0202.csv,A0202 epitope,4.0,1.0,5.0,Pretrained
4472,A2403,Hubber,epitope,0.6,30,0.0001,0.0001,41,0.8819736441391978,0.8990061495561088,0.2539032362730241,0.3582647704496615,0.7934589688028904,0.5038881188051809,2025-05-28 10:40:53,/global/scratch/users/sergiomar10/losses/ESMCBA_28062025/evaluation_ESMCBA_epitope_0.6_30_ESMMASK_epitope_FT_20_0.0001_1e-05_AUG_3_A2403_2_0.0001_0.0001__2_A2403_0404_Hubber_A2403.csv,A2403 epitope,1.0,2.0,3.0,Pretrained
7300,A0202,Hubber,HLA,0.8,30,0.0001,0.0001,367,0.8719128905423801,0.8541551366695681,0.2993870813864809,0.3514856339587097,0.7160460598906178,0.547162755847363,2025-04-22 23:17:53,/global/scratch/users/sergiomar10/losses/ESMCBA_22042025/evaluation_ESMCBA_HLA_0.8_30_ESMMASK_HLA_FT_20_0.0001_5e-05_AUG_4_A0202_1_0.0001_0.0001__1_A0202_0404_Hubber_A0202.csv,A0202 HLA,2.0,2.0,4.0,Pretrained
7538,B5801,Hubber,HLA,0.95,30,0.0001,0.0001,122,0.8667053857697425,0.8587019396674019,0.3620749393803397,0.4703636676317356,0.7336092164262111,0.6017266317692277,2025-04-23 02:31:53,/global/scratch/users/sergiomar10/losses/ESMCBA_22042025/evaluation_ESMCBA_HLA_0.95_30_ESMMASK_HLA_FT_20_0.001_5e-05_AUG_1_B5801_1_0.0001_0.0001__1_B5801_0404_Hubber_B5801.csv,B5801 HLA,2.0,1.0,3.0,Pretrained
441,A0205,Hubber,epitope,0.8,30,,4.0,8,0.8624886920341298,0.8133548579650701,0.314310579971492,0.3893476277589797,0.6542682797125579,0.5606340874148592,2025-05-28 12:59:53,/global/scratch/users/sergiomar10/losses/ESMCBA_28062025/evaluation_ESMCBA_epitope_0.8_30_False-Full_pretraining_100000_seq_AUG_3_ALL_HLAS_0.0001_0.0001__4_A0205_0404_Hubber_A0205.csv,A0205 epitope,9.0,2.0,11.0,Not Pretrained
7092,B5101,Hubber,epitope,0.4,30,0.0001,0.0001,7,0.8571428571428573,0.8335158442861929,0.3958180006853483,0.5246881076267786,0.4723542855202615,0.6291406843348698,2025-05-28 19:57:43,/global/scratch/users/sergiomar10/losses/ESMCBA_28062025/evaluation_ESMCBA_epitope_0.4_30_ESMMASK_epitope_FT_25_0.001_1e-06_AUG_3_B5101_1_0.0001_0.0001__7_B5101_0404_Hubber_B5101.csv,B5101 epitope,1.0,1.0,2.0,Pretrained
3234,B5701,Hubber,epitope,0.2,0,0.0001,0.0001,7,0.8571428571428573,0.7367054781540388,0.1554939137624395,0.3641269207000732,-0.246789865828485,0.3943271658945647,2025-05-28 10:13:55,/global/scratch/users/sergiomar10/losses/ESMCBA_28062025/evaluation_ESMCBA_epitope_0.2_0_ESMMASK_epitope_FT_25_0.001_5e-05_AUG_4_B5701_1_0.0001_0.0001__2_B5701_0404_Hubber_B5701.csv,B5701 epitope,6.0,2.0,8.0,Pretrained
57,A8001,Hubber,epitope,0.95,30,0.0001,0.0001,30,0.8560390651856851,0.8682579786594516,0.2704908435497965,0.4159280896186829,0.7093583462689507,0.5200873422318568,2025-05-28 21:00:59,/global/scratch/users/sergiomar10/losses/ESMCBA_28062025/evaluation_ESMCBA_epitope_0.95_30_ESMMASK_epitope_FT_15_0.001_1e-05_AUG_3_A8001_2_0.0001_0.0001__8_A8001_0404_Hubber_A8001.csv,A8001 epitope,1.0,3.0,4.0,Pretrained
7499,A8001,Hubber,HLA,0.95,30,0.0001,0.0001,30,0.8538433271852159,0.8658587207905788,0.476605256801673,0.4747311870257059,0.7257233678703978,0.6903660310311285,2025-04-23 02:24:13,/global/scratch/users/sergiomar10/losses/ESMCBA_22042025/evaluation_ESMCBA_HLA_0.95_30_ESMMASK_HLA_FT_15_0.0001_1e-05_AUG_3_A8001_2_0.0001_0.0001__1_A8001_0404_Hubber_A8001.csv,A8001 HLA,1.0,1.0,2.0,Pretrained
7196,A2403,Hubber,HLA,0.8,30,0.0001,0.0001,45,0.8514232322425078,0.8970555800777499,0.279640076934371,0.4061343179808722,0.7978380480666155,0.5288100575200618,2025-04-23 01:00:09,/global/scratch/users/sergiomar10/losses/ESMCBA_22042025/evaluation_ESMCBA_HLA_0.8_30_ESMMASK_HLA_FT_20_0.0001_5e-05_AUG_3_A2403_2_0.0001_0.0001__1_A2403_0404_Hubber_A2403.csv,A2403 HLA,2.0,3.0,5.0,Pretrained
5689,A0212,Hubber,epitope,0.4,30,0.0001,0.0001,18,0.8482780084287228,0.8190739104739118,0.8243625888327968,0.792249427901374,0.4746765862006938,0.9079441551289356,2025-05-28 09:12:35,/global/scratch/users/sergiomar10/losses/ESMCBA_28062025/evaluation_ESMCBA_epitope_0.4_30_ESMMASK_epitope_FT_15_1e-05_1e-06_AUG_4_A0212_2_0.0001_0.0001__1_A0212_0404_Hubber_A0212.csv,A0212 epitope,6.0,1.0,7.0,Pretrained
1352,A0219,Hubber,epitope,0.6,30,0.0001,0.0001,16,0.8410481919031223,0.7087838335352306,0.7235626960072302,0.6924482546746731,0.4979763073041972,0.8506248856030666,2025-05-28 10:06:10,/global/scratch/users/sergiomar10/losses/ESMCBA_28062025/evaluation_ESMCBA_epitope_0.6_30_ESMMASK_epitope_FT_25_0.0001_5e-05_AUG_4_A0219_2_0.0001_0.0001__2_A0219_0404_Hubber_A0219.csv,A0219 epitope,2.0,1.0,3.0,Pretrained
5953,B4501,Hubber,epitope,0.4,30,0.0001,0.0001,20,0.8360902255639097,0.8275871863174701,0.3127057877567516,0.4604034125804901,0.6382170796691855,0.5592010262479421,2025-05-28 22:11:15,/global/scratch/users/sergiomar10/losses/ESMCBA_28062025/evaluation_ESMCBA_epitope_0.4_30_ESMMASK_epitope_FT_20_0.0001_1e-05_AUG_4_B4501_2_0.0001_0.0001__8_B4501_0404_Hubber_B4501.csv,B4501 epitope,2.0,1.0,3.0,Pretrained
7170,A3101,Hubber,epitope,0.85,30,0.0001,0.0001,8,0.8333333333333335,0.9355426681982582,0.3704532286161016,0.4777696281671524,0.7507128954556734,0.6086486906386159,2025-04-23 02:47:19,/global/scratch/users/sergiomar10/losses/ESMCBA_22042025/evaluation_ESMCBA_epitope_0.85_30_ESMMASK_epitope_FT_20_0.0001_1e-05_AUG_4_A3101_2_0.0001_0.0001__1_A3101_0404_Hubber_A3101.csv,A3101 epitope,2.0,3.5,5.5,Pretrained
7286,A0207,Hubber,epitope,0.8,30,0.0001,0.0001,6,0.8285714285714287,0.8835084249787263,0.3927504065384946,0.4626476665337878,0.7051379265686331,0.6266980186170167,2025-04-23 02:32:50,/global/scratch/users/sergiomar10/losses/ESMCBA_22042025/evaluation_ESMCBA_epitope_0.8_30_ESMMASK_epitope_FT_15_0.0001_1e-06_AUG_3_A0207_2_0.0001_0.0001__1_A0207_0404_Hubber_A0207.csv,A0207 epitope,12.0,2.0,14.0,Pretrained
7497,B5401,Hubber,epitope,0.85,30,0.0001,0.0001,45,0.8238471673254282,0.7947985622258471,0.3207584983240559,0.4295405334896512,0.6300289155129899,0.5663554522771507,2025-04-23 02:38:05,/global/scratch/users/sergiomar10/losses/ESMCBA_22042025/evaluation_ESMCBA_epitope_0.85_30_ESMMASK_epitope_FT_15_0.001_1e-06_AUG_3_B5401_2_0.0001_0.0001__1_B5401_0404_Hubber_B5401.csv,B5401 epitope,2.0,1.0,3.0,Pretrained
3199,C0303,Hubber,HLA,0.6,0,,4.0,7,0.8214285714285715,0.6862613933207704,0.81060403001528,0.7008042165211269,0.039512818727775,0.9003355096936253,2025-05-28 18:37:48,/global/scratch/users/sergiomar10/losses/ESMCBA_28062025/evaluation_ESMCBA_HLA_0.6_0_False-Full_pretraining_100000_seq_AUG_3_ALL_HLAS_0.0001_0.0001__4_C0303_0404_Hubber_C0303.csv,C0303 HLA,12.0,2.0,14.0,Not Pretrained
6352,B5701,Hubber,HLA,0.4,30,,2.0,7,0.8214285714285715,0.5662585368593918,0.0981713635723357,0.2377441780907766,0.2128369641299871,0.313323097731935,2025-05-28 14:00:45,/global/scratch/users/sergiomar10/losses/ESMCBA_28062025/evaluation_ESMCBA_HLA_0.4_30_False-Full_pretraining_100000_seq_AUG_3_ALL_HLAS_0.0001_0.0001__2_B5701_0404_Hubber_B5701.csv,B5701 HLA,2.0,1.0,3.0,Not Pretrained
2570,B1801,Hubber,HLA,0.4,30,,2.0,12,0.8181818181818183,0.9425400445300092,1.0062413471608822,0.8605531255404154,0.645193506868248,1.0031158194151273,2025-05-28 22:48:21,/global/scratch/users/sergiomar10/losses/ESMCBA_28062025/evaluation_ESMCBA_HLA_0.4_30_False-Full_pretraining_100000_seq_AUG_3_ALL_HLAS_0.0001_0.0001__2_B1801_0404_Hubber_B1801.csv,B1801 HLA,4.0,2.0,6.0,Not Pretrained
2791,B5801,Hubber,epitope,0.95,30,,5.0,122,0.8175221592660769,0.8193366131370188,0.39061974071166,0.4711334294960147,0.669493590804056,0.6249957925551659,2025-05-28 14:00:31,/global/scratch/users/sergiomar10/losses/ESMCBA_28062025/evaluation_ESMCBA_epitope_0.95_30_False-Full_pretraining_100000_seq_AUG_3_ALL_HLAS_0.0001_0.0001__5_B5801_0404_Hubber_B5801.csv,B5801 epitope,2.0,2.0,4.0,Not Pretrained
278,B4403,Hubber,epitope,0.4,30,0.0001,0.0001,9,0.8166666666666667,0.8109601302935368,0.976596715651017,0.6503387408124076,0.513268869672635,0.9882290805531968,2025-05-28 20:28:36,/global/scratch/users/sergiomar10/losses/ESMCBA_28062025/evaluation_ESMCBA_epitope_0.4_30_ESMMASK_epitope_FT_25_0.0001_1e-06_AUG_4_B4403_2_0.0001_0.0001__7_B4403_0404_Hubber_B4403.csv,B4403 epitope,1.0,1.0,2.0,Pretrained
1583,A3301,Hubber,HLA,0.4,30,,5.0,8,0.8117540630909458,0.9016836867849288,0.3454952122363172,0.4661935716867448,0.7412929885435628,0.5877884077083497,2025-05-28 17:45:41,/global/scratch/users/sergiomar10/losses/ESMCBA_28062025/evaluation_ESMCBA_HLA_0.4_30_False-Full_pretraining_100000_seq_AUG_3_ALL_HLAS_0.0001_0.0001__5_A3301_0404_Hubber_A3301.csv,A3301 HLA,4.0,2.0,6.0,Not Pretrained
7093,C0501,Hubber,epitope,0.4,0,0.0001,0.0001,6,0.8116794499134278,0.7013028980598426,0.3393217862172739,0.4446576833724976,0.0636388125318562,0.5825133356561667,2025-05-28 11:03:28,/global/scratch/users/sergiomar10/losses/ESMCBA_28062025/evaluation_ESMCBA_epitope_0.4_0_ESMMASK_epitope_FT_20_0.0001_1e-05_AUG_1_C0501_2_0.0001_0.0001__2_C0501_0404_Hubber_C0501.csv,C0501 epitope,3.0,4.0,7.0,Pretrained
4978,B5401,Hubber,HLA,0.95,30,,4.0,46,0.8102624198246282,0.7968191294527045,0.4056956287721116,0.5071443889452064,0.5950918899208462,0.6369424061656687,2025-05-28 19:39:49,/global/scratch/users/sergiomar10/losses/ESMCBA_28062025/evaluation_ESMCBA_HLA_0.95_30_False-Full_pretraining_100000_seq_AUG_3_ALL_HLAS_0.0001_0.0001__4_B5401_0404_Hubber_B5401.csv,B5401 HLA,1.0,1.0,2.0,Not Pretrained
7233,B4601,Hubber,HLA,0.95,30,0.0001,0.0001,35,0.8068584189331369,0.887213531605653,0.2105659334093425,0.2993378809520176,0.7628422871982528,0.4588746380105818,2025-04-23 02:18:30,/global/scratch/users/sergiomar10/losses/ESMCBA_22042025/evaluation_ESMCBA_HLA_0.95_30_ESMMASK_HLA_FT_15_0.001_1e-06_AUG_3_B4601_1_0.0001_0.0001__1_B4601_0404_Hubber_B4601.csv,B4601 HLA,1.0,2.0,3.0,Pretrained
1627,A2603,Hubber,epitope,0.8,30,,5.0,8,0.80511756018254,0.8824739106950888,0.5312872304334065,0.6348190307617188,0.4180213432603835,0.7288945262748284,2025-05-28 13:16:04,/global/scratch/users/sergiomar10/losses/ESMCBA_28062025/evaluation_ESMCBA_epitope_0.8_30_False-Full_pretraining_100000_seq_AUG_3_ALL_HLAS_0.0001_0.0001__5_A2603_0404_Hubber_A2603.csv,A2603 epitope,4.0,1.0,5.0,Not Pretrained
4961,A1101,Hubber,HLA,0.6,30,0.0001,0.0001,110,0.8001525426741523,0.7799147592376227,0.784408177752744,0.7300405064767057,0.5864859988676239,0.8856682097449043,2025-05-28 20:33:19,/global/scratch/users/sergiomar10/losses/ESMCBA_28062025/evaluation_ESMCBA_HLA_0.6_30_ESMMASK_HLA_FT_25_0.001_1e-06_AUG_4_A1101_1_0.0001_0.0001__8_A1101_0404_Hubber_A1101.csv,A1101 HLA,1.0,1.0,2.0,Pretrained
7044,B5301,Hubber,epitope,0.95,30,0.0001,0.0001,87,0.7953978998418624,0.7907519545625329,0.4661924713224,0.5235895371471329,0.6222591855741659,0.682782887397158,2025-05-28 21:43:30,/global/scratch/users/sergiomar10/losses/ESMCBA_28062025/evaluation_ESMCBA_epitope_0.95_30_ESMMASK_epitope_FT_25_0.0001_1e-05_AUG_4_B5301_2_0.0001_0.0001__8_B5301_0404_Hubber_B5301.csv,B5301 epitope,1.0,1.0,2.0,Pretrained
4693,B8301,Hubber,HLA,0.8,30,,4.0,15,0.7943340313042001,0.8106016839832264,0.1863245670109715,0.2945764223734538,0.6397843940856082,0.4316532949149949,2025-05-28 18:39:44,/global/scratch/users/sergiomar10/losses/ESMCBA_28062025/evaluation_ESMCBA_HLA_0.8_30_False-Full_pretraining_100000_seq_AUG_3_ALL_HLAS_0.0001_0.0001__4_B8301_0404_Hubber_B8301.csv,B8301 HLA,2.0,4.0,6.0,Not Pretrained
7437,C0702,Hubber,epitope,0.95,30,0.0001,0.0001,11,0.790909090909091,0.8097205850185589,0.3013695746019996,0.4183448336341164,0.5853742497835908,0.5489713786728773,2025-04-23 02:20:37,/global/scratch/users/sergiomar10/losses/ESMCBA_22042025/evaluation_ESMCBA_epitope_0.95_30_ESMMASK_epitope_FT_15_0.0001_1e-06_AUG_4_C0702_2_0.0001_0.0001__1_C0702_0404_Hubber_C0702.csv,C0702 epitope,4.0,2.0,6.0,Pretrained
3666,B1801,Hubber,epitope,0.8,30,0.0001,0.0001,12,0.7902097902097903,0.876239025413073,0.9917300066378258,0.8759818077087402,0.6503102890956464,0.9958564186858596,2025-05-28 22:34:06,/global/scratch/users/sergiomar10/losses/ESMCBA_28062025/evaluation_ESMCBA_epitope_0.8_30_ESMMASK_epitope_FT_25_0.001_5e-05_AUG_4_B1801_2_0.0001_0.0001__7_B1801_0404_Hubber_B1801.csv,B1801 epitope,1.0,4.5,5.5,Pretrained
1102,B4601,Hubber,epitope,0.8,30,,4.0,32,0.7892340660464077,0.7595405858885336,0.4423150164598507,0.4603133592754602,0.5289748302637062,0.6650676781049059,2025-05-28 13:57:06,/global/scratch/users/sergiomar10/losses/ESMCBA_28062025/evaluation_ESMCBA_epitope_0.8_30_False-Full_pretraining_100000_seq_AUG_3_ALL_HLAS_0.0001_0.0001__4_B4601_0404_Hubber_B4601.csv,B4601 epitope,7.0,5.0,12.0,Not Pretrained
3513,A6901,Hubber,HLA,0.8,30,,2.0,76,0.788209823475499,0.781553099508704,0.5379208339505046,0.521523963071798,0.6081436847227975,0.7334308651471553,2025-05-29 21:27:17,/global/scratch/users/sergiomar10/losses/ESMCBA_28062025/evaluation_ESMCBA_HLA_0.8_30_False-Full_pretraining_100000_seq_AUG_3_ALL_HLAS_0.0001_0.0001__2_A6901_0404_Hubber_A6901.csv,A6901 HLA,4.0,2.0,6.0,Not Pretrained
2760,C1402,Hubber,epitope,0.4,30,0.0001,0.0001,11,0.788156942310295,0.7477704481157794,0.192585458500115,0.3591037446802312,0.5258735115140072,0.4388455975626451,2025-05-28 09:29:41,/global/scratch/users/sergiomar10/losses/ESMCBA_28062025/evaluation_ESMCBA_epitope_0.4_30_ESMMASK_epitope_FT_15_0.001_1e-06_AUG_3_C1402_2_0.0001_0.0001__1_C1402_0404_Hubber_C1402.csv,C1402 epitope,3.0,1.0,4.0,Pretrained
5201,B4801,Hubber,HLA,0.95,30,,2.0,23,0.7880327992252423,0.8212731754674844,0.2992801723950967,0.474294900894165,0.6568754322053711,0.5470650531656146,2025-05-29 19:15:20,/global/scratch/users/sergiomar10/losses/ESMCBA_28062025/evaluation_ESMCBA_HLA_0.95_30_False-Full_pretraining_100000_seq_AUG_3_ALL_HLAS_0.0001_0.0001__2_B4801_0404_Hubber_B4801.csv,B4801 HLA,1.0,3.0,4.0,Not Pretrained
7252,A1101,Hubber,epitope,0.95,30,0.0001,0.0001,110,0.7878869421640111,0.7817154228882527,0.7500550864413167,0.683913430436091,0.6045958103692728,0.86605720737219,2025-04-23 03:01:35,/global/scratch/users/sergiomar10/losses/ESMCBA_22042025/evaluation_ESMCBA_epitope_0.95_30_ESMMASK_epitope_FT_25_0.001_1e-05_AUG_4_A1101_1_0.0001_0.0001__1_A1101_0404_Hubber_A1101.csv,A1101 epitope,1.0,1.0,2.0,Pretrained
4626,B1501,Hubber,epitope,0.95,30,,5.0,22,0.7865612648221344,0.8165790515083247,0.6897445147231285,0.6675030562010679,0.5512251066250158,0.8305085879887868,2025-05-28 13:48:11,/global/scratch/users/sergiomar10/losses/ESMCBA_28062025/evaluation_ESMCBA_epitope_0.95_30_False-Full_pretraining_100000_seq_AUG_3_ALL_HLAS_0.0001_0.0001__5_B1501_0404_Hubber_B1501.csv,B1501 epitope,1.0,1.0,2.0,Not Pretrained
1054,A0212,Hubber,HLA,0.95,30,,2.0,25,0.785724893105037,0.782373826764915,0.8022267148906715,0.6356429302692413,0.5278016708513118,0.8956710974965484,2025-05-28 23:16:41,/global/scratch/users/sergiomar10/losses/ESMCBA_28062025/evaluation_ESMCBA_HLA_0.95_30_False-Full_pretraining_100000_seq_AUG_3_ALL_HLAS_0.0001_0.0001__2_A0212_0404_Hubber_A0212.csv,A0212 HLA,3.0,1.0,4.0,Not Pretrained
2490,A0217,Hubber,epitope,0.2,30,,4.0,7,0.7857142857142859,0.8855983054995621,0.3200731240337893,0.4397982529231482,0.242457545147283,0.565750054382489,2025-05-28 13:16:40,/global/scratch/users/sergiomar10/losses/ESMCBA_28062025/evaluation_ESMCBA_epitope_0.2_30_False-Full_pretraining_100000_seq_AUG_3_ALL_HLAS_0.0001_0.0001__4_A0217_0404_Hubber_A0217.csv,A0217 epitope,4.0,2.5,6.5,Not Pretrained
7533,A6901,Hubber,epitope,0.8,30,0.0001,0.0001,76,0.7837384549412433,0.7792843302456877,0.5483393856873197,0.5580739182861227,0.59905826031995,0.7404994163990406,2025-04-23 02:20:47,/global/scratch/users/sergiomar10/losses/ESMCBA_22042025/evaluation_ESMCBA_epitope_0.8_30_ESMMASK_epitope_FT_20_1e-05_5e-05_AUG_4_A6901_2_0.0001_0.0001__1_A6901_0404_Hubber_A6901.csv,A6901 epitope,6.0,1.0,7.0,Pretrained
1207,B4403,Hubber,HLA,0.8,30,,4.0,9,0.7833333333333333,0.8675241096032158,1.3140839943890557,0.7676702986160914,0.3450668247356216,1.1463350271142618,2025-05-28 17:41:14,/global/scratch/users/sergiomar10/losses/ESMCBA_28062025/evaluation_ESMCBA_HLA_0.8_30_False-Full_pretraining_100000_seq_AUG_3_ALL_HLAS_0.0001_0.0001__4_B4403_0404_Hubber_B4403.csv,B4403 HLA,4.0,3.0,7.0,Not Pretrained
5559,C0401,Hubber,epitope,0.2,30,0.0001,0.0001,7,0.7572401854185358,0.7106780702420116,0.2104186665637339,0.2361682483128138,0.4097019428245041,0.4587141447173107,2025-05-28 09:05:27,/global/scratch/users/sergiomar10/losses/ESMCBA_28062025/evaluation_ESMCBA_epitope_0.2_30_ESMMASK_epitope_FT_25_0.0001_5e-05_AUG_4_C0401_1_0.0001_0.0001__1_C0401_0404_Hubber_C0401.csv,C0401 epitope,6.0,3.0,9.0,Pretrained
5431,A2602,Hubber,epitope,0.6,30,0.0001,0.0001,16,0.7551655274804878,0.8089572511471907,0.4218912536142981,0.5615634024143219,0.4251153226580327,0.6495315647559387,2025-05-28 20:45:10,/global/scratch/users/sergiomar10/losses/ESMCBA_28062025/evaluation_ESMCBA_epitope_0.6_30_ESMMASK_epitope_FT_20_0.001_1e-05_AUG_4_A2602_2_0.0001_0.0001__7_A2602_0404_Hubber_A2602.csv,A2602 epitope,2.0,2.0,4.0,Pretrained
2321,C0303,Hubber,epitope,0.6,0,0.0001,0.0001,7,0.7500000000000002,0.6842297292136021,0.6721059857891143,0.7425491469247001,0.0093031809114326,0.8198207034401572,2025-05-28 09:49:27,/global/scratch/users/sergiomar10/losses/ESMCBA_28062025/evaluation_ESMCBA_epitope_0.6_0_ESMMASK_epitope_FT_20_0.001_5e-05_AUG_3_C0303_1_0.0001_0.0001__1_C0303_0404_Hubber_C0303.csv,C0303 epitope,12.0,1.0,13.0,Pretrained
2256,B5101,Hubber,HLA,0.8,30,,5.0,7,0.7500000000000002,0.6137897380038306,0.5018985525609554,0.6591473988124302,0.330943464158186,0.708447988606754,2025-05-28 18:58:53,/global/scratch/users/sergiomar10/losses/ESMCBA_28062025/evaluation_ESMCBA_HLA_0.8_30_False-Full_pretraining_100000_seq_AUG_3_ALL_HLAS_0.0001_0.0001__5_B5101_0404_Hubber_B5101.csv,B5101 HLA,1.0,2.5,3.5,Not Pretrained
421,A2601,Hubber,HLA,0.95,30,,4.0,15,0.7499999999999999,0.815450652034597,0.744518777519458,0.7501689314842224,0.6005447042573238,0.8628550153527869,2025-05-28 19:15:38,/global/scratch/users/sergiomar10/losses/ESMCBA_28062025/evaluation_ESMCBA_HLA_0.95_30_False-Full_pretraining_100000_seq_AUG_3_ALL_HLAS_0.0001_0.0001__4_A2601_0404_Hubber_A2601.csv,A2601 HLA,1.0,2.0,3.0,Not Pretrained
5275,B1501,Hubber,HLA,0.4,30,,4.0,22,0.7470355731225299,0.8124363530027271,0.7798118957374811,0.7029793181202627,0.4926237282182514,0.8830695871433243,2025-05-28 18:51:21,/global/scratch/users/sergiomar10/losses/ESMCBA_28062025/evaluation_ESMCBA_HLA_0.4_30_False-Full_pretraining_100000_seq_AUG_3_ALL_HLAS_0.0001_0.0001__4_B1501_0404_Hubber_B1501.csv,B1501 HLA,2.0,1.0,3.0,Not Pretrained
1941,B3801,Hubber,epitope,0.4,30,0.0001,0.0001,12,0.74389001356746,0.7830490064384631,1.4117121546277371,1.052863210439682,0.1108043746384093,1.188154937130565,2025-05-28 09:28:02,/global/scratch/users/sergiomar10/losses/ESMCBA_28062025/evaluation_ESMCBA_epitope_0.4_30_ESMMASK_epitope_FT_25_0.0001_1e-05_AUG_4_B3801_2_0.0001_0.0001__1_B3801_0404_Hubber_B3801.csv,B3801 epitope,4.0,1.0,5.0,Pretrained
1691,A3001,Hubber,HLA,0.8,30,,5.0,10,0.742387174159217,0.7766393795773154,0.7739378814267355,0.7399883985519409,-0.0855770569687812,0.8797373934457575,2025-05-28 18:36:13,/global/scratch/users/sergiomar10/losses/ESMCBA_28062025/evaluation_ESMCBA_HLA_0.8_30_False-Full_pretraining_100000_seq_AUG_3_ALL_HLAS_0.0001_0.0001__5_A3001_0404_Hubber_A3001.csv,A3001 HLA,7.0,2.0,9.0,Not Pretrained
390,A0205,Hubber,HLA,0.95,30,,2.0,9,0.7405931817601112,0.696117556395455,0.4152175724991278,0.4546773963504367,0.3601653476793203,0.6443737832183489,2025-05-29 16:52:40,/global/scratch/users/sergiomar10/losses/ESMCBA_28062025/evaluation_ESMCBA_HLA_0.95_30_False-Full_pretraining_100000_seq_AUG_3_ALL_HLAS_0.0001_0.0001__2_A0205_0404_Hubber_A0205.csv,A0205 HLA,8.0,3.0,11.0,Not Pretrained
7169,A0207,Hubber,HLA,0.85,30,0.0001,0.0001,6,0.7247137945655605,0.5831382173279329,0.2090505976304181,0.3060447374979655,-0.0480357302418441,0.4572205131338905,2025-04-23 02:43:36,/global/scratch/users/sergiomar10/losses/ESMCBA_22042025/evaluation_ESMCBA_HLA_0.85_30_ESMMASK_HLA_FT_20_0.0001_1e-05_AUG_3_A0207_1_0.0001_0.0001__1_A0207_0404_Hubber_A0207.csv,A0207 HLA,5.0,2.0,7.0,Pretrained
1531,B4501,Hubber,HLA,0.8,30,,5.0,37,0.7182739624970207,0.7134099432207759,0.4865374611060032,0.5632170664297568,0.4993314842673894,0.6975223731938662,2025-05-28 18:54:39,/global/scratch/users/sergiomar10/losses/ESMCBA_28062025/evaluation_ESMCBA_HLA_0.8_30_False-Full_pretraining_100000_seq_AUG_3_ALL_HLAS_0.0001_0.0001__5_B4501_0404_Hubber_B4501.csv,B4501 HLA,2.0,1.0,3.0,Not Pretrained
1716,B1509,Hubber,epitope,0.95,30,,4.0,14,0.7125515539884951,0.8523956368046117,0.2970467909452168,0.4737741947174072,-2.5075411241204684,0.5450199913262053,2025-05-28 13:44:54,/global/scratch/users/sergiomar10/losses/ESMCBA_28062025/evaluation_ESMCBA_epitope_0.95_30_False-Full_pretraining_100000_seq_AUG_3_ALL_HLAS_0.0001_0.0001__4_B1509_0404_Hubber_B1509.csv,B1509 epitope,1.0,3.0,4.0,Not Pretrained
7423,B1517,Hubber,epitope,0.95,30,0.0001,0.0001,51,0.7010664221106279,0.6795825548892087,0.8314681608100617,0.7045287186024236,0.4387012987402634,0.911848759833593,2025-04-23 02:44:29,/global/scratch/users/sergiomar10/losses/ESMCBA_22042025/evaluation_ESMCBA_epitope_0.95_30_ESMMASK_epitope_FT_25_0.001_1e-06_AUG_3_B1517_2_0.0001_0.0001__1_B1517_0404_Hubber_B1517.csv,B1517 epitope,6.0,1.0,7.0,Pretrained
178,A2601,Hubber,epitope,0.95,30,0.0001,0.0001,15,0.7,0.8033420023210721,0.9513422844253316,0.8097105145454406,0.4895780669981796,0.9753677688058652,2025-05-28 20:39:46,/global/scratch/users/sergiomar10/losses/ESMCBA_28062025/evaluation_ESMCBA_epitope_0.95_30_ESMMASK_epitope_FT_20_0.0001_1e-06_AUG_4_A2601_1_0.0001_0.0001__8_A2601_0404_Hubber_A2601.csv,A2601 epitope,1.0,1.0,2.0,Pretrained
602,A0219,Hubber,HLA,0.4,30,,2.0,13,0.6987626968085264,0.6848498024132073,0.6166979463993665,0.599545616369981,0.433027912427864,0.7853011819673815,2025-05-28 14:52:43,/global/scratch/users/sergiomar10/losses/ESMCBA_28062025/evaluation_ESMCBA_HLA_0.4_30_False-Full_pretraining_100000_seq_AUG_3_ALL_HLAS_0.0001_0.0001__2_A0219_0404_Hubber_A0219.csv,A0219 HLA,1.0,5.0,6.0,Not Pretrained
1224,B3801,Hubber,HLA,0.95,30,,2.0,12,0.6869414957823913,0.6515752437956528,1.3813011176487429,0.9735216995080312,0.1299593850672612,1.1752876744221998,2025-05-29 01:37:27,/global/scratch/users/sergiomar10/losses/ESMCBA_28062025/evaluation_ESMCBA_HLA_0.95_30_False-Full_pretraining_100000_seq_AUG_3_ALL_HLAS_0.0001_0.0001__2_B3801_0404_Hubber_B3801.csv,B3801 HLA,1.0,2.0,3.0,Not Pretrained
7450,A6801,Hubber,HLA,0.8,30,0.0001,0.0001,39,0.6867626359833614,0.7909777733559165,0.7379784935636392,0.6722220006661538,0.5916640821687911,0.859056746416463,2025-04-23 02:54:13,/global/scratch/users/sergiomar10/losses/ESMCBA_22042025/evaluation_ESMCBA_HLA_0.8_30_ESMMASK_HLA_FT_15_0.0001_5e-05_AUG_3_A6801_2_0.0001_0.0001__1_A6801_0404_Hubber_A6801.csv,A6801 HLA,1.0,1.0,2.0,Pretrained
2981,C0501,Hubber,HLA,0.95,30,,4.0,9,0.6833333333333333,0.6581605329966489,0.4000918902601017,0.4957641495598687,0.1042961020884181,0.6325281734911906,2025-05-28 17:11:17,/global/scratch/users/sergiomar10/losses/ESMCBA_28062025/evaluation_ESMCBA_HLA_0.95_30_False-Full_pretraining_100000_seq_AUG_3_ALL_HLAS_0.0001_0.0001__4_C0501_0404_Hubber_C0501.csv,C0501 HLA,1.0,7.0,8.0,Not Pretrained
6277,A0216,Hubber,epitope,0.8,30,,5.0,13,0.6809399224343453,0.7354427938669451,0.8368023181750573,0.7209282769606664,0.4381193691643158,0.914768997165436,2025-05-28 13:28:47,/global/scratch/users/sergiomar10/losses/ESMCBA_28062025/evaluation_ESMCBA_epitope_0.8_30_False-Full_pretraining_100000_seq_AUG_3_ALL_HLAS_0.0001_0.0001__5_A0216_0404_Hubber_A0216.csv,A0216 epitope,4.0,3.0,7.0,Not Pretrained
2622,C1502,Hubber,HLA,0.4,0,0.0001,0.0001,7,0.6785714285714287,0.2296325747878776,0.5893069300424119,0.5585829360144479,-0.0062946836175015,0.7676632921029973,2025-05-28 10:25:06,/global/scratch/users/sergiomar10/losses/ESMCBA_28062025/evaluation_ESMCBA_HLA_0.4_0_ESMMASK_HLA_FT_25_0.001_5e-05_AUG_3_C1502_2_0.0001_0.0001__2_C1502_0404_Hubber_C1502.csv,C1502 HLA,7.0,5.0,12.0,Pretrained
2832,C0602,Hubber,epitope,0.4,30,,5.0,10,0.6727272727272726,0.5372689845699001,0.3562703517342811,0.4618394374847412,0.2770545433831057,0.5968838678790717,2025-05-28 13:13:57,/global/scratch/users/sergiomar10/losses/ESMCBA_28062025/evaluation_ESMCBA_epitope_0.4_30_False-Full_pretraining_100000_seq_AUG_3_ALL_HLAS_0.0001_0.0001__5_C0602_0404_Hubber_C0602.csv,C0602 epitope,2.0,4.0,6.0,Not Pretrained
7248,A6801,Hubber,epitope,0.95,30,0.0001,0.0001,39,0.6708550328778159,0.7665359161928603,0.8024716988901355,0.7185219717331421,0.555978906488803,0.8958078470800171,2025-04-23 02:24:49,/global/scratch/users/sergiomar10/losses/ESMCBA_22042025/evaluation_ESMCBA_epitope_0.95_30_ESMMASK_epitope_FT_15_0.001_1e-06_AUG_4_A6801_2_0.0001_0.0001__1_A6801_0404_Hubber_A6801.csv,A6801 epitope,1.0,1.0,2.0,Pretrained
4138,C1502,Hubber,epitope,0.95,30,,5.0,13,0.6703296703296703,0.639298252565183,0.3075969370677021,0.4757274114168606,0.223930729768507,0.554614223643518,2025-05-28 13:34:28,/global/scratch/users/sergiomar10/losses/ESMCBA_28062025/evaluation_ESMCBA_epitope_0.95_30_False-Full_pretraining_100000_seq_AUG_3_ALL_HLAS_0.0001_0.0001__5_C1502_0404_Hubber_C1502.csv,C1502 epitope,2.0,2.0,4.0,Not Pretrained
2109,A0101,Hubber,HLA,0.8,30,,4.0,128,0.6595513133491715,0.7231588241347335,2.0716038851465326,1.1493996114004403,0.2162184734347647,1.4393067376853803,2025-05-28 17:18:46,/global/scratch/users/sergiomar10/losses/ESMCBA_28062025/evaluation_ESMCBA_HLA_0.8_30_False-Full_pretraining_100000_seq_AUG_3_ALL_HLAS_0.0001_0.0001__4_A0101_0404_Hubber_A0101.csv,A0101 HLA,1.0,1.0,2.0,Not Pretrained
6527,B4002,Hubber,epitope,0.6,30,,4.0,33,0.6537979466296233,0.6972626652255706,0.4682296133471224,0.5674660422585227,0.4503092907475016,0.6842730546697878,2025-05-28 13:28:56,/global/scratch/users/sergiomar10/losses/ESMCBA_28062025/evaluation_ESMCBA_epitope_0.6_30_False-Full_pretraining_100000_seq_AUG_3_ALL_HLAS_0.0001_0.0001__4_B4002_0404_Hubber_B4002.csv,B4002 epitope,2.0,3.0,5.0,Not Pretrained
5760,B0702,Hubber,HLA,0.95,30,0.0001,0.0001,109,0.6458884200837732,0.7012093500038666,1.2988614914332988,0.9124695885618892,0.4334974838029662,1.1396760467050708,2025-05-28 23:00:45,/global/scratch/users/sergiomar10/losses/ESMCBA_28062025/evaluation_ESMCBA_HLA_0.95_30_ESMMASK_HLA_FT_15_0.0001_5e-05_AUG_1_B0702_1_0.0001_0.0001__7_B0702_0404_Hubber_B0702.csv,B0702 HLA,1.0,4.0,5.0,Pretrained
2086,B7301,Hubber,HLA,0.6,30,,4.0,7,0.642857142857143,0.648043891153653,0.3867176662941785,0.5534594058990479,-0.373717307909396,0.6218662768587621,2025-05-28 18:41:47,/global/scratch/users/sergiomar10/losses/ESMCBA_28062025/evaluation_ESMCBA_HLA_0.6_30_False-Full_pretraining_100000_seq_AUG_3_ALL_HLAS_0.0001_0.0001__4_B7301_0404_Hubber_B7301.csv,B7301 HLA,6.0,4.0,10.0,Not Pretrained
7325,A3301,Hubber,epitope,0.95,30,0.0001,0.0001,8,0.6341828617898013,0.9070282625390091,0.4403527503851894,0.4123793095350264,0.6702636100182702,0.6635908004072912,2025-04-23 02:28:08,/global/scratch/users/sergiomar10/losses/ESMCBA_22042025/evaluation_ESMCBA_epitope_0.95_30_ESMMASK_epitope_FT_15_0.001_1e-06_AUG_4_A3301_2_0.0001_0.0001__1_A3301_0404_Hubber_A3301.csv,A3301 epitope,2.0,1.5,3.5,Pretrained
2253,B5301,Hubber,HLA,0.6,30,,4.0,70,0.6340055121764808,0.5982954427752497,0.5997399799321852,0.5962671203272684,0.3310355741810963,0.7744288088211757,2025-05-28 18:46:05,/global/scratch/users/sergiomar10/losses/ESMCBA_28062025/evaluation_ESMCBA_HLA_0.6_30_False-Full_pretraining_100000_seq_AUG_3_ALL_HLAS_0.0001_0.0001__4_B5301_0404_Hubber_B5301.csv,B5301 HLA,2.0,2.0,4.0,Not Pretrained
3672,B1517,Hubber,HLA,0.4,30,,2.0,38,0.6336326706240946,0.6153456505054196,0.6262285941025926,0.6900138353046618,0.3131426614886284,0.7913460646914171,2025-05-29 19:26:51,/global/scratch/users/sergiomar10/losses/ESMCBA_28062025/evaluation_ESMCBA_HLA_0.4_30_False-Full_pretraining_100000_seq_AUG_3_ALL_HLAS_0.0001_0.0001__2_B1517_0404_Hubber_B1517.csv,B1517 HLA,3.0,2.0,5.0,Not Pretrained
7395,B0702,Hubber,epitope,0.95,30,0.0001,0.0001,109,0.6272192860294235,0.701545306566464,1.5074667994757376,0.9938837959678894,0.3425136239552994,1.227789395407754,2025-04-23 03:06:41,/global/scratch/users/sergiomar10/losses/ESMCBA_22042025/evaluation_ESMCBA_epitope_0.95_30_ESMMASK_epitope_FT_25_0.0001_1e-05_AUG_3_B0702_1_0.0001_0.0001__1_B0702_0404_Hubber_B0702.csv,B0702 epitope,1.0,6.0,7.0,Pretrained
4824,A0101,Hubber,epitope,0.8,30,,5.0,128,0.6234333548465189,0.6131808840069415,2.526265518946232,1.323402231791988,0.0441993958662912,1.589423014476081,2025-05-28 13:38:20,/global/scratch/users/sergiomar10/losses/ESMCBA_28062025/evaluation_ESMCBA_epitope_0.8_30_False-Full_pretraining_100000_seq_AUG_3_ALL_HLAS_0.0001_0.0001__5_A0101_0404_Hubber_A0101.csv,A0101 epitope,9.0,3.0,12.0,Not Pretrained
4153,B1503,Hubber,HLA,0.95,30,,2.0,20,0.6210526315789473,0.599223282543211,0.5531890851124267,0.5773650109767914,0.2355238613037891,0.743766821734088,2025-05-28 13:27:10,/global/scratch/users/sergiomar10/losses/ESMCBA_28062025/evaluation_ESMCBA_HLA_0.95_30_False-Full_pretraining_100000_seq_AUG_3_ALL_HLAS_0.0001_0.0001__2_B1503_0404_Hubber_B1503.csv,B1503 HLA,6.0,3.0,9.0,Not Pretrained
2246,A2602,Hubber,HLA,0.2,30,,4.0,8,0.6190476190476191,0.6822815682420301,0.4814587602559398,0.5781876146793365,-0.3935930381186514,0.6938722939100104,2025-05-28 18:45:51,/global/scratch/users/sergiomar10/losses/ESMCBA_28062025/evaluation_ESMCBA_HLA_0.2_30_False-Full_pretraining_100000_seq_AUG_3_ALL_HLAS_0.0001_0.0001__4_A2602_0404_Hubber_A2602.csv,A2602 HLA,3.0,1.0,4.0,Not Pretrained
6752,B3906,Hubber,epitope,0.8,30,,4.0,13,0.6189827038658207,0.5463385418346438,0.983331409440487,0.8191273900178763,0.199598533941494,0.9916306819781684,2025-05-28 13:55:42,/global/scratch/users/sergiomar10/losses/ESMCBA_28062025/evaluation_ESMCBA_epitope_0.8_30_False-Full_pretraining_100000_seq_AUG_3_ALL_HLAS_0.0001_0.0001__4_B3906_0404_Hubber_B3906.csv,B3906 epitope,1.0,2.5,3.5,Not Pretrained
4017,B1509,Hubber,HLA,0.95,30,,5.0,14,0.589089898002982,0.6767038558765879,0.3933898198444661,0.50046249798366,0.0205207752131436,0.6272079558204489,2025-05-28 18:29:39,/global/scratch/users/sergiomar10/losses/ESMCBA_28062025/evaluation_ESMCBA_HLA_0.95_30_False-Full_pretraining_100000_seq_AUG_3_ALL_HLAS_0.0001_0.0001__5_B1509_0404_Hubber_B1509.csv,B1509 HLA,9.0,4.0,13.0,Not Pretrained
3079,C0602,Hubber,HLA,0.6,30,0.0001,0.0001,13,0.5879120879120878,0.5647899638323024,0.3459711397759886,0.4094104033250075,-0.2218573040310905,0.5881931143561514,2025-05-28 21:47:20,/global/scratch/users/sergiomar10/losses/ESMCBA_28062025/evaluation_ESMCBA_HLA_0.6_30_ESMMASK_HLA_FT_25_0.0001_5e-05_AUG_4_C0602_2_0.0001_0.0001__7_C0602_0404_Hubber_C0602.csv,C0602 HLA,1.0,5.0,6.0,Pretrained
4091,A0301,Hubber,HLA,0.8,30,0.0001,0.0001,223,0.5824024513037862,0.5300189817703382,2.029284903507441,1.1441727624746716,0.0396196569481103,1.424529713100938,2025-05-28 21:06:32,/global/scratch/users/sergiomar10/losses/ESMCBA_28062025/evaluation_ESMCBA_HLA_0.8_30_ESMMASK_HLA_FT_15_0.001_1e-05_AUG_3_A0301_2_0.0001_0.0001__7_A0301_0404_Hubber_A0301.csv,A0301 HLA,6.0,1.0,7.0,Pretrained
69,C1402,Hubber,HLA,0.95,30,,4.0,19,0.5765687259745489,0.4395631332290661,0.6165173324684909,0.4896717565624337,0.0320973552406911,0.7851861769469015,2025-05-28 19:49:26,/global/scratch/users/sergiomar10/losses/ESMCBA_28062025/evaluation_ESMCBA_HLA_0.95_30_False-Full_pretraining_100000_seq_AUG_3_ALL_HLAS_0.0001_0.0001__4_C1402_0404_Hubber_C1402.csv,C1402 HLA,8.0,4.0,12.0,Not Pretrained
1881,A0301,Hubber,epitope,0.6,30,,5.0,223,0.5728251053962716,0.5225414081326789,1.836201015011525,1.07952732883494,0.1309986302756079,1.3550649486321773,2025-05-28 13:49:38,/global/scratch/users/sergiomar10/losses/ESMCBA_28062025/evaluation_ESMCBA_epitope_0.6_30_False-Full_pretraining_100000_seq_AUG_3_ALL_HLAS_0.0001_0.0001__5_A0301_0404_Hubber_A0301.csv,A0301 epitope,4.0,4.0,8.0,Not Pretrained
5242,A0201,Hubber,HLA,0.8,30,,5.0,495,0.570203470170849,0.5693270447323684,1.793814515908847,1.0247750116869656,0.2020147116737628,1.33933360889244,2025-05-28 20:13:52,/global/scratch/users/sergiomar10/losses/ESMCBA_28062025/evaluation_ESMCBA_HLA_0.8_30_False-Full_pretraining_100000_seq_AUG_3_ALL_HLAS_0.0001_0.0001__5_A0201_0404_Hubber_A0201.csv,A0201 HLA,2.0,1.0,3.0,Not Pretrained
2244,B4002,Hubber,HLA,0.4,30,,4.0,22,0.5674760022586111,0.603343230890242,0.8292303310785827,0.7138946869156577,0.269097397498557,0.9106208492443948,2025-05-28 19:12:00,/global/scratch/users/sergiomar10/losses/ESMCBA_28062025/evaluation_ESMCBA_HLA_0.4_30_False-Full_pretraining_100000_seq_AUG_3_ALL_HLAS_0.0001_0.0001__4_B4002_0404_Hubber_B4002.csv,B4002 HLA,7.0,3.0,10.0,Not Pretrained
4946,A0201,Hubber,epitope,0.2,30,0.0001,0.0001,495,0.566515642838243,0.5400442640088077,1.6416163160271535,1.052560192482038,0.2697206664077689,1.2812557574610752,2025-05-28 22:54:58,/global/scratch/users/sergiomar10/losses/ESMCBA_28062025/evaluation_ESMCBA_epitope_0.2_30_ESMMASK_epitope_FT_15_0.001_1e-05_AUG_3_A0201_2_0.0001_0.0001__7_A0201_0404_Hubber_A0201.csv,A0201 epitope,2.0,3.0,5.0,Pretrained
3985,A0211,Hubber,epitope,0.4,30,0.0001,0.0001,12,0.5614069646580031,0.8429812766354312,0.5436285167771716,0.6109236106276512,0.6122690528808074,0.7373116822465053,2025-05-28 20:42:56,/global/scratch/users/sergiomar10/losses/ESMCBA_28062025/evaluation_ESMCBA_epitope_0.4_30_ESMMASK_epitope_FT_25_0.0001_1e-06_AUG_3_A0211_1_0.0001_0.0001__8_A0211_0404_Hubber_A0211.csv,A0211 epitope,1.0,8.0,9.0,Pretrained
970,B1503,Hubber,epitope,0.4,30,0.0001,0.0001,13,0.5549450549450549,0.6338015451481449,0.4694869579718693,0.5708683087275579,0.3961185104102626,0.685191183518782,2025-05-28 09:01:39,/global/scratch/users/sergiomar10/losses/ESMCBA_28062025/evaluation_ESMCBA_epitope_0.4_30_ESMMASK_epitope_FT_15_0.001_1e-05_AUG_4_B1503_2_0.0001_0.0001__1_B1503_0404_Hubber_B1503.csv,B1503 epitope,2.0,3.0,5.0,Pretrained
4127,A0216,Hubber,HLA,0.95,30,,2.0,14,0.5533391009741849,0.6356654962111434,1.061777527540732,0.7523921302386692,0.0357937936664374,1.0304258961908574,2025-05-29 01:58:19,/global/scratch/users/sergiomar10/losses/ESMCBA_28062025/evaluation_ESMCBA_HLA_0.95_30_False-Full_pretraining_100000_seq_AUG_3_ALL_HLAS_0.0001_0.0001__2_A0216_0404_Hubber_A0216.csv,A0216 HLA,7.0,6.0,13.0,Not Pretrained
1811,B7301,Hubber,epitope,0.6,0,0.0001,0.0001,7,0.5357142857142858,0.4676098130832414,0.4782014764344679,0.5762182985033311,-0.008970763063383,0.6915211323122873,2025-05-28 21:19:24,/global/scratch/users/sergiomar10/losses/ESMCBA_28062025/evaluation_ESMCBA_epitope_0.6_0_ESMMASK_epitope_FT_25_0.001_5e-05_AUG_3_B7301_1_0.0001_0.0001__8_B7301_0404_Hubber_B7301.csv,B7301 epitope,10.0,5.0,15.0,Pretrained
3295,A3001,Hubber,epitope,0.4,30,0.0001,0.0001,10,0.5337825136516684,0.5571107236484116,0.9695125344243424,0.8581119298934936,-0.3599031512380548,0.9846382759289536,2025-05-28 21:48:48,/global/scratch/users/sergiomar10/losses/ESMCBA_28062025/evaluation_ESMCBA_epitope_0.4_30_ESMMASK_epitope_FT_25_0.001_1e-06_AUG_3_A3001_1_0.0001_0.0001__8_A3001_0404_Hubber_A3001.csv,A3001 epitope,8.0,8.0,16.0,Pretrained
1657,B3901,Hubber,epitope,0.8,30,,5.0,13,0.510989010989011,0.5287061293144312,0.9154433320341132,0.8007613970683172,0.2687185562237184,0.9567880287890904,2025-05-28 13:09:24,/global/scratch/users/sergiomar10/losses/ESMCBA_28062025/evaluation_ESMCBA_epitope_0.8_30_False-Full_pretraining_100000_seq_AUG_3_ALL_HLAS_0.0001_0.0001__5_B3901_0404_Hubber_B3901.csv,B3901 epitope,1.0,2.0,3.0,Not Pretrained
7236,B4402,Hubber,HLA,0.95,30,0.0001,0.0001,118,0.5058253615529171,0.4983344070432707,2.270238870475866,1.2576765423103915,-0.3160014964447135,1.506731187198256,2025-04-23 01:51:36,/global/scratch/users/sergiomar10/losses/ESMCBA_22042025/evaluation_ESMCBA_HLA_0.95_30_ESMMASK_HLA_FT_25_0.001_5e-05_AUG_4_B4402_1_0.0001_0.0001__1_B4402_0404_Hubber_B4402.csv,B4402 HLA,10.0,5.0,15.0,Pretrained
3962,B0801,Hubber,HLA,0.95,30,,2.0,53,0.5052849204931802,0.6133038320724974,0.8063106452083669,0.686556135708431,0.2980048236541057,0.8979480192128979,2025-05-29 03:50:26,/global/scratch/users/sergiomar10/losses/ESMCBA_28062025/evaluation_ESMCBA_HLA_0.95_30_False-Full_pretraining_100000_seq_AUG_3_ALL_HLAS_0.0001_0.0001__2_B0801_0404_Hubber_B0801.csv,B0801 HLA,3.0,1.0,4.0,Not Pretrained
7393,B2703,Hubber,epitope,0.85,30,0.0001,0.0001,11,0.5,0.7757384428072494,0.0138008795864111,0.0906662074002353,0.3890941399673933,0.1174771449534381,2025-04-23 03:07:44,/global/scratch/users/sergiomar10/losses/ESMCBA_22042025/evaluation_ESMCBA_epitope_0.85_30_ESMMASK_epitope_FT_15_0.0001_5e-05_AUG_3_B2703_2_0.0001_0.0001__1_B2703_0404_Hubber_B2703.csv,B2703 epitope,4.0,15.0,19.0,Pretrained
2886,B4402,Hubber,epitope,0.6,30,0.0001,0.0001,118,0.4794668980411185,0.462700675769722,2.2603339748084523,1.2760247643721303,-0.3102598726491026,1.5034407121028923,2025-05-28 11:13:16,/global/scratch/users/sergiomar10/losses/ESMCBA_28062025/evaluation_ESMCBA_epitope_0.6_30_ESMMASK_epitope_FT_25_0.001_1e-06_AUG_3_B4402_1_0.0001_0.0001__2_B4402_0404_Hubber_B4402.csv,B4402 epitope,10.0,4.0,14.0,Pretrained
449,C0401,Hubber,HLA,0.2,0,,5.0,7,0.474341649025257,0.5003190619328335,0.0772687792666601,0.1974396024431499,-0.0447556281127268,0.277972623232325,2025-05-28 19:53:30,/global/scratch/users/sergiomar10/losses/ESMCBA_28062025/evaluation_ESMCBA_HLA_0.2_0_False-Full_pretraining_100000_seq_AUG_3_ALL_HLAS_0.0001_0.0001__5_C0401_0404_Hubber_C0401.csv,C0401 HLA,1.0,6.0,7.0,Not Pretrained
5762,B0801,Hubber,epitope,0.95,30,0.0001,0.0001,53,0.4698645484218818,0.5780672644358473,0.7822614523344597,0.7185240635332072,0.3189426811570688,0.8844554552573349,2025-05-28 21:39:53,/global/scratch/users/sergiomar10/losses/ESMCBA_28062025/evaluation_ESMCBA_epitope_0.95_30_ESMMASK_epitope_FT_20_0.0001_5e-05_AUG_3_B0801_1_0.0001_0.0001__8_B0801_0404_Hubber_B0801.csv,B0801 epitope,1.0,1.0,2.0,Pretrained
1010,B3906,Hubber,HLA,0.95,30,,4.0,13,0.4511696152621982,0.4450390473668221,1.2267480077120372,0.8252283655680143,0.0014649237984178,1.1075865689471127,2025-05-28 18:49:05,/global/scratch/users/sergiomar10/losses/ESMCBA_28062025/evaluation_ESMCBA_HLA_0.95_30_False-Full_pretraining_100000_seq_AUG_3_ALL_HLAS_0.0001_0.0001__4_B3906_0404_Hubber_B3906.csv,B3906 HLA,1.0,2.0,3.0,Not Pretrained
7181,C1203,Hubber,epitope,0.8,30,0.0001,0.0001,9,0.45,0.8756497762217326,0.3358317139051196,0.4322219226095412,0.2782995977069964,0.5795098911193144,2025-04-23 02:20:07,/global/scratch/users/sergiomar10/losses/ESMCBA_22042025/evaluation_ESMCBA_epitope_0.8_30_ESMMASK_epitope_FT_25_0.001_1e-06_AUG_4_C1203_1_0.0001_0.0001__1_C1203_0404_Hubber_C1203.csv,C1203 epitope,7.0,3.0,10.0,Pretrained
2450,B1542,Hubber,HLA,0.95,30,,4.0,14,0.4472135954999579,0.438272005171062,0.0101961539715205,0.0964668989181519,-0.6444879662172689,0.1009760069101592,2025-05-28 18:43:08,/global/scratch/users/sergiomar10/losses/ESMCBA_28062025/evaluation_ESMCBA_HLA_0.95_30_False-Full_pretraining_100000_seq_AUG_3_ALL_HLAS_0.0001_0.0001__4_B1542_0404_Hubber_B1542.csv,B1542 HLA,1.0,5.0,6.0,Not Pretrained
3945,B3901,Hubber,HLA,0.8,30,,5.0,13,0.4450549450549451,0.4018941811637489,1.0504542849406846,0.914348657314594,0.1608680742635201,1.0249167209781898,2025-05-28 18:14:37,/global/scratch/users/sergiomar10/losses/ESMCBA_28062025/evaluation_ESMCBA_HLA_0.8_30_False-Full_pretraining_100000_seq_AUG_3_ALL_HLAS_0.0001_0.0001__5_B3901_0404_Hubber_B3901.csv,B3901 HLA,1.0,3.5,4.5,Not Pretrained
3605,A0211,Hubber,HLA,0.2,0,0.0001,0.0001,9,0.4333333333333333,0.1362938062377302,0.3236898132704165,0.421149280336168,-0.0093068828820728,0.5689374423171818,2025-05-28 20:18:09,/global/scratch/users/sergiomar10/losses/ESMCBA_28062025/evaluation_ESMCBA_HLA_0.2_0_ESMMASK_HLA_FT_15_0.001_1e-05_AUG_4_A0211_1_0.0001_0.0001__7_A0211_0404_Hubber_A0211.csv,A0211 HLA,1.0,9.0,10.0,Pretrained
7267,B1502,Hubber,epitope,0.8,30,0.0001,0.0001,9,0.4166666666666666,0.2252021130657811,0.6080928227855807,0.5841144323348999,-0.0754011449226832,0.7798030666684895,2025-04-23 02:53:40,/global/scratch/users/sergiomar10/losses/ESMCBA_22042025/evaluation_ESMCBA_epitope_0.8_30_ESMMASK_epitope_FT_20_0.0001_5e-05_AUG_3_B1502_1_0.0001_0.0001__1_B1502_0404_Hubber_B1502.csv,B1502 epitope,8.0,7.0,15.0,Pretrained
7562,C0702,Hubber,HLA,0.95,30,0.0001,0.0001,11,0.4090909090909091,0.4127583877059256,0.4033567014634359,0.4803310307589444,-0.0027647736556433,0.6351036934733066,2025-04-23 02:52:36,/global/scratch/users/sergiomar10/losses/ESMCBA_22042025/evaluation_ESMCBA_HLA_0.95_30_ESMMASK_HLA_FT_25_0.0001_1e-05_AUG_1_C0702_2_0.0001_0.0001__1_C0702_0404_Hubber_C0702.csv,C0702 HLA,11.0,11.0,22.0,Pretrained
4677,B1402,Hubber,HLA,0.2,30,0.0001,0.0001,6,0.3714285714285715,0.2855523884144539,0.8934263732588597,0.9113743503888448,-12.718885322537718,0.9452123429467368,2025-05-28 20:19:34,/global/scratch/users/sergiomar10/losses/ESMCBA_28062025/evaluation_ESMCBA_HLA_0.2_30_ESMMASK_HLA_FT_20_1e-05_1e-05_AUG_3_B1402_2_0.0001_0.0001__8_B1402_0404_Hubber_B1402.csv,B1402 HLA,8.0,13.5,21.5,Pretrained
2727,A0217,Hubber,HLA,0.6,30,0.0001,0.0001,20,0.3699248120300751,0.46348822677736,0.3730585436592306,0.5117887020111084,0.1595215728646913,0.6107851861818774,2025-05-28 21:23:19,/global/scratch/users/sergiomar10/losses/ESMCBA_28062025/evaluation_ESMCBA_HLA_0.6_30_ESMMASK_HLA_FT_20_0.0001_1e-05_AUG_4_A0217_1_0.0001_0.0001__7_A0217_0404_Hubber_A0217.csv,A0217 HLA,4.0,6.0,10.0,Pretrained
6370,B1502,Hubber,HLA,0.8,0,0.0001,0.0001,9,0.3666666666666667,0.3326126411336462,1.009489143626809,0.8674493299590217,-0.1941819531878534,1.0047333694203695,2025-05-28 20:19:45,/global/scratch/users/sergiomar10/losses/ESMCBA_28062025/evaluation_ESMCBA_HLA_0.8_0_ESMMASK_HLA_FT_15_0.001_1e-05_AUG_1_B1502_1_0.0001_0.0001__8_B1502_0404_Hubber_B1502.csv,B1502 HLA,17.0,6.0,23.0,Pretrained
7364,A2402,Hubber,epitope,0.8,30,0.0001,0.0001,132,0.3630635342408699,0.3306410581364937,2.413158134590703,1.1977353164305289,0.0875928615091832,1.5534343032747484,2025-04-23 02:36:16,/global/scratch/users/sergiomar10/losses/ESMCBA_22042025/evaluation_ESMCBA_epitope_0.8_30_ESMMASK_epitope_FT_15_0.001_1e-06_AUG_3_A2402_1_0.0001_0.0001__1_A2402_0404_Hubber_A2402.csv,A2402 epitope,1.0,1.0,2.0,Pretrained
6168,A2402,Hubber,HLA,0.4,30,,2.0,132,0.3380154927262894,0.2991778101383612,2.490647101533482,1.2059038738071015,0.058294538461298,1.578178412453257,2025-05-29 02:44:03,/global/scratch/users/sergiomar10/losses/ESMCBA_28062025/evaluation_ESMCBA_HLA_0.4_30_False-Full_pretraining_100000_seq_AUG_3_ALL_HLAS_0.0001_0.0001__2_A2402_0404_Hubber_A2402.csv,A2402 HLA,2.0,1.0,3.0,Not Pretrained
3509,B1542,Hubber,epitope,0.6,0,0.0001,0.0001,9,0.273861278752583,0.233728443488465,0.0032043478329468,0.0529125001695421,-137.47916549862433,0.0566069592271732,2025-05-28 22:28:38,/global/scratch/users/sergiomar10/losses/ESMCBA_28062025/evaluation_ESMCBA_epitope_0.6_0_ESMMASK_epitope_FT_25_0.0001_5e-05_AUG_4_B1542_2_0.0001_0.0001__7_B1542_0404_Hubber_B1542.csv,B1542 epitope,2.0,9.5,11.5,Pretrained
2108,B2703,Hubber,HLA,0.95,30,0.0001,0.0001,12,0.131013944022344,0.0977991383968932,0.0240557345983725,0.1451242367426552,-0.5151835011367514,0.1550991121778993,2025-05-28 20:38:06,/global/scratch/users/sergiomar10/losses/ESMCBA_28062025/evaluation_ESMCBA_HLA_0.95_30_ESMMASK_HLA_FT_15_0.0001_1e-05_AUG_3_B2703_2_0.0001_0.0001__8_B2703_0404_Hubber_B2703.csv,B2703 HLA,4.0,18.5,22.5,Pretrained
2660,A2603,Hubber,HLA,0.95,0,0.0001,0.0001,9,0.0182574185835055,0.0617165565127733,0.556990979863599,0.5332631535000271,-0.4038519477654296,0.7463182832167513,2025-05-28 20:36:14,/global/scratch/users/sergiomar10/losses/ESMCBA_28062025/evaluation_ESMCBA_HLA_0.95_0_ESMMASK_HLA_FT_25_0.0001_1e-06_AUG_3_A2603_1_0.0001_0.0001__8_A2603_0404_Hubber_A2603.csv,A2603 HLA,4.0,21.0,25.0,Pretrained
4027,C0802,Hubber,HLA,0.2,30,,5.0,2,0.0,0.0,0.0245788331126562,0.1204141378402712,-0.4362634322248628,0.1567763793198971,2025-05-28 19:00:27,/global/scratch/users/sergiomar10/losses/ESMCBA_28062025/evaluation_ESMCBA_HLA_0.2_30_False-Full_pretraining_100000_seq_AUG_3_ALL_HLAS_0.0001_0.0001__5_C0802_0404_Hubber_C0802.csv,C0802 HLA,1.0,28.0,29.0,Not Pretrained
2311,B4001,Hubber,epitope,0.8,0,,4.0,3,0.0,0.0,1.4727616511224582,0.860859915614128,-1.5890167317262138,1.213573916629085,2025-05-28 13:11:43,/global/scratch/users/sergiomar10/losses/ESMCBA_28062025/evaluation_ESMCBA_epitope_0.8_0_False-Full_pretraining_100000_seq_AUG_3_ALL_HLAS_0.0001_0.0001__4_B4001_0404_Hubber_B4001.csv,B4001 epitope,1.0,27.0,28.0,Not Pretrained
6622,A6802,Hubber,epitope,0.95,30,,4.0,2,0.0,0.0,1.2780093829702128,1.0899520218372345,-18.57884754003883,1.130490770846986,2025-05-28 13:57:10,/global/scratch/users/sergiomar10/losses/ESMCBA_28062025/evaluation_ESMCBA_epitope_0.95_30_False-Full_pretraining_100000_seq_AUG_3_ALL_HLAS_0.0001_0.0001__4_A6802_0404_Hubber_A6802.csv,A6802 epitope,1.0,26.5,27.5,Not Pretrained
3782,B4001,Hubber,HLA,0.95,30,0.0001,0.0001,3,0.0,0.0,0.7561360525960836,0.5980471422274907,-0.3292367370787121,0.869560838927377,2025-05-28 21:12:25,/global/scratch/users/sergiomar10/losses/ESMCBA_28062025/evaluation_ESMCBA_HLA_0.95_30_ESMMASK_HLA_FT_15_0.0001_1e-06_AUG_1_B4001_2_0.0001_0.0001__7_B4001_0404_Hubber_B4001.csv,B4001 HLA,1.0,27.0,28.0,Pretrained
6414,C0701,Hubber,epitope,0.2,30,0.0001,0.0001,2,0.0,0.0,0.5044161852852653,0.7087783813476562,0.4742712311843942,0.7102226307892937,2025-05-28 22:07:27,/global/scratch/users/sergiomar10/losses/ESMCBA_28062025/evaluation_ESMCBA_epitope_0.2_30_ESMMASK_epitope_FT_15_0.001_1e-06_AUG_3_C0701_1_0.0001_0.0001__8_C0701_0404_Hubber_C0701.csv,C0701 epitope,1.0,26.0,27.0,Pretrained
3292,A0206,Hubber,epitope,0.95,0,,4.0,2,0.0,0.0,0.1949911291162891,0.3293427228927612,-15.66850548321586,0.4415779989042583,2025-05-28 13:54:20,/global/scratch/users/sergiomar10/losses/ESMCBA_28062025/evaluation_ESMCBA_epitope_0.95_0_False-Full_pretraining_100000_seq_AUG_3_ALL_HLAS_0.0001_0.0001__4_A0206_0404_Hubber_A0206.csv,A0206 epitope,1.0,26.0,27.0,Not Pretrained
2626,A3207,Hubber,HLA,0.4,0,,4.0,2,0.0,0.0,0.0352569816650714,0.1613403558731079,-1.7182646156290096,0.1877684256340011,2025-05-28 17:45:35,/global/scratch/users/sergiomar10/losses/ESMCBA_28062025/evaluation_ESMCBA_HLA_0.4_0_False-Full_pretraining_100000_seq_AUG_3_ALL_HLAS_0.0001_0.0001__4_A3207_0404_Hubber_A3207.csv,A3207 HLA,1.0,27.5,28.5,Not Pretrained
5877,B3501,Hubber,epitope,0.95,0,,4.0,2,0.0,0.0,0.6612457189498375,0.795034795999527,-0.4823308469990406,0.8131701660475731,2025-05-28 12:58:38,/global/scratch/users/sergiomar10/losses/ESMCBA_28062025/evaluation_ESMCBA_epitope_0.95_0_False-Full_pretraining_100000_seq_AUG_3_ALL_HLAS_0.0001_0.0001__4_B3501_0404_Hubber_B3501.csv,B3501 epitope,1.0,25.5,26.5,Not Pretrained
2859,C0802,Hubber,epitope,0.6,30,,5.0,4,0.0,0.0,0.069580844975519,0.1681289672851563,-3.1791741430356755,0.2637818132008329,2025-05-28 12:55:01,/global/scratch/users/sergiomar10/losses/ESMCBA_28062025/evaluation_ESMCBA_epitope_0.6_30_False-Full_pretraining_100000_seq_AUG_3_ALL_HLAS_0.0001_0.0001__5_C0802_0404_Hubber_C0802.csv,C0802 epitope,1.0,25.5,26.5,Not Pretrained
2144,A3201,Hubber,epitope,0.6,0,,5.0,2,0.0,0.0,0.3758372918828545,0.4662193953990936,0.1407790691626228,0.6130557004733376,2025-05-28 13:47:49,/global/scratch/users/sergiomar10/losses/ESMCBA_28062025/evaluation_ESMCBA_epitope_0.6_0_False-Full_pretraining_100000_seq_AUG_3_ALL_HLAS_0.0001_0.0001__5_A3201_0404_Hubber_A3201.csv,A3201 epitope,1.0,27.5,28.5,Not Pretrained
6767,A3201,Hubber,HLA,0.6,30,0.0001,0.0001,2,0.0,0.0,0.5065691898763323,0.6739632785320282,-0.1580938354428749,0.7117367419743991,2025-05-28 21:29:08,/global/scratch/users/sergiomar10/losses/ESMCBA_28062025/evaluation_ESMCBA_HLA_0.6_30_ESMMASK_HLA_FT_15_0.001_5e-05_AUG_4_A3201_1_0.0001_0.0001__7_A3201_0404_Hubber_A3201.csv,A3201 HLA,1.0,24.5,25.5,Pretrained
1607,A6802,Hubber,HLA,0.4,0,,5.0,2,0.0,0.0,0.1175723714876131,0.3414504826068879,-0.8011851610407457,0.3428882784342637,2025-05-28 18:19:27,/global/scratch/users/sergiomar10/losses/ESMCBA_28062025/evaluation_ESMCBA_HLA_0.4_0_False-Full_pretraining_100000_seq_AUG_3_ALL_HLAS_0.0001_0.0001__5_A6802_0404_Hubber_A6802.csv,A6802 HLA,1.0,23.0,24.0,Not Pretrained
2647,A0206,Hubber,HLA,0.8,0,,2.0,2,0.0,0.0,0.1739209521208096,0.4170185327529907,-13.86735502897122,0.4170383101356632,2025-05-29 19:57:37,/global/scratch/users/sergiomar10/losses/ESMCBA_28062025/evaluation_ESMCBA_HLA_0.8_0_False-Full_pretraining_100000_seq_AUG_3_ALL_HLAS_0.0001_0.0001__2_A0206_0404_Hubber_A0206.csv,A0206 HLA,1.0,24.5,25.5,Not Pretrained
1505,B2704,Hubber,HLA,0.4,30,,2.0,2,0.0,0.0,0.0078351022017386,0.0760624408721923,-2.3385812636567307,0.0885161126673481,2025-05-29 08:45:40,/global/scratch/users/sergiomar10/losses/ESMCBA_28062025/evaluation_ESMCBA_HLA_0.4_30_False-Full_pretraining_100000_seq_AUG_3_ALL_HLAS_0.0001_0.0001__2_B2704_0404_Hubber_B2704.csv,B2704 HLA,1.0,24.0,25.0,Not Pretrained
4736,A3207,Hubber,epitope,0.4,30,0.0001,0.0001,2,0.0,0.0,0.037576541001414,0.1825166940689088,-1.6358938363692674,0.1938466945847001,2025-05-28 22:53:18,/global/scratch/users/sergiomar10/losses/ESMCBA_28062025/evaluation_ESMCBA_epitope_0.4_30_ESMMASK_epitope_FT_20_0.001_5e-05_AUG_4_A3207_2_0.0001_0.0001__7_A3207_0404_Hubber_A3207.csv,A3207 epitope,1.0,27.0,28.0,Pretrained
4327,B3501,Hubber,HLA,0.4,0,,5.0,2,0.0,0.0,0.5488362316917872,0.7201992869377136,-0.2303397252680972,0.7408348207878644,2025-05-28 17:14:40,/global/scratch/users/sergiomar10/losses/ESMCBA_28062025/evaluation_ESMCBA_HLA_0.4_0_False-Full_pretraining_100000_seq_AUG_3_ALL_HLAS_0.0001_0.0001__5_B3501_0404_Hubber_B3501.csv,B3501 HLA,1.0,14.5,15.5,Not Pretrained
3148,A6601,Hubber,HLA,0.8,30,0.0001,0.0001,3,0.0,0.0,0.0089133760054665,0.0943814913431804,0.0,0.0944106773912067,2025-05-28 21:27:16,/global/scratch/users/sergiomar10/losses/ESMCBA_28062025/evaluation_ESMCBA_HLA_0.8_30_ESMMASK_HLA_FT_25_0.0001_1e-05_AUG_3_A6601_1_0.0001_0.0001__8_A6601_0404_Hubber_A6601.csv,A6601 HLA,1.0,22.5,23.5,Pretrained
5175,B2720,Hubber,HLA,0.8,30,,5.0,3,0.0,0.0,0.0114998798747289,0.1010041236877441,-0.1537118692519483,0.1072374928592091,2025-05-28 17:22:47,/global/scratch/users/sergiomar10/losses/ESMCBA_28062025/evaluation_ESMCBA_HLA_0.8_30_False-Full_pretraining_100000_seq_AUG_3_ALL_HLAS_0.0001_0.0001__5_B2720_0404_Hubber_B2720.csv,B2720 HLA,1.0,22.5,23.5,Not Pretrained
2922,B4013,Hubber,HLA,0.6,30,,4.0,3,0.0,0.0,0.0003778029483404,0.012088139851888,-1.6057584296066918,0.0194371538127475,2025-05-28 19:51:37,/global/scratch/users/sergiomar10/losses/ESMCBA_28062025/evaluation_ESMCBA_HLA_0.6_30_False-Full_pretraining_100000_seq_AUG_3_ALL_HLAS_0.0001_0.0001__4_B4013_0404_Hubber_B4013.csv,B4013 HLA,1.0,22.5,23.5,Not Pretrained
544,A6601,Hubber,epitope,0.6,30,0.0001,0.0001,2,0.0,0.0,0.0055230503638199,0.0739796161651611,0.0,0.0743172279072621,2025-05-28 21:50:38,/global/scratch/users/sergiomar10/losses/ESMCBA_28062025/evaluation_ESMCBA_epitope_0.6_30_ESMMASK_epitope_FT_15_0.0001_1e-05_AUG_4_A6601_2_0.0001_0.0001__7_A6601_0404_Hubber_A6601.csv,A6601 epitope,1.0,21.5,22.5,Pretrained
3750,B2720,Hubber,epitope,0.4,0,0.0001,0.0001,2,0.0,0.0,0.0044785450876645,0.0479172468185429,0.3941745583165584,0.0669219327848844,2025-05-28 22:40:44,/global/scratch/users/sergiomar10/losses/ESMCBA_28062025/evaluation_ESMCBA_epitope_0.4_0_ESMMASK_epitope_FT_25_0.0001_1e-05_AUG_4_B2720_1_0.0001_0.0001__7_B2720_0404_Hubber_B2720.csv,B2720 epitope,1.0,21.5,22.5,Pretrained
3497,B4013,Hubber,epitope,0.4,0,,4.0,2,0.0,0.0,0.0545210585147514,0.226678133010864,-0.26542318709713,0.2334974486257856,2025-05-28 13:31:10,/global/scratch/users/sergiomar10/losses/ESMCBA_28062025/evaluation_ESMCBA_epitope_0.4_0_False-Full_pretraining_100000_seq_AUG_3_ALL_HLAS_0.0001_0.0001__4_B4013_0404_Hubber_B4013.csv,B4013 epitope,1.0,21.0,22.0,Not Pretrained
2715,B2706,Hubber,epitope,0.4,30,,5.0,2,0.0,0.0,0.0058098240472759,0.0618529319763183,0.0,0.0762222018002361,2025-05-28 12:40:54,/global/scratch/users/sergiomar10/losses/ESMCBA_28062025/evaluation_ESMCBA_epitope_0.4_30_False-Full_pretraining_100000_seq_AUG_3_ALL_HLAS_0.0001_0.0001__5_B2706_0404_Hubber_B2706.csv,B2706 epitope,1.0,20.5,21.5,Not Pretrained
5464,B2706,Hubber,HLA,0.8,30,0.0001,0.0001,3,0.0,0.0,0.0664724105684134,0.2143749396006264,-2.3056803548236924,0.2578224400016674,2025-05-28 20:30:02,/global/scratch/users/sergiomar10/losses/ESMCBA_28062025/evaluation_ESMCBA_HLA_0.8_30_ESMMASK_HLA_FT_25_0.0001_1e-05_AUG_1_B2706_2_0.0001_0.0001__7_B2706_0404_Hubber_B2706.csv,B2706 HLA,1.0,20.5,21.5,Pretrained
4550,B2704,Hubber,epitope,0.6,0,0.0001,0.0001,2,0.0,0.0,0.0103756074773855,0.1006791591644287,0.0,0.1018607258828717,2025-05-28 11:00:32,/global/scratch/users/sergiomar10/losses/ESMCBA_28062025/evaluation_ESMCBA_epitope_0.6_0_ESMMASK_epitope_FT_25_0.001_5e-05_AUG_1_B2704_2_0.0001_0.0001__2_B2704_0404_Hubber_B2704.csv,B2704 epitope,1.0,20.0,21.0,Pretrained
4721,B2702,Hubber,HLA,0.6,30,,4.0,2,0.0,0.0,0.0236525603671964,0.149267315864563,-0.0447969299337718,0.1537938892388004,2025-05-28 18:16:37,/global/scratch/users/sergiomar10/losses/ESMCBA_28062025/evaluation_ESMCBA_HLA_0.6_30_False-Full_pretraining_100000_seq_AUG_3_ALL_HLAS_0.0001_0.0001__4_B2702_0404_Hubber_B2702.csv,B2702 HLA,1.0,16.0,17.0,Not Pretrained
343,B2701,Hubber,epitope,0.95,30,0.0001,0.0001,2,0.0,0.0,0.005150147581503,0.0527136325836183,-1.1945069480851958,0.0717645287137249,2025-05-28 19:56:43,/global/scratch/users/sergiomar10/losses/ESMCBA_28062025/evaluation_ESMCBA_epitope_0.95_30_ESMMASK_epitope_FT_15_0.001_1e-05_AUG_3_B2701_1_0.0001_0.0001__7_B2701_0404_Hubber_B2701.csv,B2701 epitope,1.0,15.0,16.0,Pretrained
7425,B2701,Hubber,HLA,0.8,30,0.0001,0.0001,2,0.0,0.0,0.0032163510610416,0.056535005569458,0.0,0.0567128826726492,2025-04-23 02:45:12,/global/scratch/users/sergiomar10/losses/ESMCBA_22042025/evaluation_ESMCBA_HLA_0.8_30_ESMMASK_HLA_FT_20_0.0001_1e-05_AUG_4_B2701_2_0.0001_0.0001__1_B2701_0404_Hubber_B2701.csv,B2701 HLA,1.0,15.0,16.0,Pretrained
7503,B2702,Hubber,epitope,0.8,30,0.0001,0.0001,2,0.0,0.0,0.0124234246777633,0.0985231399536135,-10.091120259229026,0.1114604175380808,2025-04-23 02:56:22,/global/scratch/users/sergiomar10/losses/ESMCBA_22042025/evaluation_ESMCBA_epitope_0.8_30_ESMMASK_epitope_FT_25_0.001_1e-06_AUG_4_B2702_2_0.0001_0.0001__1_B2702_0404_Hubber_B2702.csv,B2702 epitope,1.0,14.5,15.5,Pretrained
1001,A6812,Hubber,HLA,0.8,30,0.0001,0.0001,2,0.0,0.0,0.1249755393224063,0.3267478942871094,-0.2238873379052337,0.3535187962787924,2025-05-28 21:39:58,/global/scratch/users/sergiomar10/losses/ESMCBA_28062025/evaluation_ESMCBA_HLA_0.8_30_ESMMASK_HLA_FT_15_0.0001_1e-06_AUG_4_A6812_1_0.0001_0.0001__8_A6812_0404_Hubber_A6812.csv,A6812 HLA,1.0,10.5,11.5,Pretrained
834,A6812,Hubber,epitope,0.8,0,,4.0,2,0.0,0.0,0.0101920304447274,0.0879461765289302,0.711116918692964,0.1009555864958818,2025-05-28 13:12:12,/global/scratch/users/sergiomar10/losses/ESMCBA_28062025/evaluation_ESMCBA_epitope_0.8_0_False-Full_pretraining_100000_seq_AUG_3_ALL_HLAS_0.0001_0.0001__4_A6812_0404_Hubber_A6812.csv,A6812 epitope,1.0,4.5,5.5,Not Pretrained
6567,C0701,Hubber,HLA,0.4,30,,5.0,2,0.0,0.0,0.9455216561097828,0.9671878218650818,0.0145281799909577,0.9723793786942332,2025-05-28 19:46:08,/global/scratch/users/sergiomar10/losses/ESMCBA_28062025/evaluation_ESMCBA_HLA_0.4_30_False-Full_pretraining_100000_seq_AUG_3_ALL_HLAS_0.0001_0.0001__5_C0701_0404_Hubber_C0701.csv,C0701 HLA,1.0,29.0,30.0,Not Pretrained
