,A0201,A0201,A0201,A0201,A0201,A0201,A0201,A0201,A0201,B5701,B5701,B5701,B5701,B5701,B5701,B5701,B5701,B5701,B5101,B5101,B5101,B5101,B5101,B5101,B5101,B5101,B5101,C0401,C0401,C0401,C0401,C0401,C0401,C0401,C0401,C0401
,P1,P2,P3,P4,P5,P6,P7,P8,P9,P1,P2,P3,P4,P5,P6,P7,P8,P9,P1,P2,P3,P4,P5,P6,P7,P8,P9,P1,P2,P3,P4,P5,P6,P7,P8,P9
A,3839.0,1240.0,3614.0,2263.0,2408.0,1911.0,2833.0,2839.0,3068.0,409.0,1103.0,474.0,356.0,331.0,370.0,409.0,270.0,24.0,204.0,2534.0,710.0,542.0,525.0,566.0,457.0,488.0,130.0,197.0,128.0,105.0,193.0,285.0,199.0,339.0,244.0,41.0
C,155.0,84.0,233.0,251.0,257.0,325.0,218.0,231.0,232.0,23.0,58.0,75.0,20.0,54.0,67.0,48.0,73.0,14.0,12.0,6.0,8.0,18.0,13.0,14.0,10.0,18.0,4.0,2.0,1.0,0.0,8.0,12.0,12.0,9.0,13.0,1.0
D,398.0,238.0,2716.0,4459.0,1529.0,970.0,882.0,591.0,94.0,44.0,48.0,556.0,483.0,336.0,214.0,202.0,133.0,9.0,1524.0,84.0,249.0,561.0,285.0,166.0,139.0,67.0,14.0,57.0,7.0,1716.0,320.0,108.0,131.0,91.0,69.0,3.0
E,605.0,459.0,904.0,5591.0,2287.0,1421.0,2292.0,3321.0,132.0,93.0,43.0,145.0,626.0,407.0,375.0,523.0,495.0,29.0,396.0,54.0,184.0,811.0,353.0,306.0,336.0,576.0,19.0,73.0,70.0,275.0,465.0,131.0,196.0,211.0,357.0,2.0
F,2868.0,350.0,2025.0,618.0,1688.0,1376.0,2004.0,1421.0,961.0,288.0,263.0,510.0,198.0,358.0,334.0,393.0,383.0,1845.0,403.0,41.0,731.0,170.0,378.0,430.0,188.0,184.0,244.0,343.0,959.0,89.0,85.0,144.0,171.0,95.0,168.0,788.0
G,2133.0,447.0,1370.0,2754.0,2243.0,1202.0,558.0,1977.0,193.0,223.0,226.0,199.0,374.0,346.0,293.0,134.0,246.0,39.0,118.0,448.0,175.0,578.0,633.0,469.0,171.0,214.0,37.0,77.0,43.0,77.0,216.0,202.0,213.0,103.0,101.0,35.0
H,865.0,126.0,944.0,909.0,1417.0,580.0,2080.0,1238.0,99.0,258.0,20.0,174.0,167.0,251.0,251.0,391.0,278.0,14.0,297.0,15.0,345.0,240.0,349.0,224.0,398.0,279.0,4.0,162.0,21.0,21.0,78.0,135.0,86.0,161.0,134.0,2.0
I,2100.0,2803.0,2422.0,867.0,2216.0,3952.0,2369.0,804.0,3359.0,605.0,196.0,354.0,268.0,615.0,559.0,301.0,192.0,298.0,521.0,123.0,340.0,273.0,402.0,817.0,499.0,281.0,2769.0,268.0,64.0,89.0,88.0,206.0,280.0,170.0,116.0,277.0
K,3265.0,131.0,893.0,2024.0,2637.0,1006.0,1201.0,2677.0,273.0,1241.0,30.0,733.0,690.0,363.0,348.0,437.0,493.0,33.0,116.0,55.0,337.0,487.0,545.0,353.0,477.0,702.0,26.0,181.0,1.0,19.0,133.0,181.0,122.0,102.0,206.0,36.0
L,3374.0,19246.0,5479.0,1715.0,3627.0,6633.0,3678.0,3206.0,12330.0,854.0,380.0,1029.0,587.0,1052.0,998.0,643.0,1044.0,758.0,1300.0,191.0,927.0,610.0,498.0,809.0,1054.0,743.0,1005.0,259.0,305.0,104.0,275.0,253.0,315.0,221.0,339.0,1331.0
M,668.0,2206.0,1339.0,287.0,454.0,560.0,547.0,450.0,538.0,221.0,71.0,185.0,72.0,128.0,124.0,90.0,152.0,177.0,398.0,74.0,208.0,103.0,100.0,181.0,154.0,110.0,150.0,115.0,81.0,76.0,36.0,72.0,54.0,35.0,59.0,274.0
N,975.0,175.0,1381.0,1689.0,1349.0,1422.0,1218.0,1435.0,119.0,92.0,30.0,240.0,244.0,227.0,254.0,255.0,311.0,6.0,345.0,18.0,334.0,253.0,305.0,197.0,392.0,323.0,12.0,161.0,8.0,74.0,153.0,144.0,101.0,193.0,113.0,0.0
P,346.0,1161.0,1548.0,3179.0,1443.0,2287.0,3436.0,1297.0,279.0,64.0,110.0,114.0,867.0,358.0,448.0,389.0,118.0,36.0,84.0,3689.0,722.0,1289.0,861.0,715.0,884.0,163.0,73.0,35.0,256.0,223.0,444.0,176.0,322.0,215.0,130.0,34.0
Q,1208.0,1404.0,1719.0,1536.0,1519.0,1365.0,1813.0,2340.0,163.0,253.0,38.0,174.0,325.0,234.0,413.0,395.0,387.0,15.0,131.0,69.0,157.0,271.0,435.0,455.0,396.0,446.0,7.0,44.0,53.0,63.0,87.0,152.0,112.0,162.0,141.0,3.0
R,2224.0,322.0,675.0,1123.0,1701.0,885.0,1014.0,1984.0,299.0,678.0,15.0,581.0,455.0,266.0,359.0,755.0,401.0,37.0,109.0,22.0,441.0,347.0,455.0,313.0,613.0,460.0,39.0,213.0,49.0,60.0,73.0,175.0,130.0,150.0,152.0,18.0
S,3663.0,655.0,2617.0,2866.0,2214.0,2081.0,1845.0,3291.0,387.0,453.0,1955.0,383.0,407.0,324.0,365.0,340.0,636.0,16.0,508.0,303.0,417.0,681.0,636.0,572.0,589.0,841.0,30.0,276.0,55.0,83.0,217.0,237.0,193.0,266.0,269.0,7.0
T,2016.0,1101.0,1527.0,1598.0,1989.0,2201.0,2211.0,3195.0,692.0,359.0,1671.0,241.0,357.0,405.0,357.0,327.0,686.0,46.0,491.0,136.0,218.0,348.0,463.0,502.0,566.0,1249.0,71.0,224.0,120.0,67.0,155.0,245.0,244.0,232.0,278.0,11.0
V,2388.0,2522.0,1758.0,1135.0,2912.0,4536.0,3354.0,1613.0,11625.0,591.0,617.0,445.0,390.0,717.0,625.0,482.0,423.0,107.0,724.0,262.0,396.0,342.0,629.0,810.0,630.0,764.0,3415.0,324.0,131.0,51.0,179.0,322.0,320.0,414.0,227.0,333.0
W,230.0,59.0,884.0,245.0,414.0,197.0,651.0,202.0,109.0,51.0,54.0,173.0,69.0,98.0,103.0,240.0,64.0,2838.0,36.0,1.0,157.0,66.0,81.0,50.0,37.0,29.0,20.0,27.0,176.0,35.0,29.0,40.0,35.0,28.0,16.0,35.0
Y,2260.0,850.0,1532.0,471.0,1276.0,669.0,1376.0,1468.0,627.0,256.0,128.0,271.0,101.0,186.0,199.0,302.0,271.0,715.0,435.0,27.0,1096.0,162.0,206.0,203.0,162.0,215.0,83.0,279.0,789.0,90.0,83.0,97.0,81.0,120.0,185.0,86.0
X,,1.0,,,,1.0,,,1.0,,,,,,,,,,,,,,,,,,,,,,,,,,,
