HLA,group_label,training_data,n_reps,mean,std
A0101,Non-PT H 0L,758.0,3,-0.15377755127487,0.05100544484188977
A0101,Non-PT H 0L,1516.0,3,-0.11747894563140537,0.0036356247075085522
A0101,Non-PT H 0L,2274.0,3,-0.10931063629077686,0.030063662671988383
A0101,Non-PT H 0L,3600.5,3,-0.10735505930611433,0.05364602928946516
A0101,Non-PT H 30L,758.0,3,0.41675199804815394,0.19471922336649244
A0101,PT E 0L,758.0,4,-0.004969946933528299,0.08164944235333724
A0101,PT E 0L,1516.0,3,0.14807330716711536,0.02557163097427827
A0101,PT E 0L,2274.0,4,0.17152732761586478,0.05853279402399607
A0101,PT E 30L,758.0,4,0.5202164531919667,0.05243977482622752
A0101,PT E 30L,1516.0,3,0.5958449999661185,0.02030580598225517
A0101,PT E 30L,2274.0,4,0.5737768967352384,0.05942052352105097
A0101,PT E 30L,3032.0,3,0.6092023745314453,0.01528952024922433
A0101,PT H 0L,758.0,4,-0.20185525851400168,0.00785579537536719
A0101,PT H 0L,1516.0,4,-0.20011043652695307,0.010623302509854408
A0101,PT H 0L,2274.0,4,-0.20527751823716112,0.014773299152282902
A0101,PT H 30L,758.0,3,0.23954479935146933,0.24251893222176582
A0101,PT H 30L,3032.0,3,0.5888800490925917,0.015143445741154444
A0201,Non-PT H 0L,3310.0,3,0.2155361314734078,0.003638194169207125
A0201,PT E 0L,3310.0,4,0.3946510136717362,0.017135152395244255
A0201,PT E 0L,6620.0,4,0.40891293005659357,0.020703141553552493
A0201,PT E 30L,3310.0,4,0.5120738629904975,0.05322175460367682
A0201,PT E 30L,6620.0,3,0.5365833137006439,0.026454045197399297
A0201,PT H 0L,3310.0,4,0.06194860894283485,0.0043478283405842455
A0201,PT H 0L,6620.0,3,0.0776384718963098,0.0057424673748665495
A0201,PT H 30L,3310.0,3,0.4863743667783673,0.032477427041606534
A0205,Non-PT H 0L,104.5,3,0.15748495807293417,0.48289233895424355
A0205,Non-PT H 30L,66.0,3,0.3013045616039191,0.39872877003996815
A0205,Non-PT H 30L,104.5,3,0.5538977626594104,0.17037123673995755
A0301,Non-PT H 0L,1255.6000000000001,3,0.21712732236050572,0.03923027030227962
A0301,Non-PT H 0L,3766.7999999999997,3,0.2057490110511909,0.03623481358207646
A0301,Non-PT H 0L,5964.099999999999,3,0.20716446279087605,0.013032276885557751
A0301,Non-PT H 30L,1255.6000000000001,3,0.49471698444271395,0.03621099226101308
A0301,Non-PT H 30L,2511.2000000000003,3,0.49823811011794045,0.04264656054078184
A0301,Non-PT H 30L,5022.400000000001,3,0.5163408789253365,0.005838609775243343
A0301,PT E 0L,1255.6000000000001,3,0.23209213682762977,0.008899801390898975
A0301,PT E 0L,2511.2000000000003,4,0.3048869700962533,0.03380668788797235
A0301,PT E 0L,3766.7999999999997,4,0.30699036596340296,0.03332395704843761
A0301,PT E 30L,1255.6000000000001,4,0.5063684155882708,0.030670490755870146
A0301,PT E 30L,2511.2000000000003,3,0.5260989827461015,0.016241229090785465
A0301,PT E 30L,3766.7999999999997,4,0.5527473646082167,0.023091437618510242
A0301,PT E 30L,5964.099999999999,3,0.5690643968974962,0.01689254346603125
A0301,PT H 0L,1255.6000000000001,4,0.29080847568868246,0.002519859466007658
A0301,PT H 0L,2511.2000000000003,4,0.30075078807577676,0.0024575108245223835
A0301,PT H 0L,3766.7999999999997,4,0.2980849063475465,0.00442247969018975
A0301,PT H 30L,2511.2000000000003,4,0.5431156806040809,0.027792249259578742
A0301,PT H 30L,3766.7999999999997,4,0.5108647101584879,0.02738998678056189
A0301,PT H 30L,5022.400000000001,3,0.5515949023862073,0.03974231329978864
A1101,Non-PT H 0L,1143.4,3,0.16024526883601953,0.08406069428054927
A1101,Non-PT H 0L,3430.2,3,0.2206812909536615,0.037180354263898235
A1101,Non-PT H 0L,4573.6,3,0.21447224488627623,0.05637770705141622
A1101,Non-PT H 0L,5431.15,3,0.138202175000483,0.04852541052070068
A1101,Non-PT H 30L,1143.4,3,0.6116943457879559,0.1181093835512926
A1101,Non-PT H 30L,4573.6,3,0.7181605585839237,0.019240129552590402
A1101,Non-PT H 30L,5431.15,3,0.7635528025810489,0.019719116325085034
A1101,PT E 0L,1143.4,3,0.18244339679371033,0.036291704280066596
A1101,PT E 0L,2286.8,4,0.2170907142420507,0.05058638575061455
A1101,PT E 0L,3430.2,4,0.2857361604930273,0.03449180493031586
A1101,PT E 30L,1143.4,4,0.6986561287557057,0.03467907420681776
A1101,PT E 30L,2286.8,4,0.6600845164121661,0.07267473068726535
A1101,PT E 30L,3430.2,4,0.6909020419548271,0.029364360074451056
A1101,PT E 30L,4573.6,3,0.7667887686717378,0.006519694376254632
A1101,PT E 30L,5431.15,3,0.7677714884259056,0.02602696982153445
A1101,PT H 0L,1143.4,4,-0.1524530230223419,0.23967316493218874
A1101,PT H 0L,2286.8,4,0.10441286904548318,0.3073326195790356
A1101,PT H 30L,1143.4,4,0.7069523783285702,0.06288991813094906
A1101,PT H 30L,3430.2,4,0.7568422972429795,0.03236691803340531
A1101,PT H 30L,5431.15,3,0.7732894072473201,0.03152528851751736
A2402,Non-PT H 0L,495.40000000000003,3,0.10254041995031353,0.023690377763093674
A2402,Non-PT H 0L,1486.2,3,0.10585841572733178,0.007130316941397568
A2402,Non-PT H 0L,1981.6000000000001,3,0.12144560322817587,0.014702213028543649
A2402,Non-PT H 0L,2353.15,3,0.12453051306332226,0.0014152942924710258
A2402,Non-PT H 30L,495.40000000000003,3,0.27015530386604164,0.020032020748133126
A2402,Non-PT H 30L,990.8000000000001,3,0.25577181391575926,0.08965357453125702
A2402,Non-PT H 30L,1981.6000000000001,3,0.3124978004333106,0.004848600064922767
A2402,Non-PT H 30L,2353.15,3,0.27696871904747294,0.05856600101719422
A2402,PT E 0L,495.40000000000003,4,0.11397250264782752,0.02568563415651047
A2402,PT E 0L,990.8000000000001,4,0.12464792575792188,0.017222166047656196
A2402,PT E 0L,1486.2,4,0.13640550253657588,0.014313890080238478
A2402,PT E 30L,495.40000000000003,4,0.28394629457042786,0.03376734833441722
A2402,PT E 30L,990.8000000000001,4,0.3250603064627196,0.020667148978811195
A2402,PT E 30L,1486.2,4,0.3340430298923365,0.028219778355244547
A2402,PT E 30L,1981.6000000000001,3,0.3437869789586074,0.01692711358865375
A2402,PT E 30L,2353.15,3,0.3136440962220682,0.04967831667933599
A2402,PT H 0L,495.40000000000003,3,0.12697878517663977,0.013171359368285875
A2402,PT H 0L,990.8000000000001,3,0.11262573555458699,0.004216491631900111
A2402,PT H 0L,1486.2,4,0.07883544920340295,0.02205285968376262
A2402,PT H 30L,495.40000000000003,3,0.17274625353156217,0.030809659530524478
A2402,PT H 30L,1981.6000000000001,3,0.13406790275946426,0.10389349750897856
A2601,Non-PT H 0L,1330.4,3,0.11309523809523807,0.18767282284703377
A2601,Non-PT H 0L,1995.6,3,-0.09999999999999999,0.11151782139997131
A2601,Non-PT H 0L,3159.7,3,-0.0464285714285714,0.06813851438692471
A2601,Non-PT H 30L,3159.7,3,0.613095238095238,0.1842778698957998
A2601,PT E 0L,665.2,4,0.19017857142857136,0.2998919164709609
A2601,PT E 0L,1995.6,3,-0.0488095238095238,0.22902670432182567
A2601,PT E 30L,1330.4,4,0.5312499999999999,0.08637518028176555
A2601,PT E 30L,1995.6,3,0.46190476190476176,0.0718144339612175
A2601,PT H 0L,665.2,3,-0.075,0.10862075946961099
A2601,PT H 0L,1330.4,4,0.028571428571428577,0.2237398574450332
A2601,PT H 30L,1330.4,3,0.1583333333333333,0.20535973083255396
A3001,PT E 0L,540.0,3,0.34971957790971375,0.012270862382796947
A3001,PT E 30L,540.0,3,0.541963088573533,0.025543837006396414
A3001,PT H 0L,270.0,3,-0.6687619998624351,0.03246565023717828
A3001,PT H 30L,540.0,3,-0.39880302744090174,0.04908344953118789
A3001,PT H 30L,1080.0,3,0.06748974310538332,0.5829628303629589
A3101,PT H 0L,1950.4,3,-0.2142857142857143,0.25084889887744616
A3301,Non-PT H 30L,2349.6,3,0.6510944047708627,0.08998546047769661
A3301,PT E 0L,1762.2,4,-0.12366565804901122,0.1724775304162791
A3301,PT E 30L,587.4,3,0.27904045918751247,0.17620699772967602
A3301,PT H 0L,1174.8,3,-0.016911542981061362,0.2931909974077665
A6801,Non-PT H 0L,611.6,3,0.4177518955679255,0.13354453793080448
A6801,Non-PT H 0L,1834.8,3,0.2937671588365928,0.19868208406081397
A6801,Non-PT H 0L,2446.4,3,0.3830996645991575,0.09576952629959533
A6801,Non-PT H 0L,2905.1,3,0.4972561369913952,0.03876427138212828
A6801,Non-PT H 30L,611.6,3,0.5241065498765517,0.16375899930206683
A6801,Non-PT H 30L,1223.2,3,0.5961804883632486,0.03170060886810414
A6801,Non-PT H 30L,1834.8,3,0.5819278163663478,0.12255264974267387
A6801,PT E 0L,611.6,4,0.34561040887271255,0.08449588366362636
A6801,PT E 0L,1223.2,4,0.4785199526542372,0.030481278783851023
A6801,PT E 0L,1834.8,4,0.45868610992869246,0.05080624482428783
A6801,PT E 30L,611.6,4,0.6113535047011813,0.04914855474064813
A6801,PT E 30L,1223.2,4,0.5586152409022229,0.038589870159526245
A6801,PT E 30L,1834.8,4,0.6194086285667283,0.028150270166532515
A6801,PT E 30L,2446.4,3,0.5879058328200243,0.03481484403750365
A6801,PT E 30L,2905.1,3,0.6149926644349871,0.053351786307526426
A6801,PT H 0L,611.6,4,-0.0838695443988237,0.09459754760693838
A6801,PT H 0L,1223.2,4,-0.03508285079805823,0.17858565428455775
A6801,PT H 0L,1834.8,4,-0.08974623853972592,0.1971935148829873
A6801,PT H 30L,611.6,4,0.3620499541203225,0.15155154603432153
A6801,PT H 30L,1834.8,4,0.5011148284028785,0.18094153584521513
A6801,PT H 30L,2446.4,3,0.3559115106714204,0.28759881720786756
A6801,PT H 30L,2905.1,3,0.5881084774455725,0.09022126607406572
B0702,Non-PT H 0L,744.8000000000001,3,0.36859260509810604,0.048590829591741186
B0702,Non-PT H 0L,1489.6000000000001,3,0.4037104733994561,0.025832677419671244
B0702,Non-PT H 0L,2234.4,3,0.42238584453191635,0.02692576540463
B0702,Non-PT H 0L,3537.7999999999997,3,0.41800585642879523,0.012208460561059249
B0702,Non-PT H 30L,744.8000000000001,3,0.5066487698052029,0.0938491354047164
B0702,Non-PT H 30L,2234.4,3,0.6000957925962477,0.013042383270874022
B0702,Non-PT H 30L,2979.2000000000003,3,0.6092970420788099,0.030852084394971845
B0702,Non-PT H 30L,3537.7999999999997,3,0.6171760310019393,0.04386878742517902
B0702,PT E 0L,744.8000000000001,3,0.30714491155314533,0.0021348085463529206
B0702,PT E 0L,1489.6000000000001,4,0.3465367376297374,0.03454776772961676
B0702,PT E 0L,2234.4,4,0.37052804839928044,0.011091422090762651
B0702,PT E 30L,744.8000000000001,4,0.5524129406238492,0.027003608954881925
B0702,PT E 30L,1489.6000000000001,4,0.5710189242623296,0.029102320678924713
B0702,PT E 30L,2234.4,4,0.6172941456686576,0.0440175042432776
B0702,PT H 0L,744.8000000000001,4,0.1807622181646728,0.11202204919931387
B0702,PT H 0L,1489.6000000000001,4,0.17787484081687843,0.10368906297027491
B0702,PT H 0L,2234.4,4,0.26940201300202515,0.05700298673010243
B0702,PT H 30L,744.8000000000001,4,0.4369166772599281,0.18679085023388517
B0702,PT H 30L,2979.2000000000003,3,0.6468239818003529,0.017248503701793667
B0801,Non-PT H 0L,474.8,3,0.3518504309967813,0.04443207358661968
B0801,Non-PT H 0L,949.6,3,0.272416817547594,0.029606720189766778
B0801,Non-PT H 0L,1424.3999999999999,3,0.26533005365937296,0.03131808128217136
B0801,Non-PT H 0L,1899.2,3,0.20476310004922563,0.11027597580480074
B0801,Non-PT H 30L,474.8,3,0.1900516774805087,0.1624505317124548
B0801,Non-PT H 30L,949.6,3,0.392353908855077,0.032577954009523326
B0801,Non-PT H 30L,2255.2999999999997,3,0.43318012358873753,0.06290348289501528
B0801,PT E 0L,474.8,3,0.2061750738789471,0.025906555995568653
B0801,PT E 0L,949.6,3,0.2131004693294857,0.05337153333672363
B0801,PT E 0L,1424.3999999999999,4,0.24456395283511226,0.03551834073932308
B0801,PT E 30L,474.8,4,0.30231368247072005,0.0658974609395614
B0801,PT E 30L,949.6,3,0.39371209320557093,0.04508877027601925
B0801,PT E 30L,1424.3999999999999,4,0.43519050537486476,0.011575561229298339
B0801,PT H 0L,474.8,4,-0.04570760997355475,0.03774689400004259
B0801,PT H 0L,949.6,4,0.14047122500257508,0.06105519370129428
B0801,PT H 0L,1424.3999999999999,4,0.13541837579764326,0.023702225265947882
B0801,PT H 30L,1424.3999999999999,3,0.4538487309818984,0.036308324309431886
B0801,PT H 30L,2255.2999999999997,3,0.40036854125997207,0.08840341923987935
B1501,Non-PT H 0L,757.6,3,0.22604931300583472,0.04883946989635821
B1501,Non-PT H 0L,2272.7999999999997,3,0.2064746847355543,0.16390628325508882
B1501,Non-PT H 0L,3030.4,3,0.2023338979860719,0.08077758224608138
B1501,Non-PT H 30L,2272.7999999999997,3,0.6100131752305666,0.029325724379540504
B1501,PT E 0L,757.6,4,0.2896668548842462,0.12882334951294153
B1501,PT E 0L,1515.2,3,0.3954451345755694,0.07233140604739817
B1501,PT E 0L,2272.7999999999997,4,0.42038396386222476,0.05603733944173055
B1501,PT E 30L,757.6,3,0.6363636363636364,0.03445769915842432
B1501,PT E 30L,1515.2,4,0.650479954827781,0.08538276354118597
B1501,PT E 30L,3030.4,3,0.5878035008469792,0.09713996622485771
B1501,PT H 0L,757.6,4,0.1459627329192546,0.07406140529459428
B1501,PT H 0L,1515.2,3,0.24750611707133444,0.011368092505583622
B1501,PT H 0L,2272.7999999999997,4,0.30942970073404863,0.042098512872278566
B1501,PT H 30L,757.6,3,0.1413514022209674,0.05954699743039514
B1501,PT H 30L,2272.7999999999997,3,0.5366083192170149,0.14773773201167426
B1801,Non-PT H 0L,2040.6,3,0.3076923076923077,0.05724022917393319
B1801,Non-PT H 30L,429.6,3,0.5571095571095572,0.06109716746890986
B1801,PT E 0L,429.6,3,0.14452214452214454,0.35522364711622556
B1801,PT E 0L,859.2,4,0.1433566433566434,0.31119535887928335
B1801,PT E 0L,1288.8,3,0.18181818181818185,0.2349691974323279
B1801,PT E 30L,1288.8,3,0.6363636363636364,0.08064729087182375
B1801,PT E 30L,2040.6,3,0.7156177156177157,0.07177064950275354
B1801,PT H 0L,429.6,3,-0.28438228438228447,0.07702895870330215
B1801,PT H 0L,859.2,4,0.0611888111888112,0.15609450549335463
B3801,Non-PT H 0L,59.6,3,-0.0652535099620579,0.3682667758963791
B3801,Non-PT H 30L,29.8,3,0.3393182518027011,0.4103890120912452
B3801,Non-PT H 30L,59.6,3,-0.04271138833880154,0.5188378973802715
B3801,Non-PT H 30L,141.54999999999998,3,0.4911809658962176,0.31773448697941775
B3801,PT E 0L,29.8,3,0.03321996870795672,0.41526825229093167
B3801,PT E 0L,89.39999999999999,3,0.4994859580732067,0.29694598784738413
B3801,PT E 30L,29.8,4,0.4262240627976236,0.1422637338439802
B3801,PT E 30L,59.6,4,0.23580245645380016,0.35511311695512837
B3801,PT E 30L,89.39999999999999,3,0.3974531970416253,0.17995801078516957
B3801,PT E 30L,119.2,3,0.6050780014663549,0.10964669576399973
B3801,PT H 0L,29.8,3,0.18626911025532888,0.24991975334506275
B3801,PT H 0L,59.6,3,0.2206755064171412,0.23347915639096825
B3801,PT H 0L,89.39999999999999,3,0.0605078001466355,0.20287909460930725
B3801,PT H 30L,29.8,3,0.0023728549077111707,0.08603848867254879
B3801,PT H 30L,59.6,3,-0.1138970355701374,0.24383032611118904
B3801,PT H 30L,89.39999999999999,3,-0.038574489468068206,0.0135718240060836
B3801,PT H 30L,141.54999999999998,3,0.1613541337243613,0.07937545478422131
B3901,Non-PT H 0L,1273.95,3,0.11538461538461532,0.07142857142857144
B3901,PT E 30L,268.2,4,-0.02472527472527472,0.19141603858327286
B3901,PT E 30L,536.4,3,0.3278388278388278,0.07796262510546798
B3901,PT H 0L,268.2,4,-0.24725274725274723,0.20198069248534486
B3901,PT H 0L,536.4,3,-0.16849816849816845,0.09679274917013785
B3901,PT H 0L,804.6,4,-0.26098901098901095,0.13327243708590766
B3901,PT H 30L,804.6,3,0.20879120879120874,0.4140612094641913
B3906,Non-PT H 0L,13.200000000000001,3,0.0788629815295713,0.17549212330740058
B3906,Non-PT H 0L,19.8,3,0.10270527827106953,0.2924562035334119
B3906,Non-PT H 30L,6.6000000000000005,3,0.06143976468001481,0.3060991789160352
B3906,Non-PT H 30L,13.200000000000001,3,-0.03668045652538199,0.5005773717650047
B3906,Non-PT H 30L,19.8,3,-0.03209539945970923,0.1835237464175884
B3906,PT H 0L,13.200000000000001,3,-0.06143976468001483,0.23017351809970205
B3906,PT H 0L,19.8,4,0.055708443347923894,0.30709375972351294
B3906,PT H 30L,6.6000000000000005,4,-0.22214601483184454,0.31472901794428315
B3906,PT H 30L,13.200000000000001,3,0.023842296741498292,0.21914078667906786
B3906,PT H 30L,19.8,3,-0.05960574185374567,0.37042380634174343
B4402,Non-PT H 0L,1009.8,3,0.0031342493901606286,0.12111003159761402
B4402,Non-PT H 0L,1598.85,3,0.0337295050265626,0.11113531982631943
B4402,Non-PT H 30L,336.6,3,0.3423181519372743,0.1438629875826131
B4402,Non-PT H 30L,673.2,3,0.32410482971170923,0.16925241882210693
B4402,PT E 0L,336.6,4,0.19052103283144153,0.045686574243168174
B4402,PT E 0L,673.2,3,0.27895185865696487,0.01635419669468576
B4402,PT E 0L,1009.8,3,0.32234906398399166,0.026917669045508266
B4402,PT E 30L,336.6,3,0.3134554634549968,0.07273439236041232
B4402,PT E 30L,673.2,4,0.42875084798991175,0.0844533664694312
B4402,PT E 30L,1009.8,4,0.4409273519266955,0.054674570273578124
B4403,Non-PT H 0L,185.8,3,-0.13333333333333333,0.7372998786864888
pooled,Non-PT E 0L,3.6,3,0.0,0.0
pooled,Non-PT E 0L,6.6000000000000005,3,0.1856948111597462,0.0
pooled,Non-PT E 0L,7.2,3,0.0,0.0
pooled,Non-PT E 0L,10.799999999999999,3,0.0,0.0
pooled,Non-PT E 0L,13.200000000000001,3,0.46767582069862,0.0
pooled,Non-PT E 0L,14.4,3,0.0,0.0
pooled,Non-PT E 0L,16.0,3,0.34285714285714286,0.0
pooled,Non-PT E 0L,17.099999999999998,3,0.0,0.0
pooled,Non-PT E 0L,19.8,3,0.25722170138424094,0.0
pooled,Non-PT E 0L,22.0,3,0.0,0.0
pooled,Non-PT E 0L,26.400000000000002,3,0.2654748041024519,0.0
pooled,Non-PT E 0L,29.8,3,-0.048050311881151754,0.0
pooled,Non-PT E 0L,31.349999999999998,3,0.23383791034930995,0.0
pooled,Non-PT E 0L,32.0,3,0.31428571428571433,0.0
pooled,Non-PT E 0L,44.0,3,0.0,0.0
pooled,Non-PT E 0L,48.0,3,-0.17142857142857143,0.0
pooled,Non-PT E 0L,59.6,3,0.4609270658228999,0.0
pooled,Non-PT E 0L,64.0,3,0.8285714285714286,0.0
pooled,Non-PT E 0L,66.0,3,0.5161002296110788,0.0
pooled,Non-PT E 0L,76.0,3,0.4285714285714286,0.0
pooled,Non-PT E 0L,88.0,3,0.6361052307244792,0.0
pooled,Non-PT E 0L,89.39999999999999,3,0.1957605298861737,0.0
pooled,Non-PT E 0L,104.5,3,0.4755168249272322,0.0
pooled,Non-PT E 0L,119.2,3,0.2384719182249752,0.0
pooled,Non-PT E 0L,141.54999999999998,3,0.33279290080649526,0.0
pooled,Non-PT E 0L,167.20000000000002,3,0.0,0.0
pooled,Non-PT E 0L,185.8,3,0.2833333333333333,0.0
pooled,Non-PT E 0L,268.2,3,0.07142857142857136,0.0
pooled,Non-PT E 0L,270.0,3,0.024541724765593936,0.0
pooled,Non-PT E 0L,330.40000000000003,3,0.0,0.0
pooled,Non-PT E 0L,334.40000000000003,3,0.0,0.0
pooled,Non-PT E 0L,336.6,3,0.14422431104968791,0.0
pooled,Non-PT E 0L,371.6,3,-0.0833333333333333,0.0
pooled,Non-PT E 0L,429.6,3,0.2552447552447553,0.0
pooled,Non-PT E 0L,448.6,3,-0.1071428571428572,0.0
pooled,Non-PT E 0L,454.8,3,0.4107142857142858,0.0
pooled,Non-PT E 0L,474.8,3,0.060210598310265206,0.0
pooled,Non-PT E 0L,495.40000000000003,3,0.182568912589398,0.0
pooled,Non-PT E 0L,501.59999999999997,3,0.0,0.0
pooled,Non-PT E 0L,517.2,3,0.0,0.0
pooled,Non-PT E 0L,536.4,3,0.2994505494505494,0.0
pooled,Non-PT E 0L,540.0,3,0.2024692293161501,0.0
pooled,Non-PT E 0L,557.4,3,-0.0166666666666666,0.0
pooled,Non-PT E 0L,587.4,3,0.3614842312201867,0.0
pooled,Non-PT E 0L,611.6,3,0.24418677378576287,0.0
pooled,Non-PT E 0L,660.8000000000001,3,0.0,0.0
pooled,Non-PT E 0L,665.2,3,0.005357142857142894,0.0
pooled,Non-PT E 0L,668.8000000000001,3,0.0,0.0
pooled,Non-PT E 0L,673.2,3,0.25942903800095674,0.0
pooled,Non-PT E 0L,743.2,3,-0.04166666666666665,0.0
pooled,Non-PT E 0L,744.8000000000001,3,0.4481855181361317,0.0
pooled,Non-PT E 0L,757.6,3,0.2038396386222473,0.0
pooled,Non-PT E 0L,758.0,3,0.35722541983319916,0.0
pooled,Non-PT E 0L,794.1999999999999,3,0.0,0.0
pooled,Non-PT E 0L,804.6,3,0.2664835164835164,0.0
pooled,Non-PT E 0L,810.0,3,0.2576881100387365,0.0
pooled,Non-PT E 0L,859.2,3,0.4405594405594405,0.0
pooled,Non-PT E 0L,882.55,3,0.1,0.0
pooled,Non-PT E 0L,897.2,3,-0.35714285714285715,0.0
pooled,Non-PT E 0L,909.6,3,0.25,0.0
pooled,Non-PT E 0L,949.6,3,0.11039618242950795,0.0
pooled,Non-PT E 0L,975.2,3,0.4404761904761905,0.0
pooled,Non-PT E 0L,990.8000000000001,3,0.1636341587069699,0.0
pooled,Non-PT E 0L,991.1999999999999,3,0.0,0.0
pooled,Non-PT E 0L,1009.8,3,0.0735626768631808,0.0
pooled,Non-PT E 0L,1034.4,3,0.0,0.0
pooled,Non-PT E 0L,1072.8,3,0.2912087912087912,0.0
pooled,Non-PT E 0L,1080.0,3,0.3251778531441198,0.0
pooled,Non-PT E 0L,1143.4,3,0.15778391270783715,0.0
pooled,Non-PT E 0L,1174.8,3,-0.1712293726832464,0.0
pooled,Non-PT E 0L,1181.2,3,0.0,0.0
pooled,Non-PT E 0L,1223.2,3,0.2532044596226645,0.0
pooled,Non-PT E 0L,1255.6000000000001,3,0.36153169436975624,0.0
pooled,Non-PT E 0L,1273.95,3,0.28846153846153844,0.0
pooled,Non-PT E 0L,1282.5,3,0.478563632929082,0.0
pooled,Non-PT E 0L,1288.8,3,0.23426573426573424,0.0
pooled,Non-PT E 0L,1321.6000000000001,3,0.0,0.0
pooled,Non-PT E 0L,1324.4,3,0.0,0.0
pooled,Non-PT E 0L,1330.4,3,0.4178571428571428,0.0
pooled,Non-PT E 0L,1345.8,3,0.35714285714285715,0.0
pooled,Non-PT E 0L,1346.4,3,0.24418574368406554,0.0
pooled,Non-PT E 0L,1364.3999999999999,3,0.05357142857142855,0.0
pooled,Non-PT E 0L,1424.3999999999999,3,0.1595127006491045,0.0
pooled,Non-PT E 0L,1486.2,3,0.22020750872154174,0.0
pooled,Non-PT E 0L,1489.6000000000001,3,0.38317333445100205,0.0
pooled,Non-PT E 0L,1515.2,3,0.5561829474872955,0.0
pooled,Non-PT E 0L,1516.0,3,0.1943232763373708,0.0
pooled,Non-PT E 0L,1551.6,3,0.0,0.0
pooled,Non-PT E 0L,1569.3999999999999,3,0.0,0.0
pooled,Non-PT E 0L,1598.85,3,0.2711998721442537,0.0
pooled,Non-PT E 0L,1718.4,3,0.4090909090909091,0.0
pooled,Non-PT E 0L,1762.2,3,-0.18391302991904243,0.0
pooled,Non-PT E 0L,1794.4,3,0.01785714285714285,0.0
pooled,Non-PT E 0L,1819.2,3,0.25,0.0
pooled,Non-PT E 0L,1834.8,3,0.2870461120892391,0.0
pooled,Non-PT E 0L,1899.2,3,0.1026908395301708,0.0
pooled,Non-PT E 0L,1950.4,3,0.05952380952380956,0.0
pooled,Non-PT E 0L,1981.6000000000001,3,0.1742378296148089,0.0
pooled,Non-PT E 0L,1995.6,3,0.49285714285714277,0.0
pooled,Non-PT E 0L,2040.6,3,0.534965034965035,0.0
pooled,Non-PT E 0L,2068.8,3,0.0,0.0
pooled,Non-PT E 0L,2130.85,3,0.035714285714285754,0.0
pooled,Non-PT E 0L,2160.2999999999997,3,0.2142857142857143,0.0
pooled,Non-PT E 0L,2234.4,3,0.3966805067341228,0.0
pooled,Non-PT E 0L,2255.2999999999997,3,0.20477654741903256,0.0
pooled,Non-PT E 0L,2272.7999999999997,3,0.5505364201016375,0.0
pooled,Non-PT E 0L,2274.0,3,0.4403804529053593,0.0
pooled,Non-PT E 0L,2286.8,3,0.42049487464972324,0.0
pooled,Non-PT E 0L,2349.6,3,0.09512742926847026,0.0
pooled,Non-PT E 0L,2353.15,3,0.1125570273851546,0.0
pooled,Non-PT E 0L,2362.4,3,0.0,0.0
pooled,Non-PT E 0L,2446.4,3,0.36896520196716,0.0
pooled,Non-PT E 0L,2456.7,3,0.0,0.0
pooled,Non-PT E 0L,2511.2000000000003,3,0.16699118501149274,0.0
pooled,Non-PT E 0L,2648.8,3,0.0,0.0
pooled,Non-PT E 0L,2660.8,3,0.3357142857142857,0.0
pooled,Non-PT E 0L,2790.15,3,0.1078110865042662,0.0
pooled,Non-PT E 0L,2905.1,3,0.33892313622961695,0.0
pooled,Non-PT E 0L,2925.6,3,0.5238095238095238,0.0
pooled,Non-PT E 0L,2979.2000000000003,3,0.40395917688911354,0.0
pooled,Non-PT E 0L,3030.4,3,0.536420101637493,0.0
pooled,Non-PT E 0L,3032.0,3,0.2347552606075085,0.0
pooled,Non-PT E 0L,3159.7,3,0.3589285714285714,0.0
pooled,Non-PT E 0L,3310.0,3,0.2189587977696857,0.0
pooled,Non-PT E 0L,3430.2,3,0.2898627129794894,0.0
pooled,Non-PT E 0L,3537.7999999999997,3,0.4287726125171011,0.0
pooled,Non-PT E 0L,3543.6,3,0.0,0.0
pooled,Non-PT E 0L,3598.6,3,0.5979672501411633,0.0
pooled,Non-PT E 0L,3600.5,3,0.40532343792810993,0.0
pooled,Non-PT E 0L,3766.7999999999997,3,0.19800461088105747,0.0
pooled,Non-PT E 0L,3900.8,3,0.4047619047619048,0.0
pooled,Non-PT E 0L,3973.2,3,0.0,0.0
pooled,Non-PT E 0L,4573.6,3,0.4314584528030493,0.0
pooled,Non-PT E 0L,4632.2,3,0.5,0.0
pooled,Non-PT E 0L,4724.8,3,0.0,0.0
pooled,Non-PT E 0L,5022.400000000001,3,0.35908127156261027,0.0
pooled,Non-PT E 0L,5297.6,3,0.0,0.0
pooled,Non-PT E 0L,5431.15,3,0.37389876195544125,0.0
pooled,Non-PT E 0L,5610.7,3,0.0,0.0
pooled,Non-PT E 0L,5964.099999999999,3,0.22801410234305505,0.0
pooled,Non-PT E 0L,6290.9,3,0.0,0.0
pooled,Non-PT E 0L,6620.0,3,0.19098460120030095,0.0
pooled,Non-PT E 30L,3.6,3,0.0,0.0
pooled,Non-PT E 30L,6.6000000000000005,3,-0.052269650548669305,0.0
pooled,Non-PT E 30L,7.2,3,0.0,0.0
pooled,Non-PT E 30L,10.799999999999999,3,0.0,0.0
pooled,Non-PT E 30L,13.200000000000001,3,0.5240720226063947,0.0
pooled,Non-PT E 30L,14.4,3,0.0,0.0
pooled,Non-PT E 30L,16.0,3,0.34285714285714286,0.0
pooled,Non-PT E 30L,17.099999999999998,3,0.0,0.0
pooled,Non-PT E 30L,19.8,3,0.342503762805754,0.0
pooled,Non-PT E 30L,22.0,3,0.0,0.0
pooled,Non-PT E 30L,26.400000000000002,3,0.5900968443520824,0.0
pooled,Non-PT E 30L,29.8,3,0.16372698863207255,0.0
pooled,Non-PT E 30L,31.349999999999998,3,0.5199454712472893,0.0
pooled,Non-PT E 30L,32.0,3,0.48571428571428577,0.0
pooled,Non-PT E 30L,44.0,3,0.0,0.0
pooled,Non-PT E 30L,48.0,3,-0.02857142857142861,0.0
pooled,Non-PT E 30L,59.6,3,-0.03915210597723476,0.0
pooled,Non-PT E 30L,64.0,3,0.2285714285714286,0.0
pooled,Non-PT E 30L,66.0,3,0.5330535031631454,0.0
pooled,Non-PT E 30L,76.0,3,0.8857142857142859,0.0
pooled,Non-PT E 30L,88.0,3,0.8434632061804357,0.0
pooled,Non-PT E 30L,89.39999999999999,3,-0.0106778470847004,0.0
pooled,Non-PT E 30L,104.5,3,0.7444846724186345,0.0
pooled,Non-PT E 30L,119.2,3,0.4199953186648817,0.0
pooled,Non-PT E 30L,141.54999999999998,3,0.4502492187381994,0.0
pooled,Non-PT E 30L,167.20000000000002,3,0.0,0.0
pooled,Non-PT E 30L,185.8,3,0.0,0.0
pooled,Non-PT E 30L,268.2,3,0.34065934065934067,0.0
pooled,Non-PT E 30L,270.0,3,0.441751045780691,0.0
pooled,Non-PT E 30L,330.40000000000003,3,0.0,0.0
pooled,Non-PT E 30L,334.40000000000003,3,0.0,0.0
pooled,Non-PT E 30L,336.6,3,0.33127563090703954,0.0
pooled,Non-PT E 30L,371.6,3,0.1,0.0
pooled,Non-PT E 30L,429.6,3,0.45454545454545464,0.0
pooled,Non-PT E 30L,448.6,3,0.1428571428571429,0.0
pooled,Non-PT E 30L,454.8,3,0.39285714285714296,0.0
pooled,Non-PT E 30L,474.8,3,0.2512304864168685,0.0
pooled,Non-PT E 30L,495.40000000000003,3,0.2669273244882164,0.0
pooled,Non-PT E 30L,501.59999999999997,3,0.0,0.0
pooled,Non-PT E 30L,517.2,3,0.0,0.0
pooled,Non-PT E 30L,536.4,3,0.3791208791208791,0.0
pooled,Non-PT E 30L,540.0,3,0.3374487155269168,0.0
pooled,Non-PT E 30L,557.4,3,0.3666666666666666,0.0
pooled,Non-PT E 30L,587.4,3,0.5200299466676371,0.0
pooled,Non-PT E 30L,611.6,3,0.4935409855230088,0.0
pooled,Non-PT E 30L,660.8000000000001,3,0.0,0.0
pooled,Non-PT E 30L,665.2,3,0.6410714285714284,0.0
pooled,Non-PT E 30L,668.8000000000001,3,0.0,0.0
pooled,Non-PT E 30L,673.2,3,0.39156017683216193,0.0
pooled,Non-PT E 30L,743.2,3,0.2583333333333333,0.0
pooled,Non-PT E 30L,744.8000000000001,3,0.5033836594143394,0.0
pooled,Non-PT E 30L,757.6,3,0.5911914172783739,0.0
pooled,Non-PT E 30L,758.0,3,0.4576824346142355,0.0
pooled,Non-PT E 30L,794.1999999999999,3,0.0,0.0
pooled,Non-PT E 30L,804.6,3,0.1126373626373626,0.0
pooled,Non-PT E 30L,810.0,3,0.5215116512688714,0.0
pooled,Non-PT E 30L,859.2,3,0.5174825174825175,0.0
pooled,Non-PT E 30L,882.55,3,0.325,0.0
pooled,Non-PT E 30L,897.2,3,-0.0535714285714286,0.0
pooled,Non-PT E 30L,909.6,3,0.01785714285714285,0.0
pooled,Non-PT E 30L,949.6,3,0.30075042573067134,0.0
pooled,Non-PT E 30L,975.2,3,0.630952380952381,0.0
pooled,Non-PT E 30L,990.8000000000001,3,0.2567946089442713,0.0
pooled,Non-PT E 30L,991.1999999999999,3,0.0,0.0
pooled,Non-PT E 30L,1009.8,3,0.4630148359422799,0.0
pooled,Non-PT E 30L,1034.4,3,0.0,0.0
pooled,Non-PT E 30L,1072.8,3,0.4505494505494505,0.0
pooled,Non-PT E 30L,1080.0,3,0.4110738898236986,0.0
pooled,Non-PT E 30L,1143.4,3,0.60732970643449,0.0
pooled,Non-PT E 30L,1174.8,3,0.4375861746349629,0.0
pooled,Non-PT E 30L,1181.2,3,0.0,0.0
pooled,Non-PT E 30L,1223.2,3,0.5399466047735811,0.0
pooled,Non-PT E 30L,1255.6000000000001,3,0.48223795734696834,0.0
pooled,Non-PT E 30L,1273.95,3,0.3653846153846153,0.0
pooled,Non-PT E 30L,1282.5,3,0.6442202750968413,0.0
pooled,Non-PT E 30L,1288.8,3,0.6993006993006994,0.0
pooled,Non-PT E 30L,1321.6000000000001,3,0.0,0.0
pooled,Non-PT E 30L,1324.4,3,0.0,0.0
pooled,Non-PT E 30L,1330.4,3,0.5732142857142857,0.0
pooled,Non-PT E 30L,1345.8,3,-0.0357142857142857,0.0
pooled,Non-PT E 30L,1346.4,3,0.46123831359608447,0.0
pooled,Non-PT E 30L,1364.3999999999999,3,0.12499999999999994,0.0
pooled,Non-PT E 30L,1424.3999999999999,3,0.3861748424288197,0.0
pooled,Non-PT E 30L,1486.2,3,0.25373926971369076,0.0
pooled,Non-PT E 30L,1489.6000000000001,3,0.5732467305999354,0.0
pooled,Non-PT E 30L,1515.2,3,0.6448334274421231,0.0
pooled,Non-PT E 30L,1516.0,3,0.524877436166408,0.0
pooled,Non-PT E 30L,1551.6,3,0.0,0.0
pooled,Non-PT E 30L,1569.3999999999999,3,0.0,0.0
pooled,Non-PT E 30L,1598.85,3,0.4832452130928724,0.0
pooled,Non-PT E 30L,1718.4,3,0.6223776223776223,0.0
pooled,Non-PT E 30L,1762.2,3,0.6024737187003113,0.0
pooled,Non-PT E 30L,1794.4,3,0.14285714285714285,0.0
pooled,Non-PT E 30L,1819.2,3,0.32142857142857145,0.0
pooled,Non-PT E 30L,1834.8,3,0.4796091675165597,0.0
pooled,Non-PT E 30L,1899.2,3,0.3345167713157245,0.0
pooled,Non-PT E 30L,1950.4,3,0.8214285714285716,0.0
pooled,Non-PT E 30L,1981.6000000000001,3,0.3047563901027106,0.0
pooled,Non-PT E 30L,1995.6,3,0.5964285714285713,0.0
pooled,Non-PT E 30L,2040.6,3,0.6223776223776225,0.0
pooled,Non-PT E 30L,2068.8,3,0.0,0.0
pooled,Non-PT E 30L,2130.85,3,0.46428571428571436,0.0
pooled,Non-PT E 30L,2160.2999999999997,3,0.37500000000000006,0.0
pooled,Non-PT E 30L,2234.4,3,0.6057902449111634,0.0
pooled,Non-PT E 30L,2255.2999999999997,3,0.35926665544527076,0.0
pooled,Non-PT E 30L,2272.7999999999997,3,0.5166572557876906,0.0
pooled,Non-PT E 30L,2274.0,3,0.5756507523942955,0.0
pooled,Non-PT E 30L,2286.8,3,0.6766954461973707,0.0
pooled,Non-PT E 30L,2349.6,3,0.3361169167485947,0.0
pooled,Non-PT E 30L,2353.15,3,0.2983026056562196,0.0
pooled,Non-PT E 30L,2362.4,3,0.0,0.0
pooled,Non-PT E 30L,2446.4,3,0.5254068528904869,0.0
pooled,Non-PT E 30L,2456.7,3,0.0,0.0
pooled,Non-PT E 30L,2511.2000000000003,3,0.5479587138744684,0.0
pooled,Non-PT E 30L,2648.8,3,0.0,0.0
pooled,Non-PT E 30L,2660.8,3,0.5892857142857142,0.0
pooled,Non-PT E 30L,2790.15,3,0.5897900614645153,0.0
pooled,Non-PT E 30L,2905.1,3,0.4954661094657181,0.0
pooled,Non-PT E 30L,2925.6,3,0.5357142857142858,0.0
pooled,Non-PT E 30L,2979.2000000000003,3,0.604669909755559,0.0
pooled,Non-PT E 30L,3030.4,3,0.6883116883116884,0.0
pooled,Non-PT E 30L,3032.0,3,0.6009542554751672,0.0
pooled,Non-PT E 30L,3159.7,3,0.6178571428571428,0.0
pooled,Non-PT E 30L,3310.0,3,0.49107463540562457,0.0
pooled,Non-PT E 30L,3430.2,3,0.7000232193583404,0.0
pooled,Non-PT E 30L,3537.7999999999997,3,0.6237998079553243,0.0
pooled,Non-PT E 30L,3543.6,3,0.0,0.0
pooled,Non-PT E 30L,3598.6,3,0.7035573122529645,0.0
pooled,Non-PT E 30L,3600.5,3,0.6275165537118552,0.0
pooled,Non-PT E 30L,3766.7999999999997,3,0.5668031230022164,0.0
pooled,Non-PT E 30L,3900.8,3,0.6904761904761906,0.0
pooled,Non-PT E 30L,3973.2,3,0.0,0.0
pooled,Non-PT E 30L,4573.6,3,0.6732757560603361,0.0
pooled,Non-PT E 30L,4632.2,3,0.6785714285714287,0.0
pooled,Non-PT E 30L,4724.8,3,0.0,0.0
pooled,Non-PT E 30L,5022.400000000001,3,0.5387698313540895,0.0
pooled,Non-PT E 30L,5297.6,3,0.0,0.0
pooled,Non-PT E 30L,5431.15,3,0.7364197032981046,0.0
pooled,Non-PT E 30L,5610.7,3,0.0,0.0
pooled,Non-PT E 30L,5964.099999999999,3,0.5552664035847663,0.0
pooled,Non-PT E 30L,6290.9,3,0.0,0.0
pooled,Non-PT E 30L,6620.0,3,0.5054094622101061,0.0
