File,HLA,Avg_Token_NLL,model_path,Encoding,Model
ESMMASK_HLA_FT_15_0.0001_5e-05_AUG_4_A0219_1_per_token_metrics.csv,A0219,1.9011927807204263,/global/scratch/users/sergiomar10/models/ESMC_Pretrain/HLAA0219/ESMMASK_HLA_FT_15_0.0001_5e-05_AUG_4_A0219_1.pt,HLA,A0219+HLA
ESMMASK_epitope_FT_15_0.001_1e-05_AUG_3_B2701_1_per_token_metrics.csv,B2701,1.9247894433430996,/global/scratch/users/sergiomar10/models/ESMC_Pretrain/HLAB2701/ESMMASK_epitope_FT_15_0.001_1e-05_AUG_3_B2701_1.pt,epitope,B2701+epitope
ESMMASK_epitope_FT_15_0.001_1e-06_AUG_3_B4001_2_per_token_metrics.csv,B4001,1.9659310805178203,/global/scratch/users/sergiomar10/models/ESMC_Pretrain/HLAB4001/ESMMASK_epitope_FT_15_0.001_1e-06_AUG_3_B4001_2.pt,epitope,B4001+epitope
ESMMASK_HLA_FT_25_0.001_5e-05_AUG_4_B4402_1_per_token_metrics.csv,B4402,2.0260999437990748,/global/scratch/users/sergiomar10/models/ESMC_Pretrain/HLAB4402/ESMMASK_HLA_FT_25_0.001_5e-05_AUG_4_B4402_1.pt,HLA,B4402+HLA
ESMMASK_HLA_FT_25_0.001_5e-05_AUG_3_C1502_2_per_token_metrics.csv,C1502,2.0270732107868934,/global/scratch/users/sergiomar10/models/ESMC_Pretrain/HLAC1502/ESMMASK_HLA_FT_25_0.001_5e-05_AUG_3_C1502_2.pt,HLA,C1502+HLA
ESMMASK_HLA_FT_25_0.0001_5e-05_AUG_3_B5501_2_per_token_metrics.csv,B5501,2.02991236364585,/global/scratch/users/sergiomar10/models/ESMC_Pretrain/HLAB5501/ESMMASK_HLA_FT_25_0.0001_5e-05_AUG_3_B5501_2.pt,HLA,B5501+HLA
ESMMASK_HLA_FT_20_0.0001_1e-05_AUG_4_A0217_1_per_token_metrics.csv,A0217,2.0304150154076592,/global/scratch/users/sergiomar10/models/ESMC_Pretrain/HLAA0217/ESMMASK_HLA_FT_20_0.0001_1e-05_AUG_4_A0217_1.pt,HLA,A0217+HLA
ESMMASK_epitope_FT_20_0.001_1e-06_AUG_3_B4002_1_per_token_metrics.csv,B4002,2.031062892591703,/global/scratch/users/sergiomar10/models/ESMC_Pretrain/HLAB4002/ESMMASK_epitope_FT_20_0.001_1e-06_AUG_3_B4002_1.pt,epitope,B4002+epitope
ESMMASK_HLA_FT_15_0.0001_1e-06_AUG_4_B3801_2_per_token_metrics.csv,B3801,2.0420461955432443,/global/scratch/users/sergiomar10/models/ESMC_Pretrain/HLAB3801/ESMMASK_HLA_FT_15_0.0001_1e-06_AUG_4_B3801_2.pt,HLA,B3801+HLA
ESMMASK_HLA_FT_25_0.001_1e-05_AUG_4_B4403_2_per_token_metrics.csv,B4403,2.042102510962094,/global/scratch/users/sergiomar10/models/ESMC_Pretrain/HLAB4403/ESMMASK_HLA_FT_25_0.001_1e-05_AUG_4_B4403_2.pt,HLA,B4403+HLA
ESMMASK_HLA_FT_15_0.0001_1e-06_AUG_1_B4001_2_per_token_metrics.csv,B4001,2.0555380972031925,/global/scratch/users/sergiomar10/models/ESMC_Pretrain/HLAB4001/ESMMASK_HLA_FT_15_0.0001_1e-06_AUG_1_B4001_2.pt,HLA,B4001+HLA
ESMMASK_HLA_FT_15_0.0001_5e-05_AUG_4_B1510_1_per_token_metrics.csv,B1510,2.0588457202569113,/global/scratch/users/sergiomar10/models/ESMC_Pretrain/HLAB1510/ESMMASK_HLA_FT_15_0.0001_5e-05_AUG_4_B1510_1.pt,HLA,B1510+HLA
ESMMASK_HLA_FT_20_0.0001_1e-05_AUG_4_B2701_2_per_token_metrics.csv,B2701,2.0592620275484705,/global/scratch/users/sergiomar10/models/ESMC_Pretrain/HLAB2701/ESMMASK_HLA_FT_20_0.0001_1e-05_AUG_4_B2701_2.pt,HLA,B2701+HLA
ESMMASK_HLA_FT_15_0.0001_5e-05_AUG_4_B2702_1_per_token_metrics.csv,B2702,2.0704707059977037,/global/scratch/users/sergiomar10/models/ESMC_Pretrain/HLAB2702/ESMMASK_HLA_FT_15_0.0001_5e-05_AUG_4_B2702_1.pt,HLA,B2702+HLA
ESMMASK_epitope_FT_15_0.001_1e-06_AUG_3_B4201_1_per_token_metrics.csv,B4201,2.074363787383892,/global/scratch/users/sergiomar10/models/ESMC_Pretrain/HLAB4201/ESMMASK_epitope_FT_15_0.001_1e-06_AUG_3_B4201_1.pt,epitope,B4201+epitope
ESMMASK_HLA_FT_15_0.001_1e-05_AUG_4_B3503_2_per_token_metrics.csv,B3503,2.082488978851394,/global/scratch/users/sergiomar10/models/ESMC_Pretrain/HLAB3503/ESMMASK_HLA_FT_15_0.001_1e-05_AUG_4_B3503_2.pt,HLA,B3503+HLA
ESMMASK_HLA_FT_15_0.0001_5e-05_AUG_3_B0801_2_per_token_metrics.csv,B0801,2.0840372639199707,/global/scratch/users/sergiomar10/models/ESMC_Pretrain/HLAB0801/ESMMASK_HLA_FT_15_0.0001_5e-05_AUG_3_B0801_2.pt,HLA,B0801+HLA
ESMMASK_HLA_FT_15_0.0001_1e-05_AUG_4_B1542_1_per_token_metrics.csv,B1542,2.0867371458264263,/global/scratch/users/sergiomar10/models/ESMC_Pretrain/HLAB1542/ESMMASK_HLA_FT_15_0.0001_1e-05_AUG_4_B1542_1.pt,HLA,B1542+HLA
ESMMASK_HLA_FT_20_0.0001_1e-05_AUG_3_C1203_2_per_token_metrics.csv,C1203,2.089369211378938,/global/scratch/users/sergiomar10/models/ESMC_Pretrain/HLAC1203/ESMMASK_HLA_FT_20_0.0001_1e-05_AUG_3_C1203_2.pt,HLA,C1203+HLA
ESMMASK_HLA_FT_15_0.0001_5e-05_AUG_4_B5101_1_per_token_metrics.csv,B5101,2.0911129586156485,/global/scratch/users/sergiomar10/models/ESMC_Pretrain/HLAB5101/ESMMASK_HLA_FT_15_0.0001_5e-05_AUG_4_B5101_1.pt,HLA,B5101+HLA
ESMMASK_HLA_FT_20_0.001_1e-05_AUG_3_C1402_2_per_token_metrics.csv,C1402,2.091517552701176,/global/scratch/users/sergiomar10/models/ESMC_Pretrain/HLAC1402/ESMMASK_HLA_FT_20_0.001_1e-05_AUG_3_C1402_2.pt,HLA,C1402+HLA
ESMMASK_epitope_FT_25_0.001_1e-06_AUG_3_B5101_1_per_token_metrics.csv,B5101,2.0962188702437468,/global/scratch/users/sergiomar10/models/ESMC_Pretrain/HLAB5101/ESMMASK_epitope_FT_25_0.001_1e-06_AUG_3_B5101_1.pt,epitope,B5101+epitope
ESMMASK_HLA_FT_20_0.0001_1e-05_AUG_3_A0207_1_per_token_metrics.csv,A0207,2.1022773869453544,/global/scratch/users/sergiomar10/models/ESMC_Pretrain/HLAA0207/ESMMASK_HLA_FT_20_0.0001_1e-05_AUG_3_A0207_1.pt,HLA,A0207+HLA
ESMMASK_HLA_FT_15_0.001_5e-05_AUG_3_B1302_2_per_token_metrics.csv,B1302,2.1025127992519628,/global/scratch/users/sergiomar10/models/ESMC_Pretrain/HLAB1302/ESMMASK_HLA_FT_15_0.001_5e-05_AUG_3_B1302_2.pt,HLA,B1302+HLA
ESMMASK_HLA_FT_15_0.0001_1e-06_AUG_4_B3508_2_per_token_metrics.csv,B3508,2.1115660756123025,/global/scratch/users/sergiomar10/models/ESMC_Pretrain/HLAB3508/ESMMASK_HLA_FT_15_0.0001_1e-06_AUG_4_B3508_2.pt,HLA,B3508+HLA
ESMMASK_epitope_FT_25_0.001_1e-06_AUG_3_B4402_1_per_token_metrics.csv,B4402,2.112335629860449,/global/scratch/users/sergiomar10/models/ESMC_Pretrain/HLAB4402/ESMMASK_epitope_FT_25_0.001_1e-06_AUG_3_B4402_1.pt,epitope,B4402+epitope
ESMMASK_HLA_FT_15_0.0001_5e-05_AUG_1_B0702_1_per_token_metrics.csv,B0702,2.1147935206726736,/global/scratch/users/sergiomar10/models/ESMC_Pretrain/HLAB0702/ESMMASK_HLA_FT_15_0.0001_5e-05_AUG_1_B0702_1.pt,HLA,B0702+HLA
ESMMASK_epitope_FT_25_0.0001_1e-06_AUG_4_A2902_2_per_token_metrics.csv,A2902,2.1164662507238297,/global/scratch/users/sergiomar10/models/ESMC_Pretrain/HLAA2902/ESMMASK_epitope_FT_25_0.0001_1e-06_AUG_4_A2902_2.pt,epitope,A2902+epitope
ESMMASK_HLA_FT_20_0.0001_5e-05_AUG_4_A0202_1_per_token_metrics.csv,A0202,2.121839029694211,/global/scratch/users/sergiomar10/models/ESMC_Pretrain/HLAA0202/ESMMASK_HLA_FT_20_0.0001_5e-05_AUG_4_A0202_1.pt,HLA,A0202+HLA
ESMMASK_epitope_FT_25_0.0001_1e-06_AUG_3_C0802_2_per_token_metrics.csv,C0802,2.1277532084893584,/global/scratch/users/sergiomar10/models/ESMC_Pretrain/HLAC0802/ESMMASK_epitope_FT_25_0.0001_1e-06_AUG_3_C0802_2.pt,epitope,C0802+epitope
ESMMASK_HLA_FT_25_0.0001_5e-05_AUG_3_A0205_2_per_token_metrics.csv,A0205,2.1285186516901486,/global/scratch/users/sergiomar10/models/ESMC_Pretrain/HLAA0205/ESMMASK_HLA_FT_25_0.0001_5e-05_AUG_3_A0205_2.pt,HLA,A0205+HLA
ESMMASK_epitope_FT_25_0.0001_5e-05_AUG_4_B3503_1_per_token_metrics.csv,B3503,2.1290217641711666,/global/scratch/users/sergiomar10/models/ESMC_Pretrain/HLAB3503/ESMMASK_epitope_FT_25_0.0001_5e-05_AUG_4_B3503_1.pt,epitope,B3503+epitope
ESMMASK_HLA_FT_25_0.0001_1e-05_AUG_1_C0802_1_per_token_metrics.csv,C0802,2.131159215883815,/global/scratch/users/sergiomar10/models/ESMC_Pretrain/HLAC0802/ESMMASK_HLA_FT_25_0.0001_1e-05_AUG_1_C0802_1.pt,HLA,C0802+HLA
ESMMASK_epitope_FT_15_0.001_1e-05_AUG_3_A0201_2_per_token_metrics.csv,A0201,2.1316706451182856,/global/scratch/users/sergiomar10/models/ESMC_Pretrain/HLAA0201/ESMMASK_epitope_FT_15_0.001_1e-05_AUG_3_A0201_2.pt,epitope,A0201+epitope
ESMMASK_HLA_FT_15_0.001_5e-05_AUG_4_B1501_1_per_token_metrics.csv,B1501,2.1321214869886305,/global/scratch/users/sergiomar10/models/ESMC_Pretrain/HLAB1501/ESMMASK_HLA_FT_15_0.001_5e-05_AUG_4_B1501_1.pt,HLA,B1501+HLA
ESMMASK_epitope_FT_25_0.0001_5e-05_AUG_4_C0401_1_per_token_metrics.csv,C0401,2.133647488464492,/global/scratch/users/sergiomar10/models/ESMC_Pretrain/HLAC0401/ESMMASK_epitope_FT_25_0.0001_5e-05_AUG_4_C0401_1.pt,epitope,C0401+epitope
ESMMASK_epitope_FT_25_0.001_1e-06_AUG_4_B5201_1_per_token_metrics.csv,B5201,2.1357987896117074,/global/scratch/users/sergiomar10/models/ESMC_Pretrain/HLAB5201/ESMMASK_epitope_FT_25_0.001_1e-06_AUG_4_B5201_1.pt,epitope,B5201+epitope
ESMMASK_HLA_FT_25_0.0001_5e-05_AUG_3_B1801_1_per_token_metrics.csv,B1801,2.1364856295320322,/global/scratch/users/sergiomar10/models/ESMC_Pretrain/HLAB1801/ESMMASK_HLA_FT_25_0.0001_5e-05_AUG_3_B1801_1.pt,HLA,B1801+HLA
ESMMASK_HLA_FT_20_0.001_5e-05_AUG_3_B1517_2_per_token_metrics.csv,B1517,2.1386707079580134,/global/scratch/users/sergiomar10/models/ESMC_Pretrain/HLAB1517/ESMMASK_HLA_FT_20_0.001_5e-05_AUG_3_B1517_2.pt,HLA,B1517+HLA
ESMMASK_HLA_FT_20_0.0001_5e-05_AUG_4_B2704_1_per_token_metrics.csv,B2704,2.139555654731115,/global/scratch/users/sergiomar10/models/ESMC_Pretrain/HLAB2704/ESMMASK_HLA_FT_20_0.0001_5e-05_AUG_4_B2704_1.pt,HLA,B2704+HLA
ESMMASK_HLA_FT_25_0.001_1e-06_AUG_4_A1101_1_per_token_metrics.csv,A1101,2.1431549927618145,/global/scratch/users/sergiomar10/models/ESMC_Pretrain/HLAA1101/ESMMASK_HLA_FT_25_0.001_1e-06_AUG_4_A1101_1.pt,HLA,A1101+HLA
ESMMASK_epitope_FT_15_0.001_1e-06_AUG_4_A2501_1_per_token_metrics.csv,A2501,2.1436191281350307,/global/scratch/users/sergiomar10/models/ESMC_Pretrain/HLAA2501/ESMMASK_epitope_FT_15_0.001_1e-06_AUG_4_A2501_1.pt,epitope,A2501+epitope
ESMMASK_epitope_FT_20_0.0001_1e-05_AUG_1_C0501_2_per_token_metrics.csv,C0501,2.148909185063878,/global/scratch/users/sergiomar10/models/ESMC_Pretrain/HLAC0501/ESMMASK_epitope_FT_20_0.0001_1e-05_AUG_1_C0501_2.pt,epitope,C0501+epitope
ESMMASK_epitope_FT_25_0.001_1e-06_AUG_4_C1203_1_per_token_metrics.csv,C1203,2.1516185435763213,/global/scratch/users/sergiomar10/models/ESMC_Pretrain/HLAC1203/ESMMASK_epitope_FT_25_0.001_1e-06_AUG_4_C1203_1.pt,epitope,C1203+epitope
ESMMASK_HLA_FT_25_0.0001_1e-05_AUG_3_A6601_1_per_token_metrics.csv,A6601,2.154405590980929,/global/scratch/users/sergiomar10/models/ESMC_Pretrain/HLAA6601/ESMMASK_HLA_FT_25_0.0001_1e-05_AUG_3_A6601_1.pt,HLA,A6601+HLA
ESMMASK_epitope_FT_25_0.0001_1e-05_AUG_3_B0702_1_per_token_metrics.csv,B0702,2.1544991184107305,/global/scratch/users/sergiomar10/models/ESMC_Pretrain/HLAB0702/ESMMASK_epitope_FT_25_0.0001_1e-05_AUG_3_B0702_1.pt,epitope,B0702+epitope
ESMMASK_epitope_FT_25_0.0001_1e-06_AUG_3_B1302_1_per_token_metrics.csv,B1302,2.1562682635249986,/global/scratch/users/sergiomar10/models/ESMC_Pretrain/HLAB1302/ESMMASK_epitope_FT_25_0.0001_1e-06_AUG_3_B1302_1.pt,epitope,B1302+epitope
ESMMASK_epitope_FT_15_0.001_1e-06_AUG_3_A2402_1_per_token_metrics.csv,A2402,2.156939038631163,/global/scratch/users/sergiomar10/models/ESMC_Pretrain/HLAA2402/ESMMASK_epitope_FT_15_0.001_1e-06_AUG_3_A2402_1.pt,epitope,A2402+epitope
ESMMASK_epitope_FT_25_0.001_1e-05_AUG_4_A1101_1_per_token_metrics.csv,A1101,2.158548320030072,/global/scratch/users/sergiomar10/models/ESMC_Pretrain/HLAA1101/ESMMASK_epitope_FT_25_0.001_1e-05_AUG_4_A1101_1.pt,epitope,A1101+epitope
ESMMASK_epitope_FT_25_0.0001_1e-06_AUG_4_B4403_2_per_token_metrics.csv,B4403,2.1604181375345703,/global/scratch/users/sergiomar10/models/ESMC_Pretrain/HLAB4403/ESMMASK_epitope_FT_25_0.0001_1e-06_AUG_4_B4403_2.pt,epitope,B4403+epitope
ESMMASK_epitope_FT_25_0.001_1e-05_AUG_4_A0204_2_per_token_metrics.csv,A0204,2.162267583944629,/global/scratch/users/sergiomar10/models/ESMC_Pretrain/HLAA0204/ESMMASK_epitope_FT_25_0.001_1e-05_AUG_4_A0204_2.pt,epitope,A0204+epitope
ESMMASK_HLA_FT_15_0.0001_5e-05_AUG_3_C0501_1_per_token_metrics.csv,C0501,2.1646639228587023,/global/scratch/users/sergiomar10/models/ESMC_Pretrain/HLAC0501/ESMMASK_HLA_FT_15_0.0001_5e-05_AUG_3_C0501_1.pt,HLA,C0501+HLA
ESMMASK_epitope_FT_20_0.0001_1e-05_AUG_4_B4501_2_per_token_metrics.csv,B4501,2.165387512828418,/global/scratch/users/sergiomar10/models/ESMC_Pretrain/HLAB4501/ESMMASK_epitope_FT_20_0.0001_1e-05_AUG_4_B4501_2.pt,epitope,B4501+epitope
ESMMASK_HLA_FT_15_0.001_1e-05_AUG_3_A0301_2_per_token_metrics.csv,A0301,2.1730160494757245,/global/scratch/users/sergiomar10/models/ESMC_Pretrain/HLAA0301/ESMMASK_HLA_FT_15_0.001_1e-05_AUG_3_A0301_2.pt,HLA,A0301+HLA
ESMMASK_HLA_FT_20_0.0001_5e-05_AUG_1_A0201_1_per_token_metrics.csv,A0201,2.1768627965076015,/global/scratch/users/sergiomar10/models/ESMC_Pretrain/HLAA0201/ESMMASK_HLA_FT_20_0.0001_5e-05_AUG_1_A0201_1.pt,HLA,A0201+HLA
ESMMASK_epitope_FT_25_0.001_1e-06_AUG_4_B2702_2_per_token_metrics.csv,B2702,2.1772800639008767,/global/scratch/users/sergiomar10/models/ESMC_Pretrain/HLAB2702/ESMMASK_epitope_FT_25_0.001_1e-06_AUG_4_B2702_2.pt,epitope,B2702+epitope
ESMMASK_HLA_FT_25_0.0001_5e-05_AUG_3_A0204_2_per_token_metrics.csv,A0204,2.1783415953804823,/global/scratch/users/sergiomar10/models/ESMC_Pretrain/HLAA0204/ESMMASK_HLA_FT_25_0.0001_5e-05_AUG_3_A0204_2.pt,HLA,A0204+HLA
ESMMASK_HLA_FT_15_0.0001_1e-06_AUG_3_C0801_2_per_token_metrics.csv,C0801,2.179498325463034,/global/scratch/users/sergiomar10/models/ESMC_Pretrain/HLAC0801/ESMMASK_HLA_FT_15_0.0001_1e-06_AUG_3_C0801_2.pt,HLA,C0801+HLA
ESMMASK_epitope_FT_15_0.001_1e-05_AUG_4_A3201_1_per_token_metrics.csv,A3201,2.1795711958472195,/global/scratch/users/sergiomar10/models/ESMC_Pretrain/HLAA3201/ESMMASK_epitope_FT_15_0.001_1e-05_AUG_4_A3201_1.pt,epitope,A3201+epitope
ESMMASK_HLA_FT_15_0.001_1e-05_AUG_3_B5802_2_per_token_metrics.csv,B5802,2.1825480157256565,/global/scratch/users/sergiomar10/models/ESMC_Pretrain/HLAB5802/ESMMASK_HLA_FT_15_0.001_1e-05_AUG_3_B5802_2.pt,HLA,B5802+HLA
ESMMASK_HLA_FT_25_0.001_1e-05_AUG_3_A3303_2_per_token_metrics.csv,A3303,2.192579329690341,/global/scratch/users/sergiomar10/models/ESMC_Pretrain/HLAA3303/ESMMASK_HLA_FT_25_0.001_1e-05_AUG_3_A3303_2.pt,HLA,A3303+HLA
ESMMASK_HLA_FT_25_0.001_1e-06_AUG_3_A2301_2_per_token_metrics.csv,A2301,2.19599708495613,/global/scratch/users/sergiomar10/models/ESMC_Pretrain/HLAA2301/ESMMASK_HLA_FT_25_0.001_1e-06_AUG_3_A2301_2.pt,HLA,A2301+HLA
ESMMASK_epitope_FT_20_0.0001_5e-05_AUG_3_B0801_1_per_token_metrics.csv,B0801,2.19614670917073,/global/scratch/users/sergiomar10/models/ESMC_Pretrain/HLAB0801/ESMMASK_epitope_FT_20_0.0001_5e-05_AUG_3_B0801_1.pt,epitope,B0801+epitope
ESMMASK_HLA_FT_25_0.001_1e-06_AUG_4_C0303_2_per_token_metrics.csv,C0303,2.1971050793770925,/global/scratch/users/sergiomar10/models/ESMC_Pretrain/HLAC0303/ESMMASK_HLA_FT_25_0.001_1e-06_AUG_4_C0303_2.pt,HLA,C0303+HLA
ESMMASK_HLA_FT_20_0.0001_5e-05_AUG_4_A3301_1_per_token_metrics.csv,A3301,2.1977131655269626,/global/scratch/users/sergiomar10/models/ESMC_Pretrain/HLAA3301/ESMMASK_HLA_FT_20_0.0001_5e-05_AUG_4_A3301_1.pt,HLA,A3301+HLA
ESMMASK_HLA_FT_25_0.0001_5e-05_AUG_3_C0401_1_per_token_metrics.csv,C0401,2.2148118266996573,/global/scratch/users/sergiomar10/models/ESMC_Pretrain/HLAC0401/ESMMASK_HLA_FT_25_0.0001_5e-05_AUG_3_C0401_1.pt,HLA,C0401+HLA
ESMMASK_HLA_FT_20_0.0001_1e-06_AUG_3_B2709_1_per_token_metrics.csv,B2709,2.2209837954729035,/global/scratch/users/sergiomar10/models/ESMC_Pretrain/HLAB2709/ESMMASK_HLA_FT_20_0.0001_1e-06_AUG_3_B2709_1.pt,HLA,B2709+HLA
ESMMASK_epitope_FT_25_0.001_5e-05_AUG_4_B5701_1_per_token_metrics.csv,B5701,2.2253485753886015,/global/scratch/users/sergiomar10/models/ESMC_Pretrain/HLAB5701/ESMMASK_epitope_FT_25_0.001_5e-05_AUG_4_B5701_1.pt,epitope,B5701+epitope
ESMMASK_HLA_FT_15_0.001_5e-05_AUG_3_B5301_1_per_token_metrics.csv,B5301,2.228222648422449,/global/scratch/users/sergiomar10/models/ESMC_Pretrain/HLAB5301/ESMMASK_HLA_FT_15_0.001_5e-05_AUG_3_B5301_1.pt,HLA,B5301+HLA
ESMMASK_HLA_FT_15_0.0001_1e-05_AUG_3_A2902_1_per_token_metrics.csv,A2902,2.2300679982060907,/global/scratch/users/sergiomar10/models/ESMC_Pretrain/HLAA2902/ESMMASK_HLA_FT_15_0.0001_1e-05_AUG_3_A2902_1.pt,HLA,A2902+HLA
ESMMASK_epitope_FT_15_0.0001_5e-05_AUG_4_B1501_1_per_token_metrics.csv,B1501,2.230239965019804,/global/scratch/users/sergiomar10/models/ESMC_Pretrain/HLAB1501/ESMMASK_epitope_FT_15_0.0001_5e-05_AUG_4_B1501_1.pt,epitope,B1501+epitope
ESMMASK_HLA_FT_25_0.0001_1e-06_AUG_4_B4501_2_per_token_metrics.csv,B4501,2.2308679121841886,/global/scratch/users/sergiomar10/models/ESMC_Pretrain/HLAB4501/ESMMASK_HLA_FT_25_0.0001_1e-06_AUG_4_B4501_2.pt,HLA,B4501+HLA
ESMMASK_HLA_FT_20_0.0001_1e-05_AUG_3_A3101_2_per_token_metrics.csv,A3101,2.2356682595928477,/global/scratch/users/sergiomar10/models/ESMC_Pretrain/HLAA3101/ESMMASK_HLA_FT_20_0.0001_1e-05_AUG_3_A3101_2.pt,HLA,A3101+HLA
ESMMASK_epitope_FT_15_0.001_1e-06_AUG_3_A2301_2_per_token_metrics.csv,A2301,2.2360892161122528,/global/scratch/users/sergiomar10/models/ESMC_Pretrain/HLAA2301/ESMMASK_epitope_FT_15_0.001_1e-06_AUG_3_A2301_2.pt,epitope,A2301+epitope
ESMMASK_HLA_FT_15_0.0001_1e-05_AUG_1_A2501_2_per_token_metrics.csv,A2501,2.2381609509578073,/global/scratch/users/sergiomar10/models/ESMC_Pretrain/HLAA2501/ESMMASK_HLA_FT_15_0.0001_1e-05_AUG_1_A2501_2.pt,HLA,A2501+HLA
ESMMASK_HLA_FT_15_0.001_5e-05_AUG_4_A3201_1_per_token_metrics.csv,A3201,2.2384218957045268,/global/scratch/users/sergiomar10/models/ESMC_Pretrain/HLAA3201/ESMMASK_HLA_FT_15_0.001_5e-05_AUG_4_A3201_1.pt,HLA,A3201+HLA
ESMMASK_epitope_FT_25_0.0001_1e-06_AUG_3_A0211_1_per_token_metrics.csv,A0211,2.2459706598265137,/global/scratch/users/sergiomar10/models/ESMC_Pretrain/HLAA0211/ESMMASK_epitope_FT_25_0.0001_1e-06_AUG_3_A0211_1.pt,epitope,A0211+epitope
ESMMASK_HLA_FT_25_0.0001_5e-05_AUG_4_C0602_2_per_token_metrics.csv,C0602,2.2461350709993657,/global/scratch/users/sergiomar10/models/ESMC_Pretrain/HLAC0602/ESMMASK_HLA_FT_25_0.0001_5e-05_AUG_4_C0602_2.pt,HLA,C0602+HLA
ESMMASK_epitope_FT_15_0.0001_1e-05_AUG_4_A6601_2_per_token_metrics.csv,A6601,2.2474858619367892,/global/scratch/users/sergiomar10/models/ESMC_Pretrain/HLAA6601/ESMMASK_epitope_FT_15_0.0001_1e-05_AUG_4_A6601_2.pt,epitope,A6601+epitope
ESMMASK_epitope_FT_20_0.0001_5e-05_AUG_3_B1510_2_per_token_metrics.csv,B1510,2.2503336541148813,/global/scratch/users/sergiomar10/models/ESMC_Pretrain/HLAB1510/ESMMASK_epitope_FT_20_0.0001_5e-05_AUG_3_B1510_2.pt,epitope,B1510+epitope
ESMMASK_HLA_FT_20_0.0001_5e-05_AUG_4_B3901_2_per_token_metrics.csv,B3901,2.2520714821212158,/global/scratch/users/sergiomar10/models/ESMC_Pretrain/HLAB3901/ESMMASK_HLA_FT_20_0.0001_5e-05_AUG_4_B3901_2.pt,HLA,B3901+HLA
ESMMASK_epitope_FT_25_0.0001_1e-05_AUG_4_B3801_2_per_token_metrics.csv,B3801,2.2540041477804955,/global/scratch/users/sergiomar10/models/ESMC_Pretrain/HLAB3801/ESMMASK_epitope_FT_25_0.0001_1e-05_AUG_4_B3801_2.pt,epitope,B3801+epitope
ESMMASK_epitope_FT_25_0.0001_1e-06_AUG_4_A0202_1_per_token_metrics.csv,A0202,2.2545569606240057,/global/scratch/users/sergiomar10/models/ESMC_Pretrain/HLAA0202/ESMMASK_epitope_FT_25_0.0001_1e-06_AUG_4_A0202_1.pt,epitope,A0202+epitope
ESMMASK_epitope_FT_15_0.001_1e-06_AUG_4_A6801_2_per_token_metrics.csv,A6801,2.2567613564185756,/global/scratch/users/sergiomar10/models/ESMC_Pretrain/HLAA6801/ESMMASK_epitope_FT_15_0.001_1e-06_AUG_4_A6801_2.pt,epitope,A6801+epitope
ESMMASK_HLA_FT_25_0.001_5e-05_AUG_4_B4201_1_per_token_metrics.csv,B4201,2.2603251215639433,/global/scratch/users/sergiomar10/models/ESMC_Pretrain/HLAB4201/ESMMASK_HLA_FT_25_0.001_5e-05_AUG_4_B4201_1.pt,HLA,B4201+HLA
ESMMASK_epitope_FT_15_0.001_1e-06_AUG_4_B2709_1_per_token_metrics.csv,B2709,2.2638898945602834,/global/scratch/users/sergiomar10/models/ESMC_Pretrain/HLAB2709/ESMMASK_epitope_FT_15_0.001_1e-06_AUG_4_B2709_1.pt,epitope,B2709+epitope
ESMMASK_epitope_FT_25_0.001_1e-06_AUG_3_A3001_1_per_token_metrics.csv,A3001,2.2645400265031848,/global/scratch/users/sergiomar10/models/ESMC_Pretrain/HLAA3001/ESMMASK_epitope_FT_25_0.001_1e-06_AUG_3_A3001_1.pt,epitope,A3001+epitope
ESMMASK_epitope_FT_15_0.001_1e-06_AUG_4_A3301_2_per_token_metrics.csv,A3301,2.2669152716194994,/global/scratch/users/sergiomar10/models/ESMC_Pretrain/HLAA3301/ESMMASK_epitope_FT_15_0.001_1e-06_AUG_4_A3301_2.pt,epitope,A3301+epitope
ESMMASK_epitope_FT_25_0.0001_1e-05_AUG_3_A0206_2_per_token_metrics.csv,A0206,2.2684497061781554,/global/scratch/users/sergiomar10/models/ESMC_Pretrain/HLAA0206/ESMMASK_epitope_FT_25_0.0001_1e-05_AUG_3_A0206_2.pt,epitope,A0206+epitope
ESMMASK_epitope_FT_25_0.0001_1e-05_AUG_3_A0101_2_per_token_metrics.csv,A0101,2.269565803925849,/global/scratch/users/sergiomar10/models/ESMC_Pretrain/HLAA0101/ESMMASK_epitope_FT_25_0.0001_1e-05_AUG_3_A0101_2.pt,epitope,A0101+epitope
ESMMASK_epitope_FT_20_0.001_5e-05_AUG_3_C0303_1_per_token_metrics.csv,C0303,2.271922175618167,/global/scratch/users/sergiomar10/models/ESMC_Pretrain/HLAC0303/ESMMASK_epitope_FT_20_0.001_5e-05_AUG_3_C0303_1.pt,epitope,C0303+epitope
ESMMASK_epitope_FT_20_0.0001_1e-06_AUG_4_A2601_1_per_token_metrics.csv,A2601,2.2721690905753174,/global/scratch/users/sergiomar10/models/ESMC_Pretrain/HLAA2601/ESMMASK_epitope_FT_20_0.0001_1e-06_AUG_4_A2601_1.pt,epitope,A2601+epitope
ESMMASK_HLA_FT_15_0.001_1e-06_AUG_3_B4601_1_per_token_metrics.csv,B4601,2.2783709869262045,/global/scratch/users/sergiomar10/models/ESMC_Pretrain/HLAB4601/ESMMASK_HLA_FT_15_0.001_1e-06_AUG_3_B4601_1.pt,HLA,B4601+HLA
ESMMASK_HLA_FT_20_0.0001_1e-06_AUG_4_C0701_2_per_token_metrics.csv,C0701,2.280499737803498,/global/scratch/users/sergiomar10/models/ESMC_Pretrain/HLAC0701/ESMMASK_HLA_FT_20_0.0001_1e-06_AUG_4_C0701_2.pt,HLA,C0701+HLA
ESMMASK_epitope_FT_25_0.0001_1e-05_AUG_3_A0301_1_per_token_metrics.csv,A0301,2.280797979589235,/global/scratch/users/sergiomar10/models/ESMC_Pretrain/HLAA0301/ESMMASK_epitope_FT_25_0.0001_1e-05_AUG_3_A0301_1.pt,epitope,A0301+epitope
ESMMASK_epitope_FT_15_0.0001_1e-06_AUG_4_C0702_2_per_token_metrics.csv,C0702,2.286527369045613,/global/scratch/users/sergiomar10/models/ESMC_Pretrain/HLAC0702/ESMMASK_epitope_FT_15_0.0001_1e-06_AUG_4_C0702_2.pt,epitope,C0702+epitope
ESMMASK_HLA_FT_15_0.0001_5e-05_AUG_1_A0101_1_per_token_metrics.csv,A0101,2.288392310292891,/global/scratch/users/sergiomar10/models/ESMC_Pretrain/HLAA0101/ESMMASK_HLA_FT_15_0.0001_5e-05_AUG_1_A0101_1.pt,HLA,A0101+HLA
ESMMASK_epitope_FT_20_0.0001_5e-05_AUG_3_A1102_1_per_token_metrics.csv,A1102,2.289859003083867,/global/scratch/users/sergiomar10/models/ESMC_Pretrain/HLAA1102/ESMMASK_epitope_FT_20_0.0001_5e-05_AUG_3_A1102_1.pt,epitope,A1102+epitope
ESMMASK_epitope_FT_20_0.0001_5e-05_AUG_4_B3501_2_per_token_metrics.csv,B3501,2.2924349086377065,/global/scratch/users/sergiomar10/models/ESMC_Pretrain/HLAB3501/ESMMASK_epitope_FT_20_0.0001_5e-05_AUG_4_B3501_2.pt,epitope,B3501+epitope
ESMMASK_epitope_FT_15_0.001_1e-06_AUG_3_C1402_2_per_token_metrics.csv,C1402,2.2953326772564937,/global/scratch/users/sergiomar10/models/ESMC_Pretrain/HLAC1402/ESMMASK_epitope_FT_15_0.001_1e-06_AUG_3_C1402_2.pt,epitope,C1402+epitope
ESMMASK_HLA_FT_15_0.0001_5e-05_AUG_3_A6801_2_per_token_metrics.csv,A6801,2.2959408233848846,/global/scratch/users/sergiomar10/models/ESMC_Pretrain/HLAA6801/ESMMASK_HLA_FT_15_0.0001_5e-05_AUG_3_A6801_2.pt,HLA,A6801+HLA
ESMMASK_epitope_FT_20_0.0001_5e-05_AUG_4_B5801_1_per_token_metrics.csv,B5801,2.2968072439276264,/global/scratch/users/sergiomar10/models/ESMC_Pretrain/HLAB5801/ESMMASK_epitope_FT_20_0.0001_5e-05_AUG_4_B5801_1.pt,epitope,B5801+epitope
ESMMASK_epitope_FT_20_0.0001_5e-05_AUG_3_B1502_1_per_token_metrics.csv,B1502,2.297873311239986,/global/scratch/users/sergiomar10/models/ESMC_Pretrain/HLAB1502/ESMMASK_epitope_FT_20_0.0001_5e-05_AUG_3_B1502_1.pt,epitope,B1502+epitope
ESMMASK_epitope_FT_20_0.001_5e-05_AUG_1_A3303_1_per_token_metrics.csv,A3303,2.3002187203377042,/global/scratch/users/sergiomar10/models/ESMC_Pretrain/HLAA3303/ESMMASK_epitope_FT_20_0.001_5e-05_AUG_1_A3303_1.pt,epitope,A3303+epitope
ESMMASK_epitope_FT_25_0.001_5e-05_AUG_4_B4601_1_per_token_metrics.csv,B4601,2.301490211381487,/global/scratch/users/sergiomar10/models/ESMC_Pretrain/HLAB4601/ESMMASK_epitope_FT_25_0.001_5e-05_AUG_4_B4601_1.pt,epitope,B4601+epitope
ESMMASK_epitope_FT_25_0.0001_1e-06_AUG_4_A0217_1_per_token_metrics.csv,A0217,2.3022460633039694,/global/scratch/users/sergiomar10/models/ESMC_Pretrain/HLAA0217/ESMMASK_epitope_FT_25_0.0001_1e-06_AUG_4_A0217_1.pt,epitope,A0217+epitope
ESMMASK_epitope_FT_20_0.001_1e-05_AUG_4_B3901_1_per_token_metrics.csv,B3901,2.3028221535627393,/global/scratch/users/sergiomar10/models/ESMC_Pretrain/HLAB3901/ESMMASK_epitope_FT_20_0.001_1e-05_AUG_4_B3901_1.pt,epitope,B3901+epitope
ESMMASK_HLA_FT_15_0.0001_1e-05_AUG_3_B2703_2_per_token_metrics.csv,B2703,2.304445799313933,/global/scratch/users/sergiomar10/models/ESMC_Pretrain/HLAB2703/ESMMASK_HLA_FT_15_0.0001_1e-05_AUG_3_B2703_2.pt,HLA,B2703+HLA
ESMMASK_HLA_FT_15_0.001_1e-05_AUG_4_A0211_1_per_token_metrics.csv,A0211,2.30581357038544,/global/scratch/users/sergiomar10/models/ESMC_Pretrain/HLAA0211/ESMMASK_HLA_FT_15_0.001_1e-05_AUG_4_A0211_1.pt,HLA,A0211+HLA
ESMMASK_HLA_FT_15_0.0001_1e-06_AUG_1_A0206_1_per_token_metrics.csv,A0206,2.3107263620749205,/global/scratch/users/sergiomar10/models/ESMC_Pretrain/HLAA0206/ESMMASK_HLA_FT_15_0.0001_1e-06_AUG_1_A0206_1.pt,HLA,A0206+HLA
ESMMASK_HLA_FT_20_0.001_1e-06_AUG_4_B1503_2_per_token_metrics.csv,B1503,2.3120402260792017,/global/scratch/users/sergiomar10/models/ESMC_Pretrain/HLAB1503/ESMMASK_HLA_FT_20_0.001_1e-06_AUG_4_B1503_2.pt,HLA,B1503+HLA
ESMMASK_HLA_FT_25_0.0001_1e-05_AUG_3_A6802_2_per_token_metrics.csv,A6802,2.3188166548109854,/global/scratch/users/sergiomar10/models/ESMC_Pretrain/HLAA6802/ESMMASK_HLA_FT_25_0.0001_1e-05_AUG_3_A6802_2.pt,HLA,A6802+HLA
ESMMASK_epitope_FT_20_0.001_1e-05_AUG_4_C0102_1_per_token_metrics.csv,C0102,2.3209110919078477,/global/scratch/users/sergiomar10/models/ESMC_Pretrain/HLAC0102/ESMMASK_epitope_FT_20_0.001_1e-05_AUG_4_C0102_1.pt,epitope,C0102+epitope
ESMMASK_epitope_FT_15_0.001_1e-05_AUG_3_C0602_1_per_token_metrics.csv,C0602,2.324746462092834,/global/scratch/users/sergiomar10/models/ESMC_Pretrain/HLAC0602/ESMMASK_epitope_FT_15_0.001_1e-05_AUG_3_C0602_1.pt,epitope,C0602+epitope
ESMMASK_HLA_FT_15_0.0001_5e-05_AUG_1_B3701_2_per_token_metrics.csv,B3701,2.331981618579564,/global/scratch/users/sergiomar10/models/ESMC_Pretrain/HLAB3701/ESMMASK_HLA_FT_15_0.0001_5e-05_AUG_1_B3701_2.pt,HLA,B3701+HLA
ESMMASK_epitope_FT_15_0.0001_1e-05_AUG_4_A0205_1_per_token_metrics.csv,A0205,2.3330038139875344,/global/scratch/users/sergiomar10/models/ESMC_Pretrain/HLAA0205/ESMMASK_epitope_FT_15_0.0001_1e-05_AUG_4_A0205_1.pt,epitope,A0205+epitope
ESMMASK_HLA_FT_15_0.001_5e-05_AUG_1_A2402_2_per_token_metrics.csv,A2402,2.3341709819629677,/global/scratch/users/sergiomar10/models/ESMC_Pretrain/HLAA2402/ESMMASK_HLA_FT_15_0.001_5e-05_AUG_1_A2402_2.pt,HLA,A2402+HLA
ESMMASK_epitope_FT_25_0.001_5e-05_AUG_4_B1801_2_per_token_metrics.csv,B1801,2.3367448628664502,/global/scratch/users/sergiomar10/models/ESMC_Pretrain/HLAB1801/ESMMASK_epitope_FT_25_0.001_5e-05_AUG_4_B1801_2.pt,epitope,B1801+epitope
ESMMASK_HLA_FT_15_0.001_1e-05_AUG_3_A3001_2_per_token_metrics.csv,A3001,2.33952247703647,/global/scratch/users/sergiomar10/models/ESMC_Pretrain/HLAA3001/ESMMASK_HLA_FT_15_0.001_1e-05_AUG_3_A3001_2.pt,HLA,A3001+HLA
ESMMASK_epitope_FT_25_0.001_1e-06_AUG_4_A6802_1_per_token_metrics.csv,A6802,2.3419033399323634,/global/scratch/users/sergiomar10/models/ESMC_Pretrain/HLAA6802/ESMMASK_epitope_FT_25_0.001_1e-06_AUG_4_A6802_1.pt,epitope,A6802+epitope
ESMMASK_HLA_FT_20_0.0001_1e-06_AUG_3_B5201_2_per_token_metrics.csv,B5201,2.342366152930614,/global/scratch/users/sergiomar10/models/ESMC_Pretrain/HLAB5201/ESMMASK_HLA_FT_20_0.0001_1e-06_AUG_3_B5201_2.pt,HLA,B5201+HLA
ESMMASK_HLA_FT_15_0.001_5e-05_AUG_3_A3002_1_per_token_metrics.csv,A3002,2.359184979752033,/global/scratch/users/sergiomar10/models/ESMC_Pretrain/HLAA3002/ESMMASK_HLA_FT_15_0.001_5e-05_AUG_3_A3002_1.pt,HLA,A3002+HLA
ESMMASK_epitope_FT_15_0.001_1e-06_AUG_3_C0701_1_per_token_metrics.csv,C0701,2.367967041194888,/global/scratch/users/sergiomar10/models/ESMC_Pretrain/HLAC0701/ESMMASK_epitope_FT_15_0.001_1e-06_AUG_3_C0701_1.pt,epitope,C0701+epitope
ESMMASK_epitope_FT_20_0.0001_1e-05_AUG_4_A3101_2_per_token_metrics.csv,A3101,2.3994312367377018,/global/scratch/users/sergiomar10/models/ESMC_Pretrain/HLAA3101/ESMMASK_epitope_FT_20_0.0001_1e-05_AUG_4_A3101_2.pt,epitope,A3101+epitope
ESMMASK_HLA_FT_15_0.001_1e-05_AUG_1_B1502_1_per_token_metrics.csv,B1502,2.4046585767286794,/global/scratch/users/sergiomar10/models/ESMC_Pretrain/HLAB1502/ESMMASK_HLA_FT_15_0.001_1e-05_AUG_1_B1502_1.pt,HLA,B1502+HLA
ESMMASK_HLA_FT_15_0.001_1e-06_AUG_3_C0102_2_per_token_metrics.csv,C0102,2.413532669607458,/global/scratch/users/sergiomar10/models/ESMC_Pretrain/HLAC0102/ESMMASK_HLA_FT_15_0.001_1e-06_AUG_3_C0102_2.pt,HLA,C0102+HLA
ESMMASK_epitope_FT_15_0.001_1e-05_AUG_4_B1503_2_per_token_metrics.csv,B1503,2.4186499603127505,/global/scratch/users/sergiomar10/models/ESMC_Pretrain/HLAB1503/ESMMASK_epitope_FT_15_0.001_1e-05_AUG_4_B1503_2.pt,epitope,B1503+epitope
ESMMASK_epitope_FT_15_0.001_1e-05_AUG_4_B5802_2_per_token_metrics.csv,B5802,2.4214701105125105,/global/scratch/users/sergiomar10/models/ESMC_Pretrain/HLAB5802/ESMMASK_epitope_FT_15_0.001_1e-05_AUG_4_B5802_2.pt,epitope,B5802+epitope
ESMMASK_HLA_FT_25_0.0001_1e-05_AUG_1_C0702_2_per_token_metrics.csv,C0702,2.434326183802791,/global/scratch/users/sergiomar10/models/ESMC_Pretrain/HLAC0702/ESMMASK_HLA_FT_25_0.0001_1e-05_AUG_1_C0702_2.pt,HLA,C0702+HLA
ESMMASK_HLA_FT_20_0.001_5e-05_AUG_1_B5801_1_per_token_metrics.csv,B5801,2.4386103494682385,/global/scratch/users/sergiomar10/models/ESMC_Pretrain/HLAB5801/ESMMASK_HLA_FT_20_0.001_5e-05_AUG_1_B5801_1.pt,HLA,B5801+HLA
ESMMASK_epitope_FT_15_0.0001_5e-05_AUG_3_B2703_2_per_token_metrics.csv,B2703,2.4769873307110983,/global/scratch/users/sergiomar10/models/ESMC_Pretrain/HLAB2703/ESMMASK_epitope_FT_15_0.0001_5e-05_AUG_3_B2703_2.pt,epitope,B2703+epitope
ESMMASK_HLA_FT_20_0.001_1e-05_AUG_4_B5401_2_per_token_metrics.csv,B5401,2.477609340502816,/global/scratch/users/sergiomar10/models/ESMC_Pretrain/HLAB5401/ESMMASK_HLA_FT_20_0.001_1e-05_AUG_4_B5401_2.pt,HLA,B5401+HLA
ESMMASK_epitope_FT_25_0.0001_1e-05_AUG_4_B5301_2_per_token_metrics.csv,B5301,2.5142804804538383,/global/scratch/users/sergiomar10/models/ESMC_Pretrain/HLAB5301/ESMMASK_epitope_FT_25_0.0001_1e-05_AUG_4_B5301_2.pt,epitope,B5301+epitope
ESMMASK_epitope_FT_20_0.0001_1e-06_AUG_3_A3002_2_per_token_metrics.csv,A3002,2.516567584338724,/global/scratch/users/sergiomar10/models/ESMC_Pretrain/HLAA3002/ESMMASK_epitope_FT_20_0.0001_1e-06_AUG_3_A3002_2.pt,epitope,A3002+epitope
ESMMASK_epitope_FT_15_0.001_1e-06_AUG_1_B1402_1_per_token_metrics.csv,B1402,2.519466730081491,/global/scratch/users/sergiomar10/models/ESMC_Pretrain/HLAB1402/ESMMASK_epitope_FT_15_0.001_1e-06_AUG_1_B1402_1.pt,epitope,B1402+epitope
ESMMASK_epitope_FT_25_0.0001_1e-06_AUG_1_B3508_2_per_token_metrics.csv,B3508,2.530276564537503,/global/scratch/users/sergiomar10/models/ESMC_Pretrain/HLAB3508/ESMMASK_epitope_FT_25_0.0001_1e-06_AUG_1_B3508_2.pt,epitope,B3508+epitope
ESMMASK_HLA_FT_25_0.0001_1e-05_AUG_1_B2706_2_per_token_metrics.csv,B2706,2.5361220778121214,/global/scratch/users/sergiomar10/models/ESMC_Pretrain/HLAB2706/ESMMASK_HLA_FT_25_0.0001_1e-05_AUG_1_B2706_2.pt,HLA,B2706+HLA
ESMMASK_epitope_FT_15_0.001_1e-05_AUG_3_B3701_1_per_token_metrics.csv,B3701,2.5497530277249965,/global/scratch/users/sergiomar10/models/ESMC_Pretrain/HLAB3701/ESMMASK_epitope_FT_15_0.001_1e-05_AUG_3_B3701_1.pt,epitope,B3701+epitope
ESMMASK_HLA_FT_20_0.0001_5e-05_AUG_3_A2403_2_per_token_metrics.csv,A2403,2.562752035493267,/global/scratch/users/sergiomar10/models/ESMC_Pretrain/HLAA2403/ESMMASK_HLA_FT_20_0.0001_5e-05_AUG_3_A2403_2.pt,HLA,A2403+HLA
ESMMASK_epitope_FT_15_0.0001_1e-06_AUG_3_A0207_2_per_token_metrics.csv,A0207,2.5667802456149245,/global/scratch/users/sergiomar10/models/ESMC_Pretrain/HLAA0207/ESMMASK_epitope_FT_15_0.0001_1e-06_AUG_3_A0207_2.pt,epitope,A0207+epitope
ESMMASK_epitope_FT_15_0.001_1e-06_AUG_3_B5401_2_per_token_metrics.csv,B5401,2.5715324410051275,/global/scratch/users/sergiomar10/models/ESMC_Pretrain/HLAB5401/ESMMASK_epitope_FT_15_0.001_1e-06_AUG_3_B5401_2.pt,epitope,B5401+epitope
ESMMASK_HLA_FT_25_0.0001_5e-05_AUG_1_A2601_1_per_token_metrics.csv,A2601,2.607240688639299,/global/scratch/users/sergiomar10/models/ESMC_Pretrain/HLAA2601/ESMMASK_HLA_FT_25_0.0001_5e-05_AUG_1_A2601_1.pt,HLA,A2601+HLA
ESMMASK_epitope_FT_25_0.0001_1e-05_AUG_4_B2706_1_per_token_metrics.csv,B2706,2.6214367001839673,/global/scratch/users/sergiomar10/models/ESMC_Pretrain/HLAB2706/ESMMASK_epitope_FT_25_0.0001_1e-05_AUG_4_B2706_1.pt,epitope,B2706+epitope
ESMMASK_HLA_FT_25_0.0001_1e-05_AUG_1_A6901_2_per_token_metrics.csv,A6901,2.632336920411991,/global/scratch/users/sergiomar10/models/ESMC_Pretrain/HLAA6901/ESMMASK_HLA_FT_25_0.0001_1e-05_AUG_1_A6901_2.pt,HLA,A6901+HLA
ESMMASK_epitope_FT_25_0.001_1e-06_AUG_3_B1517_2_per_token_metrics.csv,B1517,2.653711727192727,/global/scratch/users/sergiomar10/models/ESMC_Pretrain/HLAB1517/ESMMASK_epitope_FT_25_0.001_1e-06_AUG_3_B1517_2.pt,epitope,B1517+epitope
ESMMASK_HLA_FT_25_0.0001_5e-05_AUG_1_A1102_1_per_token_metrics.csv,A1102,2.654858105427418,/global/scratch/users/sergiomar10/models/ESMC_Pretrain/HLAA1102/ESMMASK_HLA_FT_25_0.0001_5e-05_AUG_1_A1102_1.pt,HLA,A1102+HLA
ESMMASK_epitope_FT_25_0.001_1e-06_AUG_1_C1502_2_per_token_metrics.csv,C1502,2.8388188906727083,/global/scratch/users/sergiomar10/models/ESMC_Pretrain/HLAC1502/ESMMASK_epitope_FT_25_0.001_1e-06_AUG_1_C1502_2.pt,epitope,C1502+epitope
ESMMASK_HLA_FT_25_0.0001_5e-05_AUG_3_B4801_2_per_token_metrics.csv,B4801,2.9192210997345684,/global/scratch/users/sergiomar10/models/ESMC_Pretrain/HLAB4801/ESMMASK_HLA_FT_25_0.0001_5e-05_AUG_3_B4801_2.pt,HLA,B4801+HLA
ESMMASK_HLA_FT_15_0.0001_5e-05_AUG_3_B8301_2_per_token_metrics.csv,B8301,2.9608405985660395,/global/scratch/users/sergiomar10/models/ESMC_Pretrain/HLAB8301/ESMMASK_HLA_FT_15_0.0001_5e-05_AUG_3_B8301_2.pt,HLA,B8301+HLA
ESMMASK_HLA_FT_15_0.0001_1e-05_AUG_3_A8001_2_per_token_metrics.csv,A8001,3.004238827578555,/global/scratch/users/sergiomar10/models/ESMC_Pretrain/HLAA8001/ESMMASK_HLA_FT_15_0.0001_1e-05_AUG_3_A8001_2.pt,HLA,A8001+HLA
ESMMASK_HLA_FT_20_0.0001_1e-05_AUG_3_A2602_1_per_token_metrics.csv,A2602,3.0110544432044173,/global/scratch/users/sergiomar10/models/ESMC_Pretrain/HLAA2602/ESMMASK_HLA_FT_20_0.0001_1e-05_AUG_3_A2602_1.pt,HLA,A2602+HLA
ESMMASK_epitope_FT_25_0.001_1e-05_AUG_1_B5501_1_per_token_metrics.csv,B5501,3.358621489854859,/global/scratch/users/sergiomar10/models/ESMC_Pretrain/HLAB5501/ESMMASK_epitope_FT_25_0.001_1e-05_AUG_1_B5501_1.pt,epitope,B5501+epitope
ESMMASK_HLA_FT_25_0.0001_5e-05_AUG_1_A0212_1_per_token_metrics.csv,A0212,3.3915339451972293,/global/scratch/users/sergiomar10/models/ESMC_Pretrain/HLAA0212/ESMMASK_HLA_FT_25_0.0001_5e-05_AUG_1_A0212_1.pt,HLA,A0212+HLA
ESMMASK_epitope_FT_20_0.0001_1e-05_AUG_3_A2403_2_per_token_metrics.csv,A2403,3.4075144793761503,/global/scratch/users/sergiomar10/models/ESMC_Pretrain/HLAA2403/ESMMASK_epitope_FT_20_0.0001_1e-05_AUG_3_A2403_2.pt,epitope,A2403+epitope
ESMMASK_epitope_FT_25_0.0001_5e-05_AUG_4_B1542_2_per_token_metrics.csv,B1542,3.4567494505292014,/global/scratch/users/sergiomar10/models/ESMC_Pretrain/HLAB1542/ESMMASK_epitope_FT_25_0.0001_5e-05_AUG_4_B1542_2.pt,epitope,B1542+epitope
ESMMASK_HLA_FT_25_0.0001_1e-05_AUG_1_B1509_2_per_token_metrics.csv,B1509,3.4610998611010473,/global/scratch/users/sergiomar10/models/ESMC_Pretrain/HLAB1509/ESMMASK_HLA_FT_25_0.0001_1e-05_AUG_1_B1509_2.pt,HLA,B1509+HLA
ESMMASK_epitope_FT_25_0.001_5e-05_AUG_3_B7301_1_per_token_metrics.csv,B7301,3.526825144107379,/global/scratch/users/sergiomar10/models/ESMC_Pretrain/HLAB7301/ESMMASK_epitope_FT_25_0.001_5e-05_AUG_3_B7301_1.pt,epitope,B7301+epitope
ESMMASK_HLA_FT_25_0.0001_5e-05_AUG_4_B4013_2_per_token_metrics.csv,B4013,3.7564457887783647,/global/scratch/users/sergiomar10/models/ESMC_Pretrain/HLAB4013/ESMMASK_HLA_FT_25_0.0001_5e-05_AUG_4_B4013_2.pt,HLA,B4013+HLA
ESMMASK_HLA_FT_25_0.0001_1e-06_AUG_3_A3207_1_per_token_metrics.csv,A3207,3.8102967659456226,/global/scratch/users/sergiomar10/models/ESMC_Pretrain/HLAA3207/ESMMASK_HLA_FT_25_0.0001_1e-06_AUG_3_A3207_1.pt,HLA,A3207+HLA
ESMMASK_epitope_FT_20_0.0001_5e-05_AUG_4_B8301_2_per_token_metrics.csv,B8301,3.954608741223078,/global/scratch/users/sergiomar10/models/ESMC_Pretrain/HLAB8301/ESMMASK_epitope_FT_20_0.0001_5e-05_AUG_4_B8301_2.pt,epitope,B8301+epitope
ESMMASK_HLA_FT_15_0.001_5e-05_AUG_4_B3909_1_per_token_metrics.csv,B3909,4.047465244928996,/global/scratch/users/sergiomar10/models/ESMC_Pretrain/HLAB3909/ESMMASK_HLA_FT_15_0.001_5e-05_AUG_4_B3909_1.pt,HLA,B3909+HLA
ESMMASK_epitope_FT_20_0.0001_1e-05_AUG_4_B1509_2_per_token_metrics.csv,B1509,4.357894048524372,/global/scratch/users/sergiomar10/models/ESMC_Pretrain/HLAB1509/ESMMASK_epitope_FT_20_0.0001_1e-05_AUG_4_B1509_2.pt,epitope,B1509+epitope
ESMMASK_HLA_FT_15_0.0001_1e-05_AUG_1_A0216_2_per_token_metrics.csv,A0216,4.381263436601584,/global/scratch/users/sergiomar10/models/ESMC_Pretrain/HLAA0216/ESMMASK_HLA_FT_15_0.0001_1e-05_AUG_1_A0216_2.pt,HLA,A0216+HLA
ESMMASK_epitope_FT_25_0.001_5e-05_AUG_1_B2704_2_per_token_metrics.csv,B2704,4.528110390676088,/global/scratch/users/sergiomar10/models/ESMC_Pretrain/HLAB2704/ESMMASK_epitope_FT_25_0.001_5e-05_AUG_1_B2704_2.pt,epitope,B2704+epitope
ESMMASK_HLA_FT_20_0.0001_5e-05_AUG_1_B7301_2_per_token_metrics.csv,B7301,4.563190219592068,/global/scratch/users/sergiomar10/models/ESMC_Pretrain/HLAB7301/ESMMASK_HLA_FT_20_0.0001_5e-05_AUG_1_B7301_2.pt,HLA,B7301+HLA
ESMMASK_epitope_FT_25_0.0001_5e-05_AUG_4_A0219_2_per_token_metrics.csv,A0219,4.639488134031386,/global/scratch/users/sergiomar10/models/ESMC_Pretrain/HLAA0219/ESMMASK_epitope_FT_25_0.0001_5e-05_AUG_4_A0219_2.pt,epitope,A0219+epitope
ESMMASK_HLA_FT_20_1e-05_1e-05_AUG_3_B1402_2_per_token_metrics.csv,B1402,4.853026571630496,/global/scratch/users/sergiomar10/models/ESMC_Pretrain/HLAB1402/ESMMASK_HLA_FT_20_1e-05_1e-05_AUG_3_B1402_2.pt,HLA,B1402+HLA
ESMMASK_epitope_FT_25_0.0001_5e-05_AUG_3_B4013_2_per_token_metrics.csv,B4013,4.910968987643718,/global/scratch/users/sergiomar10/models/ESMC_Pretrain/HLAB4013/ESMMASK_epitope_FT_25_0.0001_5e-05_AUG_3_B4013_2.pt,epitope,B4013+epitope
ESMMASK_HLA_FT_20_0.0001_1e-05_AUG_4_B3906_1_per_token_metrics.csv,B3906,5.204704817384481,/global/scratch/users/sergiomar10/models/ESMC_Pretrain/HLAB3906/ESMMASK_HLA_FT_20_0.0001_1e-05_AUG_4_B3906_1.pt,HLA,B3906+HLA
ESMMASK_HLA_FT_25_0.0001_5e-05_AUG_1_B2720_1_per_token_metrics.csv,B2720,5.9439244182283595,/global/scratch/users/sergiomar10/models/ESMC_Pretrain/HLAB2720/ESMMASK_HLA_FT_25_0.0001_5e-05_AUG_1_B2720_1.pt,HLA,B2720+HLA
ESMMASK_epitope_FT_15_0.0001_5e-05_AUG_4_B0802_2_per_token_metrics.csv,B0802,5.985718369483948,/global/scratch/users/sergiomar10/models/ESMC_Pretrain/HLAB0802/ESMMASK_epitope_FT_15_0.0001_5e-05_AUG_4_B0802_2.pt,epitope,B0802+epitope
ESMMASK_epitope_FT_15_0.001_1e-05_AUG_3_A8001_2_per_token_metrics.csv,A8001,5.9971540581721525,/global/scratch/users/sergiomar10/models/ESMC_Pretrain/HLAA8001/ESMMASK_epitope_FT_15_0.001_1e-05_AUG_3_A8001_2.pt,epitope,A8001+epitope
ESMMASK_epitope_FT_20_0.001_5e-05_AUG_4_A3207_2_per_token_metrics.csv,A3207,6.047333697477977,/global/scratch/users/sergiomar10/models/ESMC_Pretrain/HLAA3207/ESMMASK_epitope_FT_20_0.001_5e-05_AUG_4_A3207_2.pt,epitope,A3207+epitope
ESMMASK_HLA_FT_20_0.001_5e-05_AUG_4_B0802_2_per_token_metrics.csv,B0802,6.146679774021929,/global/scratch/users/sergiomar10/models/ESMC_Pretrain/HLAB0802/ESMMASK_HLA_FT_20_0.001_5e-05_AUG_4_B0802_2.pt,HLA,B0802+HLA
ESMMASK_epitope_FT_20_0.001_1e-05_AUG_4_A2602_2_per_token_metrics.csv,A2602,6.295395538509845,/global/scratch/users/sergiomar10/models/ESMC_Pretrain/HLAA2602/ESMMASK_epitope_FT_20_0.001_1e-05_AUG_4_A2602_2.pt,epitope,A2602+epitope
ESMMASK_epitope_FT_15_0.001_1e-06_AUG_4_B3909_2_per_token_metrics.csv,B3909,6.403128941853841,/global/scratch/users/sergiomar10/models/ESMC_Pretrain/HLAB3909/ESMMASK_epitope_FT_15_0.001_1e-06_AUG_4_B3909_2.pt,epitope,B3909+epitope
ESMMASK_epitope_FT_25_0.0001_5e-05_AUG_3_B4801_1_per_token_metrics.csv,B4801,6.648943650977392,/global/scratch/users/sergiomar10/models/ESMC_Pretrain/HLAB4801/ESMMASK_epitope_FT_25_0.0001_5e-05_AUG_3_B4801_1.pt,epitope,B4801+epitope
ESMMASK_HLA_FT_25_0.0001_1e-06_AUG_3_A2603_1_per_token_metrics.csv,A2603,7.449240206967806,/global/scratch/users/sergiomar10/models/ESMC_Pretrain/HLAA2603/ESMMASK_HLA_FT_25_0.0001_1e-06_AUG_3_A2603_1.pt,HLA,A2603+HLA
ESMMASK_HLA_FT_15_0.0001_1e-06_AUG_4_A6812_1_per_token_metrics.csv,A6812,7.636138041817958,/global/scratch/users/sergiomar10/models/ESMC_Pretrain/HLAA6812/ESMMASK_HLA_FT_15_0.0001_1e-06_AUG_4_A6812_1.pt,HLA,A6812+HLA
ESMMASK_epitope_FT_25_0.0001_1e-05_AUG_4_B2720_1_per_token_metrics.csv,B2720,8.073927919429384,/global/scratch/users/sergiomar10/models/ESMC_Pretrain/HLAB2720/ESMMASK_epitope_FT_25_0.0001_1e-05_AUG_4_B2720_1.pt,epitope,B2720+epitope
ESMMASK_epitope_FT_15_0.001_1e-06_AUG_3_A0216_2_per_token_metrics.csv,A0216,8.31285977512598,/global/scratch/users/sergiomar10/models/ESMC_Pretrain/HLAA0216/ESMMASK_epitope_FT_15_0.001_1e-06_AUG_3_A0216_2.pt,epitope,A0216+epitope
ESMMASK_epitope_FT_15_1e-05_5e-05_AUG_4_C0801_2_per_token_metrics.csv,C0801,10.071963466531868,/global/scratch/users/sergiomar10/models/ESMC_Pretrain/HLAC0801/ESMMASK_epitope_FT_15_1e-05_5e-05_AUG_4_C0801_2.pt,epitope,C0801+epitope
ESMMASK_epitope_FT_20_1e-05_5e-05_AUG_4_A6901_2_per_token_metrics.csv,A6901,12.159409932993002,/global/scratch/users/sergiomar10/models/ESMC_Pretrain/HLAA6901/ESMMASK_epitope_FT_20_1e-05_5e-05_AUG_4_A6901_2.pt,epitope,A6901+epitope
ESMMASK_epitope_FT_15_1e-05_1e-06_AUG_4_A0212_2_per_token_metrics.csv,A0212,inf,/global/scratch/users/sergiomar10/models/ESMC_Pretrain/HLAA0212/ESMMASK_epitope_FT_15_1e-05_1e-06_AUG_4_A0212_2.pt,epitope,A0212+epitope
