allele,peptide,mhcflurry_affinity,mhcflurry_affinity_percentile,mhcflurry_processing_score,mhcflurry_presentation_score,mhcflurry_presentation_percentile
HLA-A2403,RYPAIAGGI,61.044797687814054,0.0935,0.13735372060909867,0.6934005556670726,0.44913043478260306
HLA-A2403,YYKDDISYF,25.464401319305797,0.003375,0.8291289806365967,0.9839036588858429,0.0045108695652231745
HLA-A2403,LLQEKYGLI,10903.902148229066,2.3897499999999985,0.04293028451502323,0.010407736919951924,22.19230978260869
HLA-A2403,LLQEKYGLI,10903.902148229066,2.3897499999999985,0.04293028451502323,0.010407736919951924,22.19230978260869
HLA-A2403,GYLEGTRTL,39.848504541399166,0.03725,0.6546558029949665,0.9552401825566235,0.03964673913044692
HLA-A2403,FVHSGFIYF,735.6372965777355,0.5312499999999988,0.6175230294466019,0.5242667009217409,0.7702173913042003
HLA-A2403,RSFAERLDR,26374.574341013325,13.87225,0.1415925775654614,0.006282779482755634,37.35904891304347
HLA-A2403,VALWNDGTV,22341.26589626066,7.500124999999999,0.008149771951138973,0.004611557117387428,62.74467391304348
HLA-A2403,YIFWIRTPR,22776.440302519164,8.001624999999999,0.5820880271494389,0.033483737667212576,7.348016304347794
HLA-A2403,GMRDVSFEL,8103.314568246006,1.8339999999999992,0.3310544788837433,0.03743559349504896,6.63130434782606
HLA-A2403,KYFDDVTAF,21.86815887367079,0.00075,0.8954566940665245,0.9889640556574228,0.0016847826086774376
HLA-A2403,TVNVILRPK,23559.928691593832,8.88375,0.3417380331084132,0.014120876726007724,16.15755434782608
HLA-A2403,ATQPVHWFL,4122.625205262427,1.1938749999999982,0.539297915995121,0.13543171161750212,2.378505434782525
HLA-A2403,SLPPNFSSL,141.06774774885983,0.2258749999999998,0.38417090848088264,0.7059303671703298,0.42766304347823336
HLA-A2403,ATQPVHWFL,4122.625205262427,1.1938749999999982,0.539297915995121,0.13543171161750212,2.378505434782525
HLA-A2403,RFTPVKHEL,48.71718740788425,0.0625,0.4904967211186886,0.9075973681172476,0.109809782608707
HLA-A2403,GLKRGGVLL,15393.788449834698,3.607999999999999,0.08461395325139165,0.008643847691900998,27.61739130434782
HLA-A2403,RTLNELWFL,2103.9956396256484,0.8447499999999978,0.33719381131231785,0.1283697417861224,2.4632608695651186
HLA-A2403,YYTEDQGQF,36.84954083411649,0.029375,0.35676424857228994,0.8892076911895774,0.13834239130436288
HLA-A2403,RLRQLPKKK,25406.403244385074,11.912125,0.099964854773134,0.0056266604836385,46.224673913043475
HLA-A2403,CYMHVSDYY,277.5711487588609,0.3364999999999992,0.6970034316182137,0.7900279879935832,0.2925271739130011
HLA-A2403,MSDIFHALV,13854.95051439164,3.120249999999998,0.21012876275926828,0.014834793121672733,16.15755434782608
HLA-A2403,VFSPFGYSF,26.15984044580188,0.004125,0.8439892083406448,0.9843165463202076,0.003722826086956843
HLA-A2403,VMGGNAAEA,23961.789142910173,9.590125,0.0027940810468862765,0.004229067978735834,62.74467391304348
HLA-A2403,GLFVYLIRY,23082.82759883119,8.277499999999998,0.354112159460783,0.015034991669469132,15.160951086956516
HLA-A2403,YWMGGTTYF,27.30981465366035,0.006125,0.3656587777659297,0.9172197817684765,0.09478260869563826
HLA-A2403,QLHAAGVRV,24662.81389942709,10.392749999999998,0.09054980939254165,0.005601773130161629,46.224673913043475
HLA-A2403,QLHAAGVRV,24662.81389942709,10.392749999999998,0.09286023722961545,0.005647493350352564,46.224673913043475
HLA-A2403,MYMALIAAF,26.908648577484048,0.00525,0.7384272841736674,0.9767615811997389,0.012092391304364014
HLA-A2403,AVYSSSMVK,25590.456364052705,12.51075,0.7816993445158005,0.05899236471247771,4.454592391304317
HLA-A2403,RTQAVIYAF,452.9888842433608,0.4278749999999989,0.6163382008671761,0.6373615421772846,0.5470923913043038
HLA-A2403,IAQLNRPAM,16394.219967415804,3.979125,0.49529722332954407,0.033884147174507134,7.348016304347794
HLA-A2403,IAQLNRPAM,16394.219967415804,3.979125,0.49463626742362976,0.03380767584582187,7.348016304347794
HLA-A2403,YYIIETEHL,36.994883468627904,0.029375,0.951065793633461,0.984955227098755,0.003722826086956843
HLA-A2403,APYFATVRL,20932.30447126804,6.29325,0.7128410413861275,0.05635905368219232,4.585733695652138
HLA-A2403,RYPIDPFLL,30.716531872020337,0.01325,0.6236316468566656,0.9609737315376166,0.03154891304349405
HLA-A2403,FYADPKRYF,38.52881135901676,0.033,0.7223632112145424,0.9655411667046176,0.025543478260885877
HLA-A2403,AVYSSSMVK,25590.456364052705,12.51075,0.7721267566084862,0.057140060757049235,4.519266304347795
HLA-A2403,LMAEDLANV,11421.258728227927,2.4908749999999986,0.4729723148047924,0.04401436065089632,5.788070652173886
HLA-A2403,LMAEDLANV,11421.258728227927,2.4908749999999986,0.480941291898489,0.04521610665768265,5.554945652173885
HLA-A2403,YFHAELNYL,177.24360063275415,0.2657499999999995,0.4031645730137825,0.6728617179697712,0.48445652173910503
HLA-A2403,SYPPPPASF,23.08850907461568,0.001375,0.6709443591535091,0.974627733656331,0.014157608695683166
HLA-A2403,SYPPPPASF,23.08850907461568,0.001375,0.6751487664878368,0.9749930028459256,0.013097826086976738
HLA-A2403,KYDDRIQSQ,7344.415011117541,1.7114999999999991,0.02652254974236712,0.014358702156326225,16.15755434782608
HLA-A2403,PLRNDGNRF,16646.23945597111,4.047999999999999,0.08338842913508415,0.007982084327518015,31.643179347826077
HLA-A2403,PLRNDGNRF,16646.23945597111,4.047999999999999,0.07879519928246737,0.007854422978059088,31.643179347826077
HLA-A2403,TMKFKGTVD,29453.041209992687,30.271625,0.004691194713814184,0.0034868998938470206,99.28660326086957
HLA-A2403,TMKFKGTVD,29453.041209992687,30.271625,0.004691194713814184,0.0034868998938470206,99.28660326086957
HLA-A2403,RYPGVMYAF,22.93673024247526,0.001375,0.9139482751488686,0.9891704134128919,0.001385869565197595
HLA-A2403,DYPDDFMDK,11908.983402717518,2.6099999999999985,0.20485437253955752,0.01683227414349915,14.277038043478257
HLA-A2403,DYPDDFMDK,11908.983402717518,2.6099999999999985,0.20485437253955752,0.01683227414349915,14.277038043478257
HLA-A2403,KNDAVYIGY,24198.278354021488,9.590125,0.6734107434749603,0.04317550087002435,5.788070652173886
HLA-A2403,KFHQIEKEF,68.6897657992979,0.11175,0.20533079048618674,0.7194964500945841,0.40605978260869335
HLA-A2403,TSCAPMMQK,25565.30159450655,12.51075,0.49442094191908836,0.022204271177117627,10.655842391304333
HLA-A2403,KSRQGDTKV,25923.1002428302,13.161375,0.003600397481932305,0.003930293908242831,99.28660326086957
HLA-A2403,DIVKGLSGY,25724.71147887875,12.51075,0.554337352514267,0.027144474712129375,8.839293478260856
HLA-A2403,DPNFHQAVM,26120.10366834126,13.87225,0.6730437614023685,0.04016059532840269,6.18413043478256
HLA-A2403,MPFDPSELV,20543.465292361285,5.981625,0.23568310867995024,0.011117712083983409,20.2322554347826
HLA-A2403,ELYPTVNTY,18057.37191329939,4.602374999999999,0.7057891674339771,0.0630060582680041,4.213478260869522
HLA-A2403,KTSLSNLLA,27129.99066077932,16.504375,0.029882442788220942,0.004125987034098011,62.74467391304348
HLA-A2403,KQIGGTLFE,26841.43531694771,15.543125,0.18046323116868734,0.007081558689513503,31.643179347826077
HLA-A2403,SMNYPNSYK,22815.613639001833,8.001624999999999,0.5518418904393911,0.030139308502235042,8.01565217391304
HLA-A2403,HPKLRPILL,11950.907165226248,2.6099999999999985,0.6916242651641369,0.0871739156452003,3.2120380434781595
HLA-A2403,TAAIMLASY,26092.548484357078,13.161375,0.07485488383099437,0.005019843194550153,46.224673913043475
HLA-A2403,KLITQPLPA,22805.18049169962,8.001624999999999,0.18345034588128328,0.008373331353862638,27.61739130434782
HLA-A2403,FTFDLTALK,20388.42698823867,5.981625,0.2757742148824036,0.012883637799021328,18.61798913043478
HLA-A2403,LPQYFTFDL,22615.842836068074,7.739124999999999,0.045206835959106684,0.005192571745115458,46.224673913043475
HLA-A2403,FMVYVPLPA,21146.3622378729,6.463374999999999,0.018310944840777665,0.005040368253545645,46.224673913043475
HLA-A2403,DGAEGINPY,24473.957219635024,10.392749999999998,0.02143581589916721,0.004424683512214614,62.74467391304348
HLA-A2403,EVNAHIHTM,14802.147878633568,3.399999999999999,0.8426118716597557,0.11688527431953313,2.631467391304284
HLA-A2403,MFSVYDYGF,74.50475026481391,0.1235000000000001,0.021335528639610857,0.5528101493832228,0.7105706521738
HLA-A2403,LSDLCNFLV,14113.587946859703,3.213999999999998,0.017779466637875885,0.0074330637886765305,31.643179347826077
HLA-A2403,KPGPAKFSL,13766.418417579958,3.0774999999999992,0.43732451274991035,0.03274349883816663,7.558260869565203
HLA-A2403,AKATGRYNL,25431.906821193927,11.912125,0.6767406798899174,0.04169185144340779,6.047907608695624
HLA-A2403,LEFNSSLAI,21108.950430366876,6.463374999999999,0.03203083295375109,0.005298809253826738,46.224673913043475
HLA-A2403,QLSLKMLSL,10737.734540684429,2.3417499999999984,0.1357671527657658,0.014609615144493023,16.15755434782608
HLA-A2403,HTAAPWGSY,21877.96584077361,7.044499999999998,0.5929110199213028,0.03608063476833796,6.792608695652163
HLA-A2403,MVFGRFSFA,20779.09964200973,6.131125,0.2486769938841462,0.011507980895367675,20.2322554347826
HLA-A2403,QAHMGIAGL,20903.668072623805,6.29325,0.0649047177284956,0.006004904898083352,46.224673913043475
HLA-A2403,SVANIDRIK,20811.569415451235,6.29325,0.612993597984314,0.040478756425367364,6.18413043478256
HLA-A2403,KVGFIMLFH,29500.11887297177,30.271625,0.16838432801887393,0.00619601834234098,37.35904891304347
HLA-A2403,HKELAITAL,26509.861784339548,14.672125,0.26783949602395296,0.009738016815518953,24.57923913043477
HLA-A2403,KVIVYCHYY,15393.966899359475,3.607999999999999,0.25851143989712,0.015875654526669142,15.160951086956516
HLA-A2403,WVSRFGERK,27884.665711601112,20.139375,0.013324072671821341,0.0037901501392193816,99.28660326086957
HLA-A2403,EIINNGISY,24351.609478948125,9.973249999999998,0.711105715483427,0.048748104643525074,5.2477717391304
HLA-A2403,CLVSGLSSL,8511.240753069205,1.9174999999999989,0.04435041191754863,0.013267484824499857,17.305597826086952
HLA-A2403,VILYFMYRK,24888.918257654816,10.853875,0.05799690866842866,0.004951526309879326,62.74467391304348
HLA-A2403,KLGEGFKSL,4667.009698765802,1.2866249999999988,0.2044522282667458,0.04073946143795374,6.18413043478256
HLA-A2403,IYQARFMKY,171.7580958572192,0.2597499999999996,0.890024870634079,0.9223181808953506,0.08747282608696594
HLA-A2403,LLFRMILNY,18684.261001500337,5.001624999999999,0.2415210164617747,0.012428746502959971,18.61798913043478
HLA-A2403,MLDPRFVKQ,23618.25689266864,8.88375,0.15678891260176897,0.007372085823111102,31.643179347826077
HLA-A2403,RIQENHGFI,17887.017687149273,4.602374999999999,0.17386070638895035,0.010228761091679256,22.19230978260869
HLA-A2403,RVITAPPYY,20136.328911252567,5.838875,0.3488482888787985,0.016820408631891607,14.277038043478257
HLA-A2403,YYVMGGAFL,68.71765746131247,0.11175,0.4993310011923313,0.8788709610861204,0.15663043478259908
HLA-A2403,SELTVSPPD,28747.695871639193,23.412625,0.01513163436902687,0.0037035079411793475,99.28660326086957
HLA-A2403,DEEAINLFH,29918.621446411464,33.1835,0.38425252959132195,0.013027923802454298,17.305597826086952
HLA-A2403,ELHNGFTGY,24626.072282919948,10.392749999999998,0.5959505215287209,0.03262733771078603,7.558260869565203
HLA-A2403,KGMKIQHFK,20734.061100922427,6.131125,0.04744504884001799,0.00569182213552245,46.224673913043475
HLA-A2403,ALGGSCHTT,24774.769866581988,10.853875,0.0017865106892713811,0.004080243322393605,62.74467391304348
HLA-A2403,FVMPIFEQI,1598.6559150280095,0.7476249999999979,0.7949139326810837,0.4927077354058415,0.8360597826086007
HLA-A2403,KQGDVFYTA,18169.03764038393,4.694999999999999,0.8392866551876068,0.09681697866815345,2.9916847826086155
HLA-A2403,LEMNDAPTA,27754.678445551785,18.76925,0.5131794381886721,0.021914240823354456,11.115788043478247
HLA-A2403,LEACYKRSV,28426.182071903037,21.674125,0.012477733922423795,0.003709175951082391,99.28660326086957
HLA-A2403,AEDLADHHV,22699.295476740117,8.001624999999999,0.6849240586161613,0.04762978882949369,5.346684782608634
HLA-A2403,TTTDGYAHV,18756.61216065602,5.001624999999999,0.03660178743302822,0.006035627955630279,37.35904891304347
HLA-A2403,IFIRTIYYH,22742.356207513323,8.001624999999999,0.16096261492930353,0.007758482517311313,31.643179347826077
HLA-A2403,VIANSTNAT,28193.62969812918,21.674125,0.001953018279891694,0.003602608394568728,99.28660326086957
HLA-A2403,KVGYFQHGA,26803.04230054508,15.543125,0.2786293108947575,0.010006734635433383,24.57923913043477
HLA-A2403,ITAVNRYFK,22406.295610580997,7.500124999999999,0.2963171508163214,0.012644382187333832,18.61798913043478
HLA-A2403,VQPWLMVDV,20719.226793917107,6.131125,0.10104848572518677,0.006877043402382894,37.35904891304347
HLA-A2403,RNNDPTLPY,21958.914592073554,7.267624999999999,0.030388032901100814,0.005071078002743206,46.224673913043475
HLA-A2403,TELPLAYER,25030.77259852973,11.36325,0.5933642908930779,0.03184792350690317,7.778097826086963
HLA-A2403,NLAAQTHLY,20543.40070521361,5.981625,0.8265416994690895,0.08336364289773168,3.326576086956436
HLA-A2403,GLKRGGVLL,15393.788449834698,3.607999999999999,0.08461395325139165,0.008643847691900998,27.61739130434782
HLA-A2403,WQQIGLVEV,22365.057928369602,7.500124999999999,0.134600764606148,0.0071874788189353386,31.643179347826077
HLA-A2403,LSEEIGLDL,21735.960425325426,7.044499999999998,0.08571386057883501,0.006221797779953478,37.35904891304347
HLA-A2403,IQKGMFVVK,23500.73674912737,8.88375,0.383646821603179,0.016380343958903042,14.277038043478257
HLA-A2403,LMQWWSDYV,14580.890489704363,3.352624999999999,0.010417462384793907,0.007019321127594584,31.643179347826077
HLA-A2403,RYGWSGAVF,45.33013655543096,0.05475,0.44240580312907696,0.8988479477871196,0.12418478260872234
HLA-A2403,VVNYDNSTK,24249.844084957425,9.973249999999998,0.039526693246443756,0.0047579063066277415,62.74467391304348
HLA-A2403,SPADERAVA,28831.085447536243,25.4075,0.554600453004241,0.0243905285513363,9.849456521739114
HLA-A2403,IVAWTRTAT,28859.158098829063,25.4075,0.006935574594535865,0.00358458317326431,99.28660326086957
HLA-A2403,QPAGGKAEF,18174.159295112884,4.694999999999999,0.6965725868940353,0.06074983711663145,4.329592391304317
HLA-A2403,IYAYADDYW,117.5134023058194,0.1957499999999999,0.39694921113550663,0.7499537723008198,0.3577445652173594
HLA-A2403,FFSPVIASL,108.86848909382216,0.1843749999999999,0.7814405485987663,0.9264209704259555,0.08222826086955592
HLA-A2403,RTLHPFGCK,21838.21747582057,7.044499999999998,0.5664265379309654,0.03301597304545682,7.558260869565203
HLA-A2403,FGAQMGWPV,18845.69917502573,5.001624999999999,0.01043368437240133,0.005479699504757193,46.224673913043475
HLA-A2403,WYKMWRVSK,19465.83407156909,5.324624999999998,0.011733802472008392,0.005335308955710621,46.224673913043475
HLA-A2403,MIDSDEWVY,17472.05967366403,4.352624999999999,0.24241707590408623,0.01329596790299634,17.305597826086952
HLA-A2403,GLMVAGYFY,21120.046782119418,6.463374999999999,0.34373375214636326,0.01578746708345253,15.160951086956516
HLA-A2403,GLFWGGIWY,21929.220314725215,7.044499999999998,0.4340567970648408,0.02084509623108595,11.6303260869565
HLA-A2403,VMWAGPWSS,22835.807229229304,8.001624999999999,0.16124415141530335,0.0077355206301944176,31.643179347826077
HLA-A2403,LVGNTLTTC,23898.575503439068,9.229,0.000632612117442477,0.004207722077698702,62.74467391304348
HLA-A2403,PHPVVVRTL,5610.329901730532,1.4344999999999992,0.080828289501369,0.022418823582981803,10.655842391304333
HLA-A2403,SFSFGGFTF,31.467675601618467,0.015,0.245124532841146,0.8630713295786016,0.17929347826085973
HLA-A2403,DPRDDLSGM,27083.279726963345,16.504375,0.028350693319225684,0.004110624791350671,62.74467391304348
HLA-A2403,QTSTLYDFY,23686.895333226,9.229,0.5100286724045873,0.025193179224446326,9.494239130434764
HLA-A2403,GYAGTLQSL,57.572622245167736,0.086375,0.1546631446108222,0.7179249610197699,0.40782608695651845
HLA-A2403,VVPLYDTPL,7355.169594595941,1.7227499999999991,0.2689084727317095,0.03315755753492867,7.348016304347794
HLA-A2403,WPISAILWF,15872.817616034985,3.784499999999999,0.06633366411551833,0.007870982991462272,31.643179347826077
HLA-A2403,FMIDWILDA,14151.327910233014,3.213999999999998,0.0949970618239604,0.009720555280302249,24.57923913043477
HLA-A2403,VAPMVGGMM,13691.962656697306,3.0774999999999992,0.06497672549448907,0.009032020569835143,24.57923913043477
HLA-A2403,GPRRAAWRI,26345.64353576209,13.87225,0.12581528653390706,0.005950000398158027,46.224673913043475
HLA-A2403,RYRTAVCGL,139.89907692464755,0.2258749999999998,0.08315899781882763,0.454814013156832,0.9226086956520447
HLA-A2403,LLIDDSFSS,26357.571048034253,13.87225,0.00927911173494067,0.003945776411767071,99.28660326086957
HLA-A2403,VMLLDIDYF,709.0883188498137,0.5228749999999988,0.12405013386160135,0.16615537814667908,2.086195652173842
HLA-A2403,FTGEYLLRL,9749.229768915278,2.1544999999999987,0.3451082333922386,0.033026113973821276,7.558260869565203
HLA-A2403,HPYVFCALL,16366.954318750897,3.907374999999999,0.09705212560947984,0.008511726145479334,27.61739130434782
HLA-A2403,EIIPKIKAY,24764.11528359688,10.853875,0.9008140340447426,0.089788793445313,3.1588586956520857
HLA-A2403,DHIPIINTL,3351.84697937529,1.0648749999999978,0.9201686158776283,0.42430057826444195,0.9970652173911532
HLA-A2403,AKIALAVYK,29734.933863652943,33.1835,0.7811247184872627,0.05130109093843496,4.968641304347784
HLA-A2403,FAIVPPLQI,9914.129214660144,2.1767499999999997,0.7619202882051468,0.12803673544606173,2.4772826086955604
HLA-A2403,IISLKYTRK,27049.715341470634,16.504375,0.046952295902883634,0.004394305801543232,62.74467391304348
HLA-A2403,MYLRFAERL,39.55939739076424,0.036,0.7180222496390343,0.9641507046313106,0.026739130434805247
HLA-A2403,TMMRHRREL,8255.191504202996,1.864374999999999,0.021238408255157992,0.012602399841020817,18.61798913043478
HLA-A2403,VVSYEAGEW,20693.211342951854,6.131125,0.05415121221449226,0.005838801184699759,46.224673913043475
HLA-A2403,YTENTSSYY,24196.93893534213,9.590125,0.24307364877313375,0.009748154293217192,24.57923913043477
HLA-A2403,AVGVVCTGL,19456.368535813264,5.324624999999998,0.04298846633173525,0.005958244058944121,46.224673913043475
HLA-A2403,QYTRNSFYI,77.1332480691715,0.128125,0.0856261239387095,0.6000855418956706,0.6153804347825371
HLA-A2403,LYIEFTDNM,47.252009916386754,0.058625,0.5866055972874165,0.934278776410406,0.06972826086955308
HLA-A2403,FYIPLMTRL,38.38625929559799,0.032,0.9375529661774635,0.9836636788433384,0.0045108695652231745
HLA-A2403,YIDWMVSVP,30181.224269975057,36.4885,0.22245884081348777,0.007329566689582198,31.643179347826077
HLA-A2403,RIEQLYPFA,28466.340622563705,21.674125,0.03246461879462004,0.003974457753495673,99.28660326086957
HLA-A2403,MTQNISNDK,25820.004386750494,12.51075,0.05414969217963517,0.004714520843364375,62.74467391304348
HLA-A2403,GFKRGIFIF,141.96451495815228,0.2281249999999998,0.06015907530672848,0.4312259314595444,0.9787228260868233
HLA-A2403,VPPTNSINK,22429.605136980317,7.500124999999999,0.10179871693253517,0.0063871553809042875,37.35904891304347
HLA-A2403,DEFLKVPEW,17185.005188461397,4.275624999999999,0.8159450739622116,0.09435340761371669,3.037282608695577
HLA-A2403,IYLPIVHPF,21.900027997219613,0.00075,0.7921934723854065,0.9841518460705264,0.003722826086956843
HLA-A2403,YTDDYPMYK,17987.91018708263,4.602374999999999,0.7721996083855629,0.0786571665147406,3.487608695652085
HLA-A2403,YTDDYPMYK,17987.91018708263,4.602374999999999,0.7714214101433754,0.07845786081915633,3.487608695652085
HLA-A2403,KVMALPIPH,25939.261071264016,13.161375,0.18722110998351127,0.007494712623085813,31.643179347826077
HLA-A2403,RPRGHREFC,27017.54907489035,16.504375,0.015197583648841828,0.0039336809310718665,99.28660326086957
HLA-A2403,AFDIASVFF,237.47393401366742,0.3119999999999993,0.9547879993915558,0.9159630366322411,0.09619565217391823
HLA-A2403,MQFKLGIPK,20595.691399737392,6.131125,0.6537688374519348,0.04691974046287005,5.44942934782604
HLA-A2403,EGFDPRALI,20307.130136648004,5.838875,0.06663587200455368,0.006212824710644411,37.35904891304347
HLA-A2403,FSDARLAKL,7150.451961547104,1.6818749999999991,0.34028410352766514,0.043404834545833396,5.788070652173886
HLA-A2403,AYYKPYVQL,37.763352630156355,0.0315,0.4891505502164364,0.9260321975581975,0.08222826086955592
HLA-A2403,KSKPRIHGY,18745.27378755599,5.001624999999999,0.30904808081686497,0.015681253010550095,15.160951086956516
HLA-A2403,KFKPRFAGV,4075.019778828259,1.1858749999999982,0.21250767307356,0.04748431608610077,5.346684782608634
HLA-A2403,LMTHTWHAK,23202.245664854647,8.570374999999999,0.006106661458034068,0.00441410349059021,62.74467391304348
HLA-A2403,YADGGQWYN,26930.38890884474,15.543125,0.08355628582648933,0.005020275302329289,46.224673913043475
HLA-A2403,TYGWNLVKL,48.06075346980972,0.0605,0.17735144449397922,0.7667185702879131,0.33176630434779497
HLA-A2403,KMYWITRSK,20504.356316973342,5.981625,0.5492737460881472,0.033032895653589016,7.558260869565203
HLA-A2403,VMCIQMKYV,22287.42995135444,7.500124999999999,0.025169360189465806,0.004907815348792436,62.74467391304348
HLA-A2403,SYLQAIGIL,64.36079328877136,0.102,0.5093674696981907,0.8890345422982788,0.13834239130436288
HLA-A2403,YLHRDIFDI,13627.596631942244,3.0351249999999994,0.23085675109177828,0.01619979872780169,14.277038043478257
HLA-A2403,AYQQGVKTL,59.19660937038063,0.08975,0.5918476283550262,0.920852521171167,0.0904347826086962
HLA-A2403,EAYCALLCK,25880.27508956961,13.161375,0.1640438144095242,0.006923904511018767,37.35904891304347
HLA-A2403,MPMSMPIPM,13393.70927892615,2.9962499999999994,0.22768472065217793,0.016289174517262896,14.277038043478257
HLA-A2403,EVREFLGSY,25086.248708245505,11.36325,0.7393840216100216,0.05215698736490885,4.887418478260841
HLA-A2403,RVVRPWGSY,21766.60090160312,7.044499999999998,0.7997229397296906,0.07252281926531827,3.720108695652101
HLA-A2403,AADSFATSY,21906.381886468094,7.044499999999998,0.7600364796817303,0.06325714850895907,4.157119565217343
HLA-A2403,YLIPSVTSL,1006.5844566962343,0.6101249999999985,0.898245170712471,0.686923747869734,0.45989130434780634
HLA-A2403,DAVEDFLAF,8616.14814013755,1.9343749999999988,0.4889893475919962,0.060211467234284735,4.329592391304317
HLA-A2403,EVLKAMSLY,26498.955425096683,14.672125,0.7083621919155121,0.044663542191391827,5.671874999999957
HLA-A2403,KLLKSWVSK,20823.482285436497,6.29325,0.2997220428660512,0.013726460851258527,17.305597826086952
HLA-A2403,STGKSIKFK,26625.360037610262,14.672125,0.17680046241730452,0.007045730776077509,31.643179347826077
HLA-A2403,IQNALEKAL,20208.132273976167,5.838875,0.08899441338144243,0.006752594054502222,37.35904891304347
HLA-A2403,FPRDPVSTF,6908.6452519765335,1.641499999999999,0.923533022403717,0.26977138407822215,1.482146739130343
HLA-A2403,IPRNRDNLL,20797.194345254884,6.29325,0.5895155593752861,0.03739686553729992,6.63130434782606
HLA-A2403,RVRPKKEVL,10170.82149537815,2.2217499999999992,0.6009522750973701,0.0749667138713161,3.6391847826086234
HLA-A2403,NALEKALRW,9367.274230341225,2.0748749999999987,0.7286140769720078,0.121195409946351,2.5574999999999193
HLA-A2403,DSFAKQPQW,16381.24543000858,3.907374999999999,0.6827835440635681,0.06379160033372663,4.157119565217343
HLA-A2403,DIAEHGAYY,23817.74669320333,9.229,0.7516443505883217,0.05699276228687433,4.585733695652138
HLA-A2403,IQFDWYPTS,23616.016045796325,8.88375,0.04319078440312296,0.0049446709574165115,62.74467391304348
HLA-A2403,QFMEGIYKL,36.9832376629712,0.029375,0.6767733357846737,0.9612606297503034,0.03154891304349405
HLA-A2403,LMRRFRFTV,8996.625787396182,2.0011249999999987,0.013333896116819233,0.011287627920143295,20.2322554347826
HLA-A2403,DEYGPVFVE,29020.56579074388,25.4075,0.3517513829283416,0.011974410453432416,20.2322554347826
HLA-A2403,LQNFCQHLV,12453.203310389577,2.7394999999999987,0.021612871787510812,0.008499445846732482,27.61739130434782
HLA-A2403,DEGFHAATV,27234.77292159972,16.504375,0.1617117919959128,0.006537571048851783,37.35904891304347
HLA-A2403,LNWFEIWIV,20662.95463840206,6.131125,0.01608793676859932,0.005114106484034626,46.224673913043475
HLA-A2403,GVNDTEAHA,29321.356405575025,27.69475,0.003049431834369898,0.0034818439683456763,99.28660326086957
HLA-A2403,WASGVPAAT,27777.01964688414,18.76925,0.0036876885569654405,0.00367730885386205,99.28660326086957
HLA-A2403,DDALFIYGY,27374.17503331117,17.572125,0.34982327185571194,0.012579505904420592,18.61798913043478
HLA-A2403,HHSDDALFI,14211.75128186554,3.213999999999998,0.9670530706644058,0.17618142367161113,1.9978260869564366
HLA-A2403,FPRSAERAG,30746.15401300759,44.351625,0.023183757526567206,0.0035702002582640112,99.28660326086957
HLA-A2403,DTDISQLHH,29268.32220172223,27.69475,0.2458431045524776,0.008195738954862487,27.61739130434782
HLA-A2403,DYVPTNKWV,8811.312761644896,1.9672499999999988,0.0878508712630719,0.01493752474288793,16.15755434782608
HLA-A2403,KSRCGSLGY,24271.756906618615,9.973249999999998,0.09449723304715008,0.005768472686060464,46.224673913043475
HLA-A2403,IVAWTRTAT,28859.158098829063,25.4075,0.006932192758540623,0.003584540436387659,99.28660326086957
HLA-A2403,VMTEGRHAV,13743.915230038516,3.0774999999999992,0.07116568426135927,0.009196552477682952,24.57923913043477
HLA-A2403,LLKDLMPFV,13973.379675168773,3.165624999999999,0.32959835790097713,0.022282856652326304,10.655842391304333
HLA-A2403,THADAHTQL,5112.283677401636,1.354624999999999,0.9766033440828323,0.3739022557673128,1.127717391304202
HLA-A2403,LPNRRHHLI,13495.630591386223,3.0351249999999994,0.08409983688034117,0.009793284777908915,24.57923913043477
HLA-A2403,DTTTDISKY,26921.578872339487,15.543125,0.6119902692735195,0.03169918171334111,7.778097826086963
HLA-A2403,LLIQGLKTV,14757.654094181204,3.399999999999999,0.5124836564064026,0.039643620907265975,6.327092391304319
HLA-A2403,LRYGNVLDV,22149.82815891085,7.267624999999999,0.7114933431148529,0.053267625586819745,4.807092391304323
HLA-A2403,FQEALKKSL,20667.442147512804,6.131125,0.08253180491738021,0.006459330778612461,37.35904891304347
HLA-A2403,LRNIYETEF,13433.429249323992,2.9962499999999994,0.5143702132627368,0.0435475678118323,5.788070652173886
HLA-A2403,RRFTQAIYD,30181.356018190054,36.4885,0.03024121857015416,0.0037264070981663294,99.28660326086957
HLA-A2403,SLLFREVWK,24887.679846675852,10.853875,0.023233564745169133,0.004381188389109277,62.74467391304348
HLA-A2403,FRRFTQAIY,26057.14544044186,13.161375,0.17516657360829413,0.007152681999001322,31.643179347826077
HLA-A2403,EKDSNHNVL,25710.294162132974,12.51075,0.09795691329054534,0.0055232481982964935,46.224673913043475
HLA-A2403,EMSLADYLY,23755.872950373763,9.229,0.04909777268767357,0.0050198449968686535,46.224673913043475
HLA-A2403,HTSALSLGY,25352.71794017308,11.912125,0.6028134748339653,0.03250241849620544,7.558260869565203
HLA-A2403,LLDLEGHIL,6132.194344733111,1.5142499999999994,0.49229673855006695,0.08273551084377877,3.358777173912955
HLA-A2403,WYDWQQVPF,137.57390428157098,0.2214999999999998,0.23807330848649144,0.594632224891476,0.6251630434781816
HLA-A2403,LYAVTTAVL,61.92851576398817,0.095,0.43387580569833517,0.8642724122354125,0.17747282608694093
HLA-A2403,RYLVKTESW,53.12569886482974,0.076125,0.9874920919537544,0.981273876755798,0.0061684782608750766
HLA-A2403,TTRAWFDKK,23679.109726590148,8.88375,0.46154074370861053,0.02131282046733034,11.115788043478247
HLA-A2403,LYNTAIVGL,63.94328689663427,0.10025,0.5768430233001709,0.9110056354202565,0.10394021739132597
HLA-A2403,LYDAVAALF,35.11553042261222,0.024,0.8845884129405022,0.981960771021983,0.0061684782608750766
HLA-A2403,ESAERLKAY,28203.285257495867,21.674125,0.29852062091231346,0.010216056107228326,22.19230978260869
HLA-A2403,YELLRYNEY,24696.602026219374,10.392749999999998,0.7826914042234421,0.06114012515634607,4.271168478260833
HLA-A2403,VLPVPGASV,3945.0751441611123,1.1637499999999985,0.5341809429228306,0.1383447828803323,2.3454619565216603
HLA-A2403,AMIDRLHQT,19736.84712060041,5.566125,0.3864286430180073,0.0195359344121803,12.187228260869546
HLA-A2403,AMIDRLHQT,19736.84712060041,5.566125,0.38195331301540136,0.019234936058412873,12.187228260869546
HLA-A2403,EGAGIDDPV,23460.78500598802,8.88375,0.0015865909481362905,0.004298064961577268,62.74467391304348
HLA-A2403,WKAIGAYIL,25314.652323608538,11.912125,0.019259452121332288,0.004249782813961477,62.74467391304348
HLA-A2403,AQKLATKPV,26088.755566524585,13.161375,0.18705618102103472,0.007448988366792508,31.643179347826077
HLA-A2403,KPKVASEAF,16382.613446592779,3.907374999999999,0.8485926911234856,0.10913147910901211,2.741494565217323
HLA-A2403,FVKDWMERI,14498.740636853014,3.3033749999999986,0.8025930225849152,0.10491794008917954,2.832907608695578
HLA-A2403,GFAIPIILK,17370.101525103324,4.352624999999999,0.29685546760447323,0.016164928318109274,14.277038043478257
HLA-A2403,KLKSVGKAY,24849.351906219483,10.853875,0.7495121508836746,0.054429624652926924,4.732201086956479
HLA-A2403,YRTLGVFRY,22258.573815125437,7.500124999999999,0.42726587690413,0.020073471031842753,11.6303260869565
HLA-A2403,NRDVSFQDL,20447.877571472047,5.981625,0.20588487572968006,0.010061410143268425,22.19230978260869
HLA-A2403,ERYPGGVSL,14838.468508012644,3.399999999999999,0.9082089737057686,0.1427601601476536,2.3018478260868847
HLA-A2403,RWFDNNHDL,75.68081508487808,0.125,0.45587074384093285,0.8499565218899459,0.1993750000000034
HLA-A2403,MTYLDGHPV,15000.234214829958,3.4538749999999987,0.017832498240750283,0.007010221265816526,31.643179347826077
HLA-A2403,ILNSDDEQA,25595.23292750619,12.51075,0.009300086334405933,0.004059720893021201,62.74467391304348
HLA-A2403,EVRKAIEFV,24979.910370992173,10.853875,0.4865107908844948,0.022085461904400496,10.655842391304333
HLA-A2403,GLYLYRFHV,15425.6843073394,3.607999999999999,0.13473318284377456,0.010283190555832804,22.19230978260869
HLA-A2403,DEQEFFYSQ,28708.464147783652,23.412625,0.6569455973803997,0.03480338892175954,7.147065217391287
HLA-A2403,ELAPIRVNA,26994.94497710323,16.504375,0.8125447630882263,0.06225100207601467,4.213478260869522
HLA-A2403,AYQQGVKTL,59.19660937038063,0.08975,0.5964963212609291,0.9220430123115643,0.08747282608696594
HLA-A2403,VFLPNTHNL,32.735159833103204,0.017875,0.8122321590781212,0.9783143383699962,0.00964673913044578
HLA-A2403,VFLPNTHNL,32.735159833103204,0.017875,0.8236663788557053,0.9791562173700611,0.008423913043486664
HLA-A2403,NILVAGNLI,18839.149132115057,5.001624999999999,0.01763171807397157,0.0056221394039277575,46.224673913043475
HLA-A2403,STDTRHIPQ,28546.993465051117,23.412625,0.0320625563908834,0.003957981221910541,99.28660326086957
HLA-A2403,FYPEKSTVI,73.15024531421966,0.120375,0.7897797077894211,0.9502023981152836,0.046521739130440665
HLA-A2403,GITGGHIPK,19890.094103020612,5.566125,0.4613621700555086,0.025132031123633027,9.494239130434764
HLA-A2403,FFPMVTDAW,142.50587912722094,0.2281249999999998,0.5173797206953168,0.7920221211576758,0.2896467391304043
HLA-A2403,AYLLQHLDL,121.82291370667215,0.2019999999999999,0.655132357031107,0.8783467661548433,0.15663043478259908
HLA-A2403,FTFDNSKFV,16593.53593341426,4.047999999999999,0.17950130149256438,0.01121303967942099,20.2322554347826
HLA-A2403,DIVGGLFTY,20875.402198900032,6.29325,0.46382301300764084,0.024211532908088508,9.849456521739114
HLA-A2403,LAMLVLHQV,12091.931144923323,2.6421249999999987,0.6347029209136963,0.07166232148212844,3.7645923913042765
HLA-A2403,VTLFSNLGY,24843.54121260062,10.853875,0.11245591135229915,0.006007983494694586,37.35904891304347
HLA-A2403,KYAEAFQMV,57.06325357301093,0.08525,0.7644511088728905,0.9569064735393228,0.038315217391314604
HLA-A2403,AVDADDSHF,13560.247797027896,3.0351249999999994,0.3527709096670151,0.02483716082126515,9.849456521739114
HLA-A2403,YVWWAAVIY,25413.95602754755,11.912125,0.03184050560230389,0.004425581857331602,62.74467391304348
HLA-A2403,IYPGVNHGF,24.8150741025788,0.002625,0.8800987079739571,0.9868534696442978,0.0024999999999977263
HLA-A2403,ISNNHIISK,20489.682472010925,5.981625,0.5373790021985769,0.03173608512502974,7.778097826086963
HLA-A2403,KLYLRPWWH,26154.447468145572,13.87225,0.4120705472305417,0.016326362638389096,14.277038043478257
HLA-A2403,GALSRRYPH,29247.54150837475,27.69475,0.02359210723079741,0.0037524968675957887,99.28660326086957
HLA-A2403,KQNMRIRSK,25607.31891868761,12.51075,0.040614272278617136,0.0045311503320196855,62.74467391304348
HLA-A2403,RVGIYFGMK,25712.47214261069,12.51075,0.13205755688250065,0.006226590048321744,37.35904891304347
HLA-A2403,YLPYDIFCR,20984.079999355083,6.29325,0.0839914915850386,0.006397985290155706,37.35904891304347
HLA-A2403,DYDQRDYGF,722.1703126012972,0.5262499999999988,0.2950139753520489,0.2638625088314686,1.506657608695562
HLA-A2403,DYDQRDYGF,722.1703126012972,0.5262499999999988,0.2950139753520489,0.2638625088314686,1.506657608695562
HLA-A2403,RYQAQQVEW,72.28163521674085,0.11925,0.933789536356926,0.9698172415282033,0.020081521739157893
HLA-A2403,VPPESVEAA,22210.150017306813,7.500124999999999,0.28658184548839927,0.012325032288897263,18.61798913043478
HLA-A2403,VPPESVEAA,22210.150017306813,7.500124999999999,0.28658184548839927,0.012325032288897263,18.61798913043478
HLA-A2403,VMLLDIDYF,709.0883188498137,0.5228749999999988,0.12405013386160135,0.16615537814667908,2.086195652173842
HLA-A2403,AYGENFEFW,44.04405146938267,0.0505,0.733570858836174,0.9624072308738236,0.029864130434802405
HLA-A2403,VVAVGGLAI,14874.350536348502,3.4538749999999987,0.05929492670111358,0.008175003253429954,27.61739130434782
HLA-A2403,EVWGMRWPI,16687.930222142666,4.047999999999999,0.029062700166832656,0.006579581699647082,37.35904891304347
HLA-A2403,IFRRDQIWF,205.49224227669347,0.2863749999999995,0.23311375733464956,0.4939623516799138,0.8339673913042418
HLA-A2403,YWPTEGYEF,42.755260544890454,0.045875,0.8705095052719116,0.9771564935193322,0.010869565217404897
HLA-A2403,FATTPVCEY,25808.631903064845,12.51075,0.6114645190536976,0.03292313427454547,7.558260869565203
HLA-A2403,IRSAEVVSR,24264.087035581386,9.973249999999998,0.18676435621455312,0.00798001677493312,31.643179347826077
HLA-A2403,TRDHVNLVL,12268.46134088755,2.706374999999998,0.6211325041949749,0.06763980304699438,3.946249999999935
HLA-A2403,FLGSHSEPL,10014.660803563775,2.198249999999999,0.036825261544436216,0.011055498840039351,20.2322554347826
HLA-A2403,EPFLVQFWI,22263.565164299118,7.500124999999999,0.01723052773741074,0.004777473828916404,62.74467391304348
HLA-A2403,GSKYRGLPK,26687.159012738273,15.543125,0.12232069973833859,0.005804668757976061,46.224673913043475
HLA-A2403,KLHCTERSL,18119.083785314233,4.694999999999999,0.07621996500529349,0.007172823471062653,31.643179347826077
HLA-A2403,TLKPGTMSV,14201.365195054672,3.213999999999998,0.8028252869844437,0.10690187762785114,2.7954347826086234
HLA-A2403,SLVAIHLAC,24196.754408993762,9.590125,0.00375953437469434,0.004203613717813205,62.74467391304348
HLA-A2403,ISLWGSLLK,22003.99517767527,7.267624999999999,0.24356721725780517,0.010698935679977446,22.19230978260869
HLA-A2403,LTDEQKNAV,21494.266550336113,6.839624999999999,0.05574853764846921,0.005660227768851166,46.224673913043475
HLA-A2403,WCRVGRGTI,24042.654990408046,9.590125,0.0011315289157209918,0.004190689426128741,62.74467391304348
HLA-A2403,WCRVGRGTI,24042.654990408046,9.590125,0.0011315289157209918,0.004190689426128741,62.74467391304348
HLA-A2403,ESMMGSTAM,24474.34598947298,10.392749999999998,0.128674800042063,0.006453155037387868,37.35904891304347
HLA-A2403,FDLFGITLY,26224.36966431709,13.87225,0.03955186309758574,0.0044114715205448626,62.74467391304348
HLA-A2403,DPRDDLSGM,27083.279726963345,16.504375,0.028772494435543194,0.004116738740455976,62.74467391304348
HLA-A2403,VHDREGNEV,19386.8203787211,5.324624999999998,0.3123592890333384,0.015360804539593528,15.160951086956516
HLA-A2403,SYLRRTQSM,102.15267131983391,0.1733749999999999,0.5616666935384274,0.8602332360461113,0.1840217391304435
HLA-A2403,RYRRLIQIL,117.75908997851059,0.1957499999999999,0.04872759827412665,0.4661229596545437,0.897010869565122
HLA-A2403,NYYAPRIQF,34.57522211949482,0.022375,0.7406513430178165,0.9707672361068608,0.018722826087000044
HLA-A2403,VYAYPSGEK,15189.399152223059,3.5024999999999986,0.4104739297181368,0.02721730214412173,8.839293478260856
HLA-A2403,VVARLGVPY,24455.743752481543,9.973249999999998,0.12006627710070461,0.00626537632508068,37.35904891304347
HLA-A2403,KMDVTPLDY,17341.990133747116,4.352624999999999,0.7508124709129333,0.07579634567094089,3.599483695652097
HLA-A2403,NPANKEESI,23520.71494666791,8.88375,0.01528737269109115,0.004499470057845147,62.74467391304348
HLA-A2403,HQDDGQPRL,8806.189990239225,1.9672499999999988,0.8904563635587692,0.2061089096949298,1.8016032608694985
HLA-A2403,KQFYIFNTH,25937.212124459034,13.161375,0.7060003727674484,0.04519806511671806,5.554945652173885
HLA-A2403,KTTARHLGH,29653.753911323878,30.271625,0.005193489952944219,0.003470192309875578,99.28660326086957
HLA-A2403,WLGDVWQEK,20532.012033078772,5.981625,0.052501499420031905,0.00584902364843933,46.224673913043475
HLA-A2403,ILFDRLPIA,21091.763935970415,6.463374999999999,0.5354967825114727,0.030684236175813395,8.01565217391304
HLA-A2403,TVYGLGADV,23402.883055656406,8.570374999999999,0.015471862512640655,0.004524313454628829,62.74467391304348
HLA-A2403,GIALAVPCV,21808.777569492253,7.044499999999998,0.13068604771979153,0.007263623061762081,31.643179347826077
HLA-A2403,SSDLRSWTF,2299.8557969576527,0.8806249999999978,0.8589071184396744,0.4610739780616564,0.9079076086955382
HLA-A2403,LICYQIEYI,18618.059702787676,4.895749999999999,0.03712706710211933,0.006090227023747938,37.35904891304347
HLA-A2403,AILAGEHKC,25137.14497629416,11.36325,0.014882543997373432,0.004213331133542827,62.74467391304348
HLA-A2403,AMDTHLYFE,25159.016872822565,11.36325,0.16874490911141038,0.007233738143155981,31.643179347826077
HLA-A2403,MYMALIAAF,26.908648577484048,0.00525,0.7387492610141635,0.9767874250749461,0.012092391304364014
HLA-A2403,SYLIRALTL,41.92843356937962,0.042875,0.9417776316404343,0.9824863246408487,0.005244565217395802
HLA-A2403,MYTRNLLWL,57.23983794777066,0.08525,0.15486699528992176,0.7192095556914498,0.40605978260869335
HLA-A2403,NMERKLNLS,30199.39988435684,36.4885,0.0009980811446439475,0.003359413047528206,99.28660326086957
HLA-A2403,NMERKLNLS,30199.39988435684,36.4885,0.0010297628614353016,0.003359788373463322,99.28660326086957
HLA-A2403,LPEFERRTL,22125.231738996587,7.267624999999999,0.7072554305195808,0.05257023406020853,4.887418478260841
HLA-A2403,YLQSKGKDI,23347.489909755204,8.570374999999999,0.021003543864935637,0.004623904397832969,62.74467391304348
HLA-A2403,CFMYSDFHF,48.0187428731708,0.0605,0.13003559393109754,0.7356176382911614,0.3821739130434594
HLA-A2403,KYLFSPNML,33.51360580455397,0.01975,0.7656800076365471,0.9739576478215383,0.015380434782642283
HLA-A2403,AMAETGCDA,26376.197068749792,13.87225,0.006779471077607013,0.003908497141764831,99.28660326086957
HLA-A2403,RIAQGVLQR,19791.661569057913,5.566125,0.38917543552815914,0.019670939552884795,12.187228260869546
HLA-A2403,YDRLASTVI,25633.66858556341,12.51075,0.0280324689229019,0.004330410880956668,62.74467391304348
HLA-A2403,RDRFKRTSF,16731.515014786015,4.047999999999999,0.5361674688756466,0.03821679063750769,6.479157608695644
HLA-A2403,FPRCRYVHK,27259.47156501084,16.504375,0.04462438606424257,0.004325978990029087,62.74467391304348
HLA-A2403,DRLASTVIY,27330.32932677964,17.572125,0.6274504624307156,0.03295222892035183,7.558260869565203
HLA-A2403,KRWGFRSGV,20871.75083537749,6.29325,0.2594388909637928,0.011898368085428119,20.2322554347826
HLA-A2403,FAEGVVAFL,15233.29502597712,3.5527499999999987,0.48884437046945095,0.0355085946969067,6.962798913043457
HLA-A2403,AEGVVAFLI,22595.180275603274,7.739124999999999,0.3472681501880288,0.01498362697312765,16.15755434782608
HLA-A2403,AENCYNLEI,24689.18899213137,10.392749999999998,0.3907630704343319,0.016017922351478586,14.277038043478257
HLA-A2403,LQKIPLQWF,8248.877973068786,1.864374999999999,0.1062459647655487,0.016961959997654163,14.277038043478257
HLA-A2403,RLASTVIYR,20330.23687590339,5.838875,0.6651726514101028,0.049345155611078155,5.149211956521697
HLA-A2403,QTEPKTSVV,26690.193124799887,15.543125,0.1369477459229529,0.006110428573444491,37.35904891304347
HLA-A2403,ATEDPSSGY,27344.51134931592,17.572125,0.5704822428524494,0.0270866551576553,8.839293478260856
HLA-A2403,FLYDRLAST,20142.296746312368,5.838875,0.15313499048352242,0.008484903296374786,27.61739130434782
HLA-A2403,KTTKSWLQK,25186.764914583262,11.36325,0.3095527132973075,0.011837042626421391,20.2322554347826
HLA-A2403,TVIYRGTTF,3118.5852528510577,1.0271249999999978,0.22666108794510365,0.06363765051879379,4.157119565217343
HLA-A2403,EDFEIFYNL,10661.716811558095,2.3417499999999984,0.08557255659252405,0.0123453716780503,18.61798913043478
HLA-A2403,NFGRVKVHF,90.08027459676264,0.152625,0.17346365377306938,0.6378120401910629,0.5453532608695184
HLA-A2403,ATAWRTGGY,26122.942536282593,13.87225,0.3748928206041455,0.01435947268387678,16.15755434782608
HLA-A2403,KKNHWFILK,25277.779667510717,11.912125,0.6931466683745384,0.04432315979624697,5.671874999999957
HLA-A2403,FELLHFISS,29498.864089034763,30.271625,0.37912079133093357,0.012971056621703603,18.61798913043478
HLA-A2403,VTGCASLYV,21849.532316853856,7.044499999999998,0.004334746961831115,0.004648982123951364,62.74467391304348
HLA-A2403,YNAKRIETV,17058.52167664972,4.196249999999999,0.25588486436754465,0.01425919371970327,16.15755434782608
HLA-A2403,SYHDRRWCF,34.635293429038846,0.022375,0.6120862755924463,0.9546195101925957,0.04116847826088588
HLA-A2403,YLHRDIFDI,13627.596631942244,3.0351249999999994,0.23085675109177828,0.01619979872780169,14.277038043478257
HLA-A2403,TYLYNKYSF,27.082525596010118,0.005625,0.7204078659415245,0.9751182517092166,0.013097826086976738
HLA-A2403,RYICPVQQI,39.748595391230374,0.03725,0.5640834234654903,0.939495976033541,0.06312499999999943
HLA-A2403,AFMRFDDQF,61.79774041723883,0.095,0.2683518975973129,0.780339608822158,0.3088586956521624
HLA-A2403,FAAAAARTL,10921.187895148065,2.3897499999999985,0.7968133017420769,0.1313646361199264,2.4260054347825246
HLA-A2403,RLKHIFLIF,629.9365044797114,0.4963749999999987,0.5459488332271576,0.49864472518274106,0.8227717391303173
HLA-A2403,FRDEAGAIL,9863.511346142555,2.1767499999999997,0.559801809489727,0.06732159802814715,3.946249999999935
HLA-A2403,EVVDMLSTY,21652.878029565247,6.839624999999999,0.8992178961634636,0.10052067756989032,2.9105706521738455
HLA-A2403,HQFTSNPEV,17576.946721885368,4.433874999999999,0.3096619101706892,0.01671155516802752,14.277038043478257
HLA-A2403,FPTQADAIG,29453.48568540856,30.271625,0.020498297468293458,0.0036866768871416035,99.28660326086957
HLA-A2403,AMYDPQTYY,12383.70266233166,2.7394999999999987,0.6631473936140537,0.07699102421269312,3.5626902173912214
HLA-A2403,RSSPRETMK,26635.048783222817,14.672125,0.009512132412055507,0.003909206858189547,99.28660326086957
HLA-A2403,ITRKEAEQF,7976.643053663665,1.817499999999999,0.28836243227124214,0.032839740397904826,7.558260869565203
HLA-A2403,ELNKGWFGA,25843.043134305866,13.161375,0.29361542989499867,0.01092206707499951,22.19230978260869
HLA-A2403,FTGWRDPGL,21289.222538120448,6.643249999999999,0.15844451007433236,0.008195404677508861,27.61739130434782
HLA-A2403,PLFKRGWRL,8736.974692808664,1.9497499999999988,0.1621000797022134,0.019495271369100294,12.187228260869546
HLA-A2403,KQWIVAGAI,15828.69974149864,3.725124999999999,0.07982828188687563,0.008274885383536785,27.61739130434782
HLA-A2403,EVAEKDAMY,26453.292694899606,14.672125,0.6426207926124334,0.035783383336762696,6.962798913043457
HLA-A2403,AFYWHFIFR,13891.920373391522,3.120249999999998,0.6360258106142282,0.06347419567230372,4.157119565217343
HLA-A2403,APILVVSGI,23315.39689627233,8.570374999999999,0.39019352570176125,0.01688495544989294,14.277038043478257
HLA-A2403,APILVVSGI,23315.39689627233,8.570374999999999,0.39019352570176125,0.01688495544989294,14.277038043478257
HLA-A2403,YTPLNYSKF,270.9922588006369,0.3324999999999992,0.16247410560026765,0.3675271902564232,1.1445923913042009
HLA-A2403,YTPLNYSKF,270.9922588006369,0.3324999999999992,0.16247410560026765,0.3675271902564232,1.1445923913042009
HLA-A2403,SFMQEIPTF,24.48713757009603,0.0025,0.7326390892267227,0.9783222917425585,0.00964673913044578
HLA-A2403,LYKSGLFQF,25.654231918662024,0.0035,0.4724875930696726,0.9450013790361332,0.053858695652195365
HLA-A2403,LPQTRWQAV,24395.475201721474,9.973249999999998,0.54628636687994,0.02775982749104643,8.839293478260856
HLA-A2403,KSRCGSLGY,24271.756906618615,9.973249999999998,0.09449723304715008,0.005768472686060464,46.224673913043475
HLA-A2403,KLGDQFGRK,19502.329341303433,5.440874999999999,0.08738684025593102,0.006948835635193656,37.35904891304347
HLA-A2403,AANEIRISK,24217.380327236282,9.973249999999998,0.30593355372548103,0.012136883507307022,18.61798913043478
HLA-A2403,CYPGYFADY,432.3341604589724,0.4183749999999989,0.7526945546269417,0.7487034023811291,0.36095108695650424
HLA-A2403,TTIEDILPK,16305.11677965851,3.907374999999999,0.7825994715094566,0.08878750391448706,3.1845108695651163
HLA-A2403,QQRPDLILV,18298.03884940651,4.792999999999998,0.36546390503644943,0.0195234705174358,12.187228260869546
HLA-A2403,WTIGYDTIY,25585.28715960662,12.51075,0.1028892882168293,0.005646455387796641,46.224673913043475
HLA-A2403,DTWHGFKNM,22940.623330592243,8.277499999999998,0.2715674643404782,0.011337053570823841,20.2322554347826
HLA-A2403,RQRHYFDSA,24902.120969484873,10.853875,0.7511928007006645,0.05462996280991055,4.732201086956479
HLA-A2403,EIAQHGAWY,27623.59387895639,18.76925,0.43746475223451853,0.01692738139817805,14.277038043478257
HLA-A2403,QYQNEINYL,50.445438237362886,0.06875,0.39196285232901573,0.8701355758926483,0.16875000000000284
HLA-A2403,ETVNFVPNY,23268.42216783026,8.570374999999999,0.6880848743021488,0.047049354186529786,5.346684782608634
HLA-A2403,GMWCVLASR,20055.623867066824,5.699,0.004835977917537093,0.00505928494638891,46.224673913043475
HLA-A2403,MEKTHNLMA,29728.431642263065,30.271625,0.08455722406506538,0.004578873053563172,62.74467391304348
HLA-A2403,ELYENKPDV,23321.392643967898,8.570374999999999,0.06286794506013393,0.005363966458036279,46.224673913043475
HLA-A2403,MQYEVTQHA,21129.75294349415,6.463374999999999,0.26229708874598145,0.011876978973928155,20.2322554347826
HLA-A2403,EVIPYTPAM,17956.5135713229,4.602374999999999,0.9641397893428802,0.1443121051040986,2.2818206521738347
HLA-A2403,YICFQIGGY,25355.446934920954,11.912125,0.03910312418884132,0.004550382762575303,62.74467391304348
HLA-A2403,SVFEGIRAY,21025.87980794477,6.463374999999999,0.9225118085741997,0.11100728890591849,2.7245652173912447
HLA-A2403,ESENISEPY,28692.31665769534,23.412625,0.04719499341445044,0.0041543052635454195,62.74467391304348
HLA-A2403,NYFNRMFHF,24.39399249036998,0.00225,0.7410161942243576,0.9790182216299286,0.008423913043486664
HLA-A2403,WPALSSIAA,28136.079631131808,20.139375,0.3221404540236108,0.011122079138163116,20.2322554347826
HLA-A2403,MTMRRRLFK,21167.896377599067,6.463374999999999,0.07020332058891654,0.0060441030628378585,37.35904891304347
HLA-A2403,AYGSRFHEW,41.29169863006386,0.041375,0.8756719008088112,0.9782909547192372,0.00964673913044578
HLA-A2403,LTMNLVSDI,16284.498774106467,3.907374999999999,0.0033550340012880042,0.006154679937635468,37.35904891304347
HLA-A2403,MHDPHSIPL,2400.537951338307,0.8999999999999978,0.8893992453813553,0.47757661629637144,0.8697826086955587
HLA-A2403,DSMGQGDAY,26884.294709333888,15.543125,0.12313762586563826,0.005780144488984936,46.224673913043475
HLA-A2403,GVPPKVVSY,14977.305896822982,3.4538749999999987,0.2211870113387704,0.014310178734491445,16.15755434782608
HLA-A2403,LPRERFRKT,30472.59945280498,40.202125,0.21048342855647206,0.0069628062698010905,37.35904891304347
HLA-A2403,TTDDSTSYY,17599.560552095478,4.433874999999999,0.4922059439122677,0.03136526292785261,7.778097826086963
HLA-A2403,FQWPALHEE,24459.835182945077,9.973249999999998,0.2280394695699215,0.009152161471961451,24.57923913043477
HLA-A2403,RLMPDFWEF,47.45757730849618,0.0595,0.8649591878056526,0.9742939663258076,0.014157608695683166
HLA-A2403,TYFEEPAAF,25.288309879048942,0.003375,0.8960137441754341,0.9873369539855841,0.002065217391304941
HLA-A2403,DTLKVGNTY,25584.81494935178,12.51075,0.7074512466788292,0.04599972894382708,5.554945652173885
HLA-A2403,HYGTEGQEF,62.682393089568144,0.099,0.39665521681308746,0.8465498950612371,0.20538043478259738
HLA-A2403,IGKMNKHYK,26424.93217087446,14.672125,0.004170264721324202,0.0038658090067058555,99.28660326086957
HLA-A2403,QFLSFASLF,40.039103309789155,0.03725,0.3478904985822737,0.8776800173686065,0.1581249999999983
HLA-A2403,YLDNVGVHI,3506.7853933928677,1.089124999999998,0.8552077189087868,0.3591909490932361,1.1706249999998732
HLA-A2403,RVRQLDESI,18361.10724372554,4.792999999999998,0.24703155946917832,0.012884111610735369,18.61798913043478
HLA-A2403,IPISGRITA,25920.844032314246,13.161375,0.9373295158147812,0.09696913416154046,2.9916847826086155
HLA-A2403,GWPDNYCEW,125.58672168650224,0.2088749999999998,0.29795715352520347,0.6645368712266101,0.5001630434782243
HLA-A2403,RSEVELCIY,28209.15520085172,21.674125,0.41121629253029823,0.015142429267159772,15.160951086956516
HLA-A2403,CYMHVSDFY,386.1388330792145,0.3954999999999989,0.583461083471775,0.6462746444005529,0.5311684782608239
HLA-A2403,IFLKPEETF,44.14033387735495,0.0505,0.28023582696914673,0.8370645161750032,0.21967391304347927
HLA-A2403,PYDCKELRL,1200.083261933444,0.6576249999999983,0.12924575805664062,0.1085310692536667,2.7600543478259993
HLA-A2403,KYYNDILKL,24.650654302726622,0.0025,0.5833651460707188,0.9635590053249835,0.028206521739164714
HLA-A2403,RYEFTAPFI,112.85482329903111,0.1902499999999999,0.3396488353610039,0.7180725804317339,0.40782608695651845
HLA-A2403,NYPASLHKF,26.59427290780676,0.0045,0.853079229593277,0.9845641195158586,0.003722826086956843
HLA-A2403,SQVRVPTVF,5221.544939977768,1.371499999999999,0.632270161062479,0.14749952967385307,2.2514130434781947
HLA-A2403,ALIVAIWDK,25797.323593422043,12.51075,0.24474482610821724,0.009219443103137763,24.57923913043477
HLA-A2403,FVKDWMDRI,16063.324145193881,3.843624999999999,0.7474099472165108,0.0802819022345134,3.4218749999999147
HLA-A2403,PELGAFFAI,21345.03857706375,6.643249999999999,0.03284579294268042,0.00525722747198935,46.224673913043475
HLA-A2403,ELKRQLADL,24183.253571974612,9.590125,0.04403339955024421,0.004846877351078045,62.74467391304348
HLA-A2403,RRAAVSTLE,29372.521464828864,27.69475,0.08358266239520162,0.004616635102825405,62.74467391304348
HLA-A2403,RYMYIYLFI,68.23353640246646,0.109625,0.31098632514476776,0.7895576826202149,0.2942391304347609
HLA-A2403,IESNPLFPV,24894.838904116645,10.853875,0.030044451646972448,0.004486320304552233,62.74467391304348
HLA-A2403,ITMYVAFEQ,30367.720955618715,36.4885,0.02414854224480223,0.003625562898935655,99.28660326086957
HLA-A2403,GTIIVHPNK,24756.313576171262,10.853875,0.758602537214756,0.05630216087977756,4.585733695652138
HLA-A2403,KGFFRVFKK,21841.08210487823,7.044499999999998,0.3116892669349909,0.013672373061023231,17.305597826086952
HLA-A2403,WFSSGLWPF,92.27087313839338,0.1565,0.003680697474919725,0.48546091165050603,0.8537499999998772
HLA-A2403,FFSPFFFSL,62.47643817200943,0.09675,0.5582963302731514,0.9074506928793615,0.109809782608707
HLA-A2403,GWGNGCGLF,289.27111688586746,0.3444999999999992,0.00344997487263754,0.23705529941618914,1.6326630434781606
HLA-A2403,TYGWNLVKL,48.06075346980972,0.0605,0.14826189680024981,0.7478072627092075,0.36095108695650424
HLA-A2403,WYDWQQVPF,137.57390428157098,0.2214999999999998,0.23807330848649144,0.594632224891476,0.6251630434781816
HLA-A2403,RYLVKTESW,53.12569886482974,0.076125,0.9874920919537544,0.981273876755798,0.0061684782608750766
HLA-A2403,PSSKPDWFY,27024.965361414233,16.504375,0.040141079196473584,0.004293922276332987,62.74467391304348
HLA-A2403,PSSKPDWFY,27024.965361414233,16.504375,0.040145808627130464,0.004293993820052996,62.74467391304348
HLA-A2403,IPRQWHPFA,26759.818329489874,15.543125,0.5276874024420977,0.023853718713976006,10.231983695652161
HLA-A2403,IPRQWHPFA,26759.818329489874,15.543125,0.5324884038418531,0.02425246156884223,9.849456521739114
HLA-A2403,SFYVNRGFK,19360.4804116052,5.324624999999998,0.17020737612619996,0.009358317221846347,24.57923913043477
HLA-A2403,EVFEIIRSY,22838.38386647795,8.001624999999999,0.8795506879687309,0.09006717563174285,3.1588586956520857
HLA-A2403,RVACRDVEV,24106.41316305702,9.590125,0.08225710992701352,0.005561943476390008,46.224673913043475
HLA-A2403,HWMDATFNI,52.716041923779244,0.076125,0.22045610006898642,0.7777459250394207,0.31369565217387674
HLA-A2403,LPSSSSYSY,24934.05275936942,10.853875,0.5952291004359722,0.03216886884537568,7.558260869565203
HLA-A2403,KACDLAMCY,24060.434831543094,9.590125,0.6331414915621281,0.037859609883684794,6.63130434782606
HLA-A2403,FKYDSTKPL,24443.999000284435,9.973249999999998,0.28871386870741844,0.011325952440114613,20.2322554347826
HLA-A2403,WTALMFAAY,24396.54899321989,9.973249999999998,0.03031320293666795,0.004579226055113284,62.74467391304348
HLA-A2403,ITWPRTRHW,5645.473634514949,1.4344999999999992,0.48455144511535764,0.08684178191977697,3.238749999999925
HLA-A2403,MTVDEVEDY,24894.854657998825,10.853875,0.02528660639654845,0.004411757971474587,62.74467391304348
HLA-A2403,GVDGGWQAL,15043.509323589135,3.5024999999999986,0.34329770132899284,0.021782793385322526,11.115788043478247
HLA-A2403,STTTCEAGV,25382.563771567453,11.912125,0.0016163403015525546,0.003983295536473693,99.28660326086957
HLA-A2403,DEWECTRDD,30676.61611562362,40.202125,0.02548229362582788,0.0036071446582395185,99.28660326086957
HLA-A2403,TVANNPDDK,20946.94558949663,6.29325,0.002011876829783432,0.004803059153826883,62.74467391304348
HLA-A2403,TVANNPDDK,20946.94558949663,6.29325,0.0019998581337858923,0.00480285589524596,62.74467391304348
HLA-A2403,YQHLHTAPK,21817.629651946005,7.044499999999998,0.10444708348950371,0.006621318400405551,37.35904891304347
HLA-A2403,LYIEILRLL,34.4735886855087,0.02175,0.4376779180020094,0.9193610315417565,0.0918750000000017
HLA-A2403,NMLREGLSP,28427.959100376353,21.674125,0.028314277122262865,0.0039218647860367484,99.28660326086957
HLA-A2403,RYDYANLCQ,19528.84977851255,5.440874999999999,0.029041185101959854,0.005652647565896577,46.224673913043475
HLA-A2403,NWDWGVFFK,13480.972801693542,2.9962499999999994,0.35788794234395027,0.02542017020892145,9.494239130434764
HLA-A2403,RLWNGRRCR,26307.4364907008,13.87225,0.5410089138895273,0.025382683063184374,9.494239130434764
HLA-A2403,VNGVKGIQF,9133.698560710065,2.0374999999999988,0.10735742002725601,0.01544785414500272,15.160951086956516
HLA-A2403,QPQQSPQFF,19356.619188680048,5.324624999999998,0.10167346708476543,0.007359507780540197,31.643179347826077
HLA-A2403,KFFPSSSYR,13284.91023235408,2.9566249999999994,0.4145775306969881,0.031320601825279834,7.778097826086963
HLA-A2403,RYKSRCYIF,53.78973064674733,0.07825,0.24945912417024374,0.7917670771235469,0.2912499999999625
HLA-A2403,FVIGGMTGV,15342.226815921655,3.5527499999999987,0.5503535978496075,0.043475041145222396,5.788070652173886
HLA-A2403,QSPQPVRVK,24104.699714352086,9.590125,0.11622952297329903,0.006268298053650008,37.35904891304347
HLA-A2403,MSQMPPHPY,22211.799701218493,7.500124999999999,0.0751146893016994,0.005870126690909117,46.224673913043475
HLA-A2403,TVFRNQNRV,23235.319862583317,8.570374999999999,0.17095964634791017,0.00787122579495579,31.643179347826077
HLA-A2403,ERAFQNWSV,24875.057990762023,10.853875,0.21503377612680197,0.008603565889429102,27.61739130434782
HLA-A2403,TKAGMAQYL,26460.57617108921,14.672125,0.38809603452682495,0.014852234948784758,16.15755434782608
HLA-A2403,KLQPSDTLL,6912.83458687431,1.641499999999999,0.0704224337823689,0.017726879258604472,13.500896739130425
HLA-A2403,ETTQALQLF,8620.460818114329,1.9343749999999988,0.29609920689836144,0.03134819803961377,7.778097826086963
HLA-A2403,RTFSILNRK,20779.61858785663,6.131125,0.40508592687547207,0.019844798558332297,12.187228260869546
HLA-A2403,IHDFVDKTL,5446.31794527217,1.4066249999999991,0.8528058230876923,0.2660016736192071,1.4984510869564218
HLA-A2403,NETTQALQL,23732.558549558136,9.229,0.15172086749225855,0.007208382727176809,31.643179347826077
HLA-A2403,ILNRKAIDF,10596.143226302022,2.3166249999999984,0.1286966276820749,0.014436118389065762,16.15755434782608
HLA-A2403,LANETTQAL,12112.41913595638,2.6748749999999992,0.1846720753237605,0.015438343973198168,15.160951086956516
HLA-A2403,TRKIRSEEL,20804.35741071922,6.29325,0.6518615148961544,0.0461856123616645,5.44942934782604
HLA-A2403,YSLLNRKAI,17134.296012326497,4.275624999999999,0.054543823236599565,0.007014981811102857,31.643179347826077
HLA-A2403,ITDEINQIK,15614.064770320701,3.665624999999999,0.24080204032361507,0.014724429675100044,16.15755434782608
HLA-A2403,RTYSLLNRK,21590.23467417336,6.839624999999999,0.2701523136347532,0.0119576561912877,20.2322554347826
HLA-A2403,RYMSKTYNF,22.938441752842255,0.001375,0.9697850272059441,0.991093874122328,0.0008423913043174025
HLA-A2403,RWASGVSEI,160.55959478320034,0.2456249999999997,0.05289237585384399,0.39600869590949345,1.0677717391302934
HLA-A2403,RVLENTHIF,132.26041579914613,0.2168749999999998,0.8073100671172142,0.9194902965981936,0.0918750000000017
HLA-A2403,NTDEIPELI,7353.0133762070855,1.7227499999999991,0.08755593548994511,0.017738348781614243,13.500896739130425
HLA-A2403,PAASAIFDV,26336.251669532743,13.87225,0.0037829265638720244,0.0038731126169479356,99.28660326086957
HLA-A2403,YQTYVSPGA,26295.998550976332,13.87225,0.3281887657940388,0.0121219603054993,18.61798913043478
HLA-A2403,KQLDIQYLK,11776.744547427956,2.5772499999999985,0.47895463556051254,0.04365365835359219,5.788070652173886
HLA-A2403,PTKCGENLY,27612.785696658673,18.76925,0.042659303988330066,0.00424295589580969,62.74467391304348
HLA-A2403,WAPEGDIRL,11720.786893255872,2.5772499999999985,0.2580322162248194,0.020555465723704886,11.6303260869565
HLA-A2403,ADLRFASEF,18148.358288025884,4.694999999999999,0.456295857205987,0.026933864259017136,9.15535326086956
HLA-A2403,LIPDGDGEV,15225.457051126972,3.5527499999999987,0.02517935734067578,0.007090856245554853,31.643179347826077
HLA-A2403,LIPDGDGEV,15225.457051126972,3.5527499999999987,0.024100712340441532,0.007064037175262069,31.643179347826077
HLA-A2403,GPRRAAWRI,26345.64353576209,13.87225,0.12754892301745713,0.005986389698474084,46.224673913043475
HLA-A2403,ALYWALMES,30639.005414994812,40.202125,0.034699657873716205,0.003730701808337137,99.28660326086957
HLA-A2403,TQIPRQMVL,6651.687335244303,1.5932499999999994,0.5441709868609905,0.09102382818716004,3.132635869565135
HLA-A2403,VMLDWGIEL,1498.5028057326203,0.7277499999999979,0.07690661097876728,0.07538768666044694,3.599483695652097
HLA-A2403,EFFGWAEGY,10846.913838533821,2.3653749999999985,0.31044972874224186,0.026515947160002818,9.15535326086956
HLA-A2403,MRDLRQHEV,15939.319665862717,3.784499999999999,0.18129785638302565,0.011728065528206036,20.2322554347826
HLA-A2403,FPASHMATY,22796.66455222055,8.001624999999999,0.7684835717082024,0.06273721934045884,4.213478260869522
HLA-A2403,DEISLLLAS,30258.355296325273,36.4885,0.08248335958342068,0.004468549262261941,62.74467391304348
HLA-A2403,KELKETLLH,27482.849384600326,17.572125,0.1794388764537871,0.00689720686157861,37.35904891304347
HLA-A2403,GIADFIIFK,19912.03960364159,5.566125,0.9533676579594612,0.12803440905868393,2.4772826086955604
HLA-A2403,QTDNDIWFW,10341.736671963248,2.268874999999998,0.7358241006731987,0.11387274850416317,2.676956521739058
HLA-A2403,KTFEWGVFY,13474.77160188366,2.9962499999999994,0.89609095454216,0.14908639489686484,2.241521739130363
HLA-A2403,MAMTGLPQA,19995.85189078943,5.699,0.246519573032856,0.01185065275647831,20.2322554347826
HLA-A2403,EVIRATYPS,29818.792156558276,33.1835,0.31538753490895033,0.01027255882208518,22.19230978260869
HLA-A2403,MLHHYGIHY,18598.239648219474,4.895749999999999,0.1630219512153417,0.009485181748820258,24.57923913043477
HLA-A2403,AMITYITRK,21256.8622632309,6.643249999999999,0.6727596037089825,0.048579174859128424,5.2477717391304
HLA-A2403,FTARIIIFS,29173.280745439562,27.69475,0.07867373013868928,0.004567465390592145,62.74467391304348
HLA-A2403,SYSTPALTL,33.86900676477646,0.020625,0.3735028663650155,0.9023685663587833,0.11815217391306021
HLA-A2403,MYLRTIYDL,42.8089738676632,0.045875,0.22395943105220795,0.8126287666821409,0.2589673913043242
HLA-A2403,FYKRKAMAW,300.6341681248411,0.3506249999999991,0.15610478725284338,0.3393469818953063,1.2300815217389953
HLA-A2403,FYKRKAMAW,300.6341681248411,0.3506249999999991,0.15610478725284338,0.3393469818953063,1.2300815217389953
HLA-A2403,FPGTGSEFV,24652.564187615906,10.392749999999998,0.02375144319375977,0.004429663858569419,62.74467391304348
HLA-A2403,DYVPTNKWV,8811.312761644896,1.9672499999999988,0.08677517645992339,0.01488162579224929,16.15755434782608
HLA-A2403,VYERQPCWY,7461.059183059867,1.7352499999999988,0.31208800338208675,0.03791067349129038,6.63130434782606
HLA-A2403,RMLPKLAEF,74.10943388920136,0.1222500000000001,0.6332249194383621,0.915455436754502,0.09788043478259567
HLA-A2403,LYGLITEQF,29.07640776404211,0.00925,0.7810128554701805,0.9784131802333181,0.00964673913044578
HLA-A2403,NPLEIYQEI,14033.236349510007,3.165624999999999,0.6594070047140121,0.06794779554521914,3.946249999999935
HLA-A2403,TTSDFFVNY,17477.388225773564,4.352624999999999,0.7588881775736809,0.07728190736634954,3.526929347825998
HLA-A2403,MGMEQTMSV,12716.632225032849,2.812624999999999,0.03499047108925879,0.008730012976861658,27.61739130434782
HLA-A2403,EMADYIFFV,7293.603978270604,1.7114999999999991,0.7267430201172829,0.14871412421766697,2.241521739130363
HLA-A2403,NLFEIEWEE,25038.23702746964,11.36325,0.06612996640615165,0.005065974551636314,46.224673913043475
HLA-A2403,YYKKTFSAL,51.05609371973489,0.069625,0.4423866719007492,0.8878410960343452,0.14184782608695912
HLA-A2403,LYVAGVPEL,36.35269724372499,0.02725,0.7372494265437126,0.968993623785038,0.020081521739157893
HLA-A2403,DELWRGLLA,28631.724598325625,23.412625,0.6354667209088802,0.03242032796793303,7.558260869565203
HLA-A2403,ISKANWMTY,19250.410949315352,5.211249999999999,0.48152401112020016,0.027785269246698125,8.839293478260856
HLA-A2403,RGRKPIFRK,23906.996399543095,9.229,0.05136717559071258,0.005029192287042921,46.224673913043475
HLA-A2403,DEVVYTHGA,28526.073323295583,23.412625,0.7659308388829231,0.05065077116496535,5.054048913043445
HLA-A2403,TTADHMHML,4997.966361630065,1.338749999999999,0.5807094685733318,0.13075853184200523,2.437581521739034
HLA-A2403,DWMERIEDF,581.8067275487116,0.4787499999999989,0.19794642832130194,0.23875909276853174,1.622608695652076
HLA-A2403,AETESATLF,18778.049383881185,5.001624999999999,0.33570736553519964,0.017177017057972227,13.500896739130425
HLA-A2403,SQLVSTAWA,26669.329107029163,14.672125,0.0058262991879018955,0.003853954068625963,99.28660326086957
HLA-A2403,GHLAASVTL,9406.22447151911,2.0748749999999987,0.5678207036107779,0.07215174318147394,3.720108695652101
HLA-A2403,PEDDGTDWF,20199.55942058919,5.838875,0.006614856320084073,0.005056001895386713,46.224673913043475
HLA-A2403,TEFFMSRKL,23983.270372309824,9.590125,0.44063135725446045,0.019583673619798073,12.187228260869546
HLA-A2403,YLQAKSQVL,10086.895875827424,2.2217499999999992,0.20120585663244128,0.019472421044083702,12.187228260869546
HLA-A2403,EVVGSYIRY,24158.558910115917,9.590125,0.9489830136299133,0.10700162896265673,2.7954347826086234
HLA-A2403,VYFVLTDRF,30.064519481113603,0.01125,0.8100871592760086,0.9798512101021479,0.008423913043486664
HLA-A2403,YTFCRLNVK,24660.705348176678,10.392749999999998,0.06657224672380835,0.005148913975736237,46.224673913043475
HLA-A2403,RFNNLTVYF,37.96548863573038,0.0315,0.6010905392467976,0.948736484310056,0.04951086956523909
HLA-A2403,AFDIASVFF,237.47393401366742,0.3119999999999993,0.9575695469975471,0.9167174871901576,0.09619565217391823
HLA-A2403,RMLPKLAEF,74.10943388920136,0.1222500000000001,0.6332249194383621,0.915455436754502,0.09788043478259567
HLA-A2403,EVPAQYLTY,21445.817680229437,6.643249999999999,0.6865993067622185,0.050479431955153566,5.054048913043445
HLA-A2403,MHYKLDEVL,6600.794023511764,1.5932499999999994,0.46749128587543964,0.07142258070822652,3.7645923913042765
HLA-A2403,TGIVSSMHY,26705.474133144256,15.543125,0.0905327764339745,0.005186958465133895,46.224673913043475
HLA-A2403,HLSGWELAK,21914.44309034752,7.044499999999998,0.03222578304121271,0.0051139989366521055,46.224673913043475
HLA-A2403,GIVSSMHYK,24145.62584898302,9.590125,0.3104638899676502,0.012365725860147381,18.61798913043478
HLA-A2403,KRLQILGYL,12744.890637553777,2.812624999999999,0.074331738287583,0.009999387767610527,24.57923913043477
HLA-A2403,ARVAASLAK,25783.65550866403,12.51075,0.1518568456522189,0.006657619884206506,37.35904891304347
HLA-A2403,DEMVCKWLL,18056.615635632188,4.602374999999999,0.22062002774327993,0.011938264186371707,20.2322554347826
HLA-A2403,DETFVHSGF,23083.395053877273,8.277499999999998,0.9216422960162163,0.10208637104586298,2.8906521739129545
HLA-A2403,VEIKTGFKL,16090.235217723684,3.843624999999999,0.5383963324129581,0.039938132090088015,6.327092391304319
HLA-A2403,TPVMSRFAA,28715.54930580344,23.412625,0.36801320873200893,0.012803671812434492,18.61798913043478
HLA-A2403,TPSHYSGNI,25190.348108715094,11.36325,0.021491988802154083,0.004303781699077828,62.74467391304348
HLA-A2403,LSDAIFDDL,15395.238319022399,3.607999999999999,0.15376661927439272,0.011012546431597431,20.2322554347826
HLA-A2403,LSDAARLFL,11893.8847589163,2.6099999999999985,0.5630694441497326,0.057386999310920894,4.519266304347795
HLA-A2403,SMHYKLDEV,16490.825083733827,3.979125,0.2749371565878391,0.015739672988845474,15.160951086956516
HLA-A2403,KLINTLFHA,18603.71886861192,4.895749999999999,0.19867671187967062,0.01074375187907524,22.19230978260869
HLA-A2403,ETRSFTTHF,8496.126502131236,1.9174999999999989,0.7728060856461525,0.150589398442442,2.222146739130366
HLA-A2403,TSACGIFLK,19464.594904652855,5.324624999999998,0.36284628696739674,0.018240255271280217,12.805461956521725
HLA-A2403,HAETESATL,21967.093940212817,7.267624999999999,0.39855807926505804,0.01839976302247712,12.805461956521725
HLA-A2403,ETESATLFT,30742.683978258436,44.351625,0.02608407591469586,0.0036072864181249673,99.28660326086957
HLA-A2403,NMDKAVKLY,20796.405214104063,6.29325,0.6056923530995846,0.039514094629481855,6.327092391304319
HLA-A2403,GLSFLNPEK,23778.155200781755,9.229,0.10368254990316927,0.006077254806571767,37.35904891304347
HLA-A2403,DLEKYNLAF,18212.884010213926,4.694999999999999,0.025107419001869857,0.005963504284926729,46.224673913043475
HLA-A2403,SFVTDLEKY,4799.039659479216,1.305624999999999,0.45761376805603504,0.09192571815665591,3.1065489130433974
HLA-A2403,YSGNIVHRY,20514.968893350313,5.981625,0.4195282459259033,0.021119359857126388,11.115788043478247
HLA-A2403,FPSNMMVVT,30181.537279370397,36.4885,0.2596346349455416,0.008351234361985762,27.61739130434782
HLA-A2403,FIKDRATAV,18639.93781268681,4.895749999999999,0.3832733742892742,0.020404357364660803,11.6303260869565
HLA-A2403,WTIGNRAPY,23646.54324217575,8.88375,0.34542329609394073,0.014253384078776389,16.15755434782608
HLA-A2403,YLEGTRTLL,9659.940642934365,2.1339999999999986,0.32629711367189884,0.03123472542559063,7.778097826086963
HLA-A2403,PQVLGGLSF,8752.613149197537,1.9672499999999988,0.04123805568087846,0.012776888668382634,18.61798913043478
HLA-A2403,LVRDITESL,11107.452466447196,2.4382499999999983,0.481165561825037,0.04643402516098504,5.44942934782604
HLA-A2403,MPIAAAIGT,27925.44469438631,20.139375,0.1248054844327271,0.005604661914736887,46.224673913043475
HLA-A2403,LMRTNFLIK,22731.627993576232,8.001624999999999,0.04356822511181235,0.005137295325793764,46.224673913043475
HLA-A2403,FRLMRTNFL,14603.39076749745,3.352624999999999,0.653442520648241,0.06425781844418862,4.102010869565163
HLA-A2403,HAEQGLIQY,26975.26160351769,16.504375,0.4318385301157832,0.016980103322069656,14.277038043478257
HLA-A2403,TTEANAGQF,17548.638929951638,4.433874999999999,0.026431581820361316,0.006210141869418836,37.35904891304347
HLA-A2403,EAEKQLQQY,27444.51047173136,17.572125,0.0903252245625481,0.005048226426042151,46.224673913043475
HLA-A2403,TVLDHILQK,15394.937735760008,3.607999999999999,0.9422157406806946,0.15342428819545545,2.1923369565216575
HLA-A2403,GEYAPFARL,20918.750959239238,6.29325,0.8208825215697289,0.08053434476879458,3.4218749999999147
HLA-A2403,TVAPPAPVY,17400.150329517684,4.352624999999999,0.7782050706446171,0.08262409252267043,3.358777173912955
HLA-A2403,HQKKNEISF,8392.286031269394,1.9031249999999988,0.7576759457588196,0.1453468131441211,2.2710054347825377
HLA-A2403,HPLARTAKV,22992.393276492912,8.277499999999998,0.3772158594802022,0.016356005270872834,14.277038043478257
HLA-A2403,LRKERLAKL,12782.747906925742,2.846499999999999,0.067900046473369,0.009748757300008978,24.57923913043477
HLA-A2403,GHMMVIFRL,4161.130365832261,1.2018749999999985,0.5218578930944204,0.1273608079385861,2.4772826086955604
HLA-A2403,RFNAIWFNH,17106.411104123556,4.196249999999999,0.3941889237612486,0.022991359390180367,10.655842391304333
HLA-A2403,GSGDDTWLI,17508.74581784982,4.433874999999999,0.004562328977044672,0.005763056356722239,46.224673913043475
HLA-A2403,FWAWSVLRV,5240.6385288733645,1.371499999999999,0.20924122328869998,0.03716103633696654,6.63130434782606
HLA-A2403,RTGDIGCFK,20644.236728242304,6.131125,0.4876280091702938,0.02656141269805015,9.15535326086956
HLA-A2403,STHMENILK,24056.96416948364,9.590125,0.3505745744332671,0.014274633035276941,16.15755434782608
HLA-A2403,AIPYFYKGK,26618.017041281146,14.672125,0.297954635694623,0.010778811272351037,22.19230978260869
HLA-A2403,AIPYFYKGK,26618.017041281146,14.672125,0.3002946227788925,0.010867447564477346,22.19230978260869
HLA-A2403,RTRFFCIPK,21255.76439265535,6.643249999999999,0.3044607015326619,0.013683311305899391,17.305597826086952
HLA-A2403,AYGSRFHEW,41.29169863006386,0.041375,0.8756719008088112,0.9782909547192372,0.00964673913044578
HLA-A2403,ETDVMTRGQ,30580.84513152471,40.202125,0.0478436965495348,0.003914793168731752,99.28660326086957
HLA-A2403,LIFPAFFLC,17064.29566814051,4.196249999999999,0.008641338703455403,0.0059933111386048805,46.224673913043475
HLA-A2403,VVYMDMGVR,28095.1246497286,20.139375,0.02060774399433285,0.0038605197486419615,99.28660326086957
HLA-A2403,ETACLGKAY,28714.877424193,23.412625,0.7140600737184286,0.0422591788977566,5.913749999999965
HLA-A2403,SSLRYGNVL,18514.199893486377,4.895749999999999,0.12301557557657361,0.00827963245768419,27.61739130434782
HLA-A2403,HQIWLALRY,22355.89272668696,7.500124999999999,0.7375881411135197,0.05762993773782575,4.519266304347795
HLA-A2403,HSYLWDHQM,14994.878311866732,3.4538749999999987,0.6905456930398941,0.07090580226362744,3.80744565217384
HLA-A2403,ASDRISGIL,22347.656525358932,7.500124999999999,0.24969984870404005,0.010769494046532484,22.19230978260869
HLA-A2403,ILTRLALFF,3879.1652750962503,1.1493749999999985,0.07331179082393646,0.03096762973291867,8.01565217391304
HLA-A2403,YLKKWLNSF,694.8188747167167,0.5172499999999988,0.4369373004883528,0.3807557020672046,1.1085597826085376
HLA-A2403,ESAERLKAY,28203.285257495867,21.674125,0.2831544540822506,0.00968069661110527,24.57923913043477
HLA-A2403,VLLGRLNKC,21073.25869010798,6.463374999999999,0.014786553620069753,0.004994907510543661,62.74467391304348
HLA-A2403,LFPELECFF,61.214967881563076,0.0935,0.2517869593575597,0.7717539003884891,0.32350543478260363
HLA-A2403,LQPSDTLLF,518.0482675299476,0.4567499999999988,0.04481102409772575,0.1695861931257628,2.0511684782608057
HLA-A2403,KYTSGRQEK,17702.154390574487,4.518624999999998,0.001092371629056288,0.005633046554935017,46.224673913043475
HLA-A2403,RYTRRISLF,39.3342396466478,0.036,0.41893929056823254,0.9037212965654154,0.11682065217391369
HLA-A2403,KYLLNVSYL,35.08870025560079,0.024,0.5945835448801517,0.9512777499899856,0.045163043478282816
HLA-A2403,NYNGLLSSI,58.169936000321066,0.088625,0.25641319062560797,0.7831589229155631,0.3040760869564849
HLA-A2403,WFQRIPLQW,254.50497592155963,0.3221249999999993,0.12225065706297755,0.34883046933505785,1.2019836956520606
HLA-A2403,YYGKTPMQI,44.88775943043509,0.0535,0.42200668156147003,0.8930078880114621,0.13171195652175527
HLA-A2403,YVPTEFWGF,356.11785509397964,0.381749999999999,0.4973613116890192,0.5930741270297704,0.6294836956520982
HLA-A2403,AYFLEAQEM,165.90758444867606,0.2511249999999996,0.8060241043567657,0.9012086543271872,0.11961956521740547
HLA-A2403,ALMRWRHPR,19517.064569155224,5.440874999999999,0.743600394576788,0.06653513150343475,3.996902173913
HLA-A2403,WSFLEDRVY,28979.301818177886,25.4075,0.19346929574385285,0.006884482241912784,37.35904891304347
HLA-A2403,RPPGCTFPA,21732.553948904908,7.044499999999998,0.010750904737506062,0.004779960641471323,62.74467391304348
HLA-A2403,SFGAGTLAK,15229.74575031539,3.5527499999999987,0.28984198439866304,0.017885878871089233,13.500896739130425
HLA-A2403,VPRVHNQPQ,29220.402959621973,27.69475,0.030317242490127683,0.0038459619594783255,99.28660326086957
HLA-A2403,LLQGVPFHV,12122.897983947089,2.6748749999999992,0.2975065712817013,0.022821658090125454,10.655842391304333
HLA-A2403,EYSYYSSMY,7519.73976178697,1.7498749999999992,0.44681575149297714,0.05925621700984684,4.391929347826036
HLA-A2403,KTMVAFIRK,22196.242558696416,7.500124999999999,0.7832345813512802,0.06749057925315571,3.946249999999935
HLA-A2403,YLKKWLNSF,694.8188747167167,0.5172499999999988,0.4278277512639761,0.37318605474617483,1.1307065217390004
HLA-A2403,QSYEFLGLK,22336.715656299537,7.500124999999999,0.09441381483338773,0.006248434544384695,37.35904891304347
HLA-A2403,RVRIERGPR,25490.750267949275,11.912125,0.27282168809324503,0.010290134198020095,22.19230978260869
HLA-A2403,VMGGNAAEA,23961.789142910173,9.590125,0.002791777857055422,0.004229033662013022,62.74467391304348
HLA-A2403,VTDGGEVGE,23255.50651196453,8.570374999999999,0.029655379010364413,0.004785177815671012,62.74467391304348
HLA-A2403,WMQELRAGA,27059.71523825943,16.504375,0.01740524596243631,0.003958427919682337,99.28660326086957
HLA-A2403,GYQHKTLAI,147.17809434520723,0.2327499999999997,0.15276489034295082,0.5039417086249658,0.8127173913042185
HLA-A2403,AYLLQHLDL,121.82291370667215,0.2019999999999999,0.647076915949583,0.8752683199817171,0.16092391304347586
HLA-A2403,RYICPVQQI,39.748595391230374,0.03725,0.5640834234654903,0.939495976033541,0.06312499999999943
HLA-A2403,HVPTRGTAM,4331.38435808382,1.2319999999999984,0.10941194952465594,0.03159238625838517,7.778097826086963
HLA-A2403,RMMGKNIFY,6204.746136771701,1.5242499999999994,0.600567739456892,0.11566937947952112,2.6465760869564434
HLA-A2403,RPPEVDGNR,22971.277338515058,8.277499999999998,0.024228613823652267,0.004750748679789919,62.74467391304348
HLA-A2403,LAEQFSGEY,29131.84894629041,27.69475,0.23638447374105453,0.00796392580555314,31.643179347826077
HLA-A2403,PTDYMSSKL,23108.047075996285,8.277499999999998,0.07053482934134081,0.005559788891132912,46.224673913043475
HLA-A2403,CYDLMSFLE,18092.901813877073,4.694999999999999,0.023441477736923844,0.005966622608616461,46.224673913043475
HLA-A2403,DAYGFHNYK,22695.427089728135,8.001624999999999,0.8206425458192825,0.07480357903491008,3.6391847826086234
HLA-A2403,ESDKGSSQS,30547.015099948698,40.202125,0.013802597793983296,0.0034758408396154813,99.28660326086957
HLA-A2403,KWFNNEKGF,100.37685186334068,0.1701249999999999,0.09916083357529715,0.5493036058883345,0.7190489130433662
HLA-A2403,GYAWIDFDI,859.2164830741056,0.5694999999999987,0.03460306262422819,0.10753811101992843,2.778451086956437
HLA-A2403,FMSLQSGDV,24287.55883852127,9.973249999999998,0.0015158465921558673,0.004155430638667401,62.74467391304348
HLA-A2403,VLLGRLNKC,21073.25869010798,6.463374999999999,0.014786553620069753,0.004994907510543661,62.74467391304348
HLA-A2403,HYDAPVFPI,96.21425956030009,0.16475,0.13158892188221216,0.587522501334423,0.6407608695651419
HLA-A2403,FWPQHFGLI,123.64564628422947,0.2051249999999999,0.26989357999991626,0.6455227489299308,0.5327717391303821
HLA-A2403,LYAVTTAVL,61.92851576398817,0.095,0.43228260334581137,0.8636098068278655,0.17929347826085973
HLA-A2403,SYHDRRWCF,34.635293429038846,0.022375,0.6130004683509469,0.9547594278249004,0.04116847826088588
HLA-A2403,KWGKKIILF,42.440290804892186,0.045875,0.13999136351048946,0.7646769922063894,0.3351902173912862
HLA-A2403,SFHIIEWLF,46.86057193578026,0.058625,0.3863225094974041,0.8758610246316265,0.16092391304347586
HLA-A2403,CPTLKKGFL,25441.95837564095,11.912125,0.03427127143368125,0.004458886087548402,62.74467391304348
HLA-A2403,SVMSTFFWE,27828.702760909113,18.76925,0.11959971184842288,0.0055214176271202835,46.224673913043475
HLA-A2403,FHKKRVEPL,10714.153530227408,2.3417499999999984,0.03564926296530757,0.010318420702675088,22.19230978260869
HLA-A2403,YRGEYRQSR,27382.48563215947,17.572125,0.006411668487999123,0.0037645452501315927,99.28660326086957
HLA-A2403,SKLRALLTL,16897.401656934544,4.119624999999999,0.34449621057137847,0.019584174084428026,12.187228260869546
HLA-A2403,LESLTDREL,25011.948865849812,11.36325,0.14493319881148636,0.006690900101056843,37.35904891304347
HLA-A2403,LANPTADDF,11007.487508302285,2.4136249999999984,0.10063905315473676,0.012620317993948237,18.61798913043478
HLA-A2403,WQQWDRQSL,19783.652137144534,5.566125,0.061713199596852064,0.006262108724618542,37.35904891304347
HLA-A2403,MFVSNRWFL,64.41840982765943,0.102,0.09573404071852565,0.6494356206337505,0.5263586956521351
HLA-A2403,MHCDFAFWV,8028.202194391431,1.8339999999999992,0.261271400609985,0.029746820321164498,8.269211956521715
HLA-A2403,FHHRIRCKL,7902.886343192827,1.8034999999999992,0.06807703769300133,0.015472469385602245,15.160951086956516
HLA-A2403,MSADNAGAL,16752.63038808562,4.119624999999999,0.007919427414890379,0.006085458615114509,37.35904891304347
HLA-A2403,ELQENITAH,28269.243251781256,21.674125,0.5826088413596153,0.027367392014005607,8.839293478260856
HLA-A2403,QYQYLSILF,38.068562693431176,0.032,0.7767946049571037,0.971727392782778,0.017663043478293616
HLA-A2403,TTRAVNMEV,23764.508030727273,9.229,0.16567403636872768,0.007560604193234119,31.643179347826077
HLA-A2403,SQFNHWFGE,24763.81703440342,10.853875,0.2589308728929609,0.010078008187173075,22.19230978260869
HLA-A2403,NVMDPMHGA,23915.151513849112,9.229,0.7411234751343727,0.05481907067227164,4.732201086956479
HLA-A2403,EKLKKKSAF,23372.49933879754,8.570374999999999,0.05613919789902866,0.005227366210988483,46.224673913043475
HLA-A2403,EFVSANLAM,9903.993173896495,2.1767499999999997,0.19286769768223166,0.019249779704667867,12.187228260869546
HLA-A2403,LVTGAGSGF,14033.507970095636,3.165624999999999,0.04073092038743198,0.008101078615250851,27.61739130434782
HLA-A2403,LVTARQKLK,27021.600971030726,16.504375,0.006323420748231001,0.0038120006716968716,99.28660326086957
HLA-A2403,RQKLKDAEK,24402.151667048576,9.973249999999998,0.016499295365065336,0.004360780207618087,62.74467391304348
HLA-A2403,KKSAFYQSY,25832.810212898203,13.161375,0.7318459488451481,0.04949664094619108,5.149211956521697
HLA-A2403,SPVMGVIGF,14316.971779106416,3.257499999999999,0.4294521138072014,0.030718112799085675,8.01565217391304
HLA-A2403,VSSHKGWAK,25140.580865050888,11.36325,0.01569815128459595,0.004224897186661818,62.74467391304348
HLA-A2403,LKEKSSLRY,29927.727922580285,33.1835,0.36024486273527145,0.011976210500907714,20.2322554347826
HLA-A2403,WLYDLWGQL,8977.104971958315,2.0011249999999987,0.005842027050675824,0.011018570390127956,20.2322554347826
HLA-A2403,TVAHQVCPY,25148.834834136887,11.36325,0.014109924581134692,0.004199988274414259,62.74467391304348
HLA-A2403,ETALPQDSY,28218.278542154774,21.674125,0.5801877416670322,0.02718661302935179,8.839293478260856
HLA-A2403,LPLESCFGV,20746.95732206886,6.131125,0.12984366295859218,0.007599202257130717,31.643179347826077
HLA-A2403,IQIQATETA,26286.829084527784,13.87225,0.19442202197387815,0.007588636123875007,31.643179347826077
HLA-A2403,SYMSTFPLF,19.60243859082138,0.0,0.8663425967097282,0.9889993061578786,0.001385869565197595
HLA-A2403,FSFFMNENF,2908.0712625161636,0.9956249999999977,0.3080385187640786,0.08842766510068654,3.1845108695651163
HLA-A2403,RYPRSVLTF,24.416321559086033,0.0025,0.8053585216403008,0.983203715735888,0.0045108695652231745
HLA-A2403,ETKKTMLAL,20245.97075852595,5.838875,0.24282049108296633,0.011559583019452502,20.2322554347826
HLA-A2403,LQYNTFLQY,13148.25735412452,2.918,0.4028748366981745,0.03038294241291423,8.01565217391304
HLA-A2403,RKLTNPANK,27400.461102870824,17.572125,0.13279539458744694,0.005871058233709276,46.224673913043475
HLA-A2403,YRRKLTNPA,29174.503570791905,27.69475,0.016969925127341412,0.0036747975066483826,99.28660326086957
HLA-A2403,YTVRGTGKY,24509.88396797117,10.392749999999998,0.21867321024183184,0.008839068165441073,27.61739130434782
HLA-A2403,YIYDGKVNY,17975.421802283385,4.602374999999999,0.9610080569982529,0.14282400483481428,2.3018478260868847
HLA-A2403,EILWDVIPF,13047.636631259851,2.8847499999999986,0.016131393000250682,0.007971287085538552,31.643179347826077
HLA-A2403,LAYEHDVPI,14687.027204729648,3.352624999999999,0.09164706990122795,0.009269722655564302,24.57923913043477
HLA-A2403,HKIPDPQGM,25113.59176198256,11.36325,0.5563296303153038,0.027958994850299027,8.839293478260856
HLA-A2403,ELIKELPGY,24462.262682992397,9.973249999999998,0.7439712397754192,0.05420596240720566,4.732201086956479
HLA-A2403,KFFMVHSLK,18207.794448867877,4.694999999999999,0.03971947796526365,0.006279629863563658,37.35904891304347
HLA-A2403,ILMARYMSK,21561.669894345512,6.839624999999999,0.04776258720085025,0.005486782114637302,46.224673913043475
HLA-A2403,SLMSRVVYK,17316.102842620217,4.352624999999999,0.8525528982281685,0.10532021483469602,2.813858695652101
HLA-A2403,KRKLMYVSA,29501.71676947839,30.271625,0.2309886021539569,0.00772005569915497,31.643179347826077
HLA-A2403,RRAYSGKQY,26516.754579647935,14.672125,0.12449071533046663,0.00588543898510455,46.224673913043475
HLA-A2403,GHFPLQHAL,3767.0071461205994,1.1363749999999984,0.577086191624403,0.16349667685807867,2.1033695652173208
HLA-A2403,TEDQGHFPL,19060.656233879392,5.107874999999999,0.38851804193109274,0.02034200526773951,11.6303260869565
HLA-A2403,VVDALRNIY,23148.165446303537,8.277499999999998,0.49815716594457626,0.02471494700143072,9.849456521739114
HLA-A2403,NTIEELSGY,25438.52149203493,11.912125,0.2548162443563342,0.009680255617367212,24.57923913043477
HLA-A2403,RIYDPLWFQ,26349.50470735447,13.87225,0.32740385830402374,0.012065191862357159,18.61798913043478
HLA-A2403,MSRKLHRYI,12989.506450688517,2.8847499999999986,0.013817778322845697,0.00794091089212652,31.643179347826077
HLA-A2403,APDGFYPFK,23781.81904998973,9.229,0.31909685413120314,0.012931255877272911,18.61798913043478
HLA-A2403,IRFKDDSSF,12731.126543460028,2.812624999999999,0.5613470822572708,0.05360545203051508,4.807092391304323
HLA-A2403,WLGHPFTPV,18254.148238959828,4.694999999999999,0.016172455885680392,0.005766384230769158,46.224673913043475
HLA-A2403,LSHCWPWFK,21221.846790346353,6.463374999999999,0.1437278315424919,0.007806642487729667,31.643179347826077
HLA-A2403,YYLEKANKI,31.934997249904235,0.0155,0.9512817561626434,0.9869417835774635,0.0024999999999977263
HLA-A2403,DYDDVVHEV,536.5019407727162,0.4618749999999988,0.40053368965163827,0.409999107105037,1.0313586956520453
HLA-A2403,GLKISLCGI,21207.823965838128,6.463374999999999,0.02317701664287597,0.00511308893796018,46.224673913043475
HLA-A2403,GLYNRHRGR,27156.374238328874,16.504375,0.06593767218873836,0.004680347495826444,62.74467391304348
HLA-A2403,TRAPAPFPL,13122.92849846189,2.918,0.11523102642968297,0.011218958205090602,20.2322554347826
HLA-A2403,SQLPPACPV,15640.877065843208,3.665624999999999,0.014951634191675112,0.006665199331938111,37.35904891304347
HLA-A2403,EVIPMFSAL,13092.006666933994,2.918,0.7867662534117699,0.10903873211225046,2.7600543478259993
HLA-A2403,WLAGFEPSE,28214.640610691888,21.674125,0.02059544387157075,0.0038445286567994922,99.28660326086957
HLA-A2403,WAIQCYTGV,21807.569798727858,7.044499999999998,0.005464683341415366,0.004676201389133027,62.74467391304348
HLA-A2403,YLKKLDDFY,23425.04249994817,8.570374999999999,0.07983682351186872,0.005669647214148229,46.224673913043475
HLA-A2403,GTVPTDNPF,13685.019346591305,3.0774999999999992,0.032609277055598795,0.008066522018830636,27.61739130434782
HLA-A2403,KLWIWIGSQ,29047.724803858535,25.4075,0.10304856207221746,0.004997596392759426,62.74467391304348
HLA-A2403,DLAQDPMLI,19558.860547993834,5.440874999999999,0.0615669721737504,0.006328309695629535,37.35904891304347
HLA-A2403,VLQQIFHSS,27062.987181665118,16.504375,0.06985962262842804,0.004761265681359869,62.74467391304348
HLA-A2403,VDFKTPGTY,26711.622233140184,15.543125,0.22660124767571688,0.008365793812956646,27.61739130434782
HLA-A2403,RTFDRFFEE,25453.123118828174,11.912125,0.7254465594887733,0.04910952028133456,5.149211956521697
HLA-A2403,IEAKINVAD,28891.40115065443,25.4075,0.022135985200293362,0.003777810588875927,99.28660326086957
HLA-A2403,GGHGGSTFK,23305.236068852195,8.570374999999999,0.01665419084019959,0.004561598019621483,62.74467391304348
HLA-A2403,AMEGGTTKA,27093.27849068421,16.504375,0.009583899634890258,0.0038461884238513377,99.28660326086957
HLA-A2403,VLNHYTPEY,18848.01400111172,5.001624999999999,0.554846927523613,0.03643447569064674,6.792608695652163
HLA-A2403,PLTNQRYRV,26700.699916543097,15.543125,0.006856463594886009,0.00386357503324839,99.28660326086957
HLA-A2403,WILTHTLYR,22723.501577284173,8.001624999999999,0.0392988168168813,0.005062414785763074,46.224673913043475
HLA-A2403,ATIMPHNLY,25665.057330031206,12.51075,0.43728851433843374,0.018146919159516925,12.805461956521725
HLA-A2403,HFIYHKREK,21672.37218157576,6.839624999999999,0.08450191223528236,0.006212886970359696,37.35904891304347
HLA-A2403,TEDDWITYI,13018.917488284966,2.8847499999999986,0.45664821472018957,0.036856864714205004,6.792608695652163
HLA-A2403,MARPADASM,18229.732716845723,4.694999999999999,0.19870521500706673,0.01095653327237381,22.19230978260869
HLA-A2403,SSYRMGINK,25822.953753593774,12.51075,0.5157972695305943,0.023680813825706453,10.231983695652161
HLA-A2403,SQRVEFLEY,21083.17347241734,6.463374999999999,0.827974945306778,0.08183890771791036,3.3897826086955547
HLA-A2403,KLWASFFQG,21783.75847510681,7.044499999999998,0.27379378071054816,0.012007570166785686,20.2322554347826
HLA-A2403,RAFWGQVQK,21997.471141066955,7.267624999999999,0.8621678799390793,0.08803419499417256,3.2120380434781595
HLA-A2403,AYQPTRWFI,41.54307789908655,0.042875,0.7810916677117348,0.9697500976076505,0.020081521739157893
HLA-A2403,CTWPEASRY,25943.007785891863,13.161375,0.21076837927103043,0.008139436709248554,27.61739130434782
HLA-A2403,RVCAEMVAK,22845.564490256296,8.001624999999999,0.25778262969106436,0.01084640201255322,22.19230978260869
HLA-A2403,IHAEFQASL,4172.640035764804,1.2018749999999985,0.7316228523850441,0.23415337323789073,1.6471467391303207
HLA-A2403,AEMVAKYDL,24983.119744020994,10.853875,0.7202764600515366,0.049100726136212254,5.149211956521697
HLA-A2403,SPKIDRGWV,29529.38248677212,30.271625,0.22429320542141795,0.007533875127598991,31.643179347826077
HLA-A2403,KYYIYRLYF,50.0099750513017,0.067375,0.6118682101368904,0.9363525684676747,0.06706521739131688
HLA-A2403,ATAAATEAY,25238.400401882995,11.36325,0.45727044250816107,0.019763468521176695,12.187228260869546
HLA-A2403,QYEKDPDEL,1106.4922313716602,0.6392499999999984,0.006432857255276758,0.0786022152299201,3.487608695652085
HLA-A2403,GYLNACGHF,43.24776553453464,0.047375,0.11622674250975251,0.7457561170353434,0.3639130434782345
HLA-A2403,GWGNGCGLF,289.27111688586746,0.3444999999999992,0.00344997487263754,0.23705529941618914,1.6326630434781606
HLA-A2403,HVPTRGTAM,4331.38435808382,1.2319999999999984,0.10941194952465594,0.03159238625838517,7.778097826086963
HLA-A2403,RYNCKCCWF,70.68444070902596,0.115125,0.014303553962236037,0.5592899581347222,0.6972554347825053
HLA-A2403,TYQWIIRNW,66.42067576551823,0.107,0.7768231518566608,0.95242068331806,0.04407608695653664
HLA-A2403,RPLLARMPE,29691.82954523628,30.271625,0.013130249921232462,0.0035642387413540554,99.28660326086957
HLA-A2403,AYPKWKFFL,33.699470017537,0.01975,0.914529412984848,0.9843716964044145,0.003722826086956843
HLA-A2403,YIALGRARV,24996.207394574467,10.853875,0.02065484647755511,0.004323337652504405,62.74467391304348
HLA-A2403,ITAGYNRYY,24076.851764817853,9.590125,0.3603067062795162,0.01475566096750086,16.15755434782608
HLA-A2403,KTTLFHTFK,23278.04920494673,8.570374999999999,0.177449862472713,0.008038350533361688,27.61739130434782
HLA-A2403,PLWESATEV,21523.78212127584,6.839624999999999,0.01661209439043887,0.004925373771326125,62.74467391304348
HLA-A2403,FYLPNIVDY,216.7291030144374,0.2956249999999994,0.88542640209198,0.9030952974380486,0.11682065217391369
HLA-A2403,NHDGIQAGV,22341.216188424878,7.500124999999999,0.8136189915239811,0.07414390354281669,3.6391847826086234
HLA-A2403,FIIDNFGSV,10329.073920253732,2.268874999999998,0.316646471619606,0.02836860030212721,8.545326086956507
HLA-A2403,IPRACQKSL,18741.55497669876,5.001624999999999,0.284350560978055,0.014390752668871366,16.15755434782608
HLA-A2403,MRNTIMASK,25856.07486580998,13.161375,0.03076053742552176,0.004335850526440337,62.74467391304348
HLA-A2403,ITLFPSYQL,6670.698720438263,1.604999999999999,0.18267116136848927,0.027040597062666014,8.839293478260856
HLA-A2403,LPPVVPPLI,4895.283573254314,1.322374999999999,0.29747627256438136,0.0533416862402934,4.807092391304323
HLA-A2403,VQLPQYFTF,81.95176545881155,0.136875,0.5991803631186485,0.8969681673835633,0.12551630434784045
HLA-A2403,CEALLADGL,24001.757015123858,9.590125,0.021578698127996176,0.0045111040041563915,62.74467391304348
HLA-A2403,EWAENCYNL,530.9913172783063,0.4606249999999988,0.03342806699220091,0.16072986471247105,2.129347826086885
HLA-A2403,IYYLEKANK,15331.86896022711,3.5527499999999987,0.16210441896691918,0.011383520612981124,20.2322554347826
HLA-A2403,MACHRVLTY,16314.260439221003,3.907374999999999,0.5245973244309425,0.03761832715819867,6.63130434782606
HLA-A2403,FPIPTEVVA,27704.568155570283,18.76925,0.8126515597105026,0.06081738804528458,4.329592391304317
HLA-A2403,FTNKLINGY,25213.190876938774,11.36325,0.4628059100359678,0.020165651984612405,11.6303260869565
HLA-A2403,MMWEINGPK,17077.967462639746,4.196249999999999,0.3770743082277477,0.021704029989938204,11.115788043478247
HLA-A2403,NMLREGLSP,28427.959100376353,21.674125,0.027955759462201968,0.003916912599055889,99.28660326086957
HLA-A2403,AFHQLVQVI,594.6380144486027,0.4834999999999988,0.42596738785505295,0.4075949346501963,1.036603260869441
HLA-A2403,VAPMVGGMM,13691.962656697306,3.0774999999999992,0.06517517555039376,0.009038307218694855,24.57923913043477
HLA-A2403,TPVWHVTSA,26048.23848353191,13.161375,0.8696175739169121,0.07757936304609879,3.526929347825998
HLA-A2403,GYLNACGHF,43.24776553453464,0.047375,0.1152062569744885,0.7450709239559761,0.3657336956521533
HLA-A2403,RTGTRLLGR,24145.337384363116,9.590125,0.3117951564490795,0.012423525278277319,18.61798913043478
HLA-A2403,TPVWHVTSA,26048.23848353191,13.161375,0.8718920573592186,0.07815720386589878,3.487608695652085
